isolate_id,host_species,host_type,host_icon,species,gram_stain,family,zoonotic,zoonotic_risk,zoonotic_score,setting,country,host_sex,host_age,prior_antibiotic_exposure,intensive_care_or_farming,esbl,carbapenemase,mrsa,vre,year,Ampicillin,Amoxicillin-Clavulanate,Piperacillin-Tazobactam,Cefazolin,Cefuroxime,Ceftriaxone,Ceftazidime,Cefepime,Meropenem,Imipenem,Ertapenem,Ciprofloxacin,Levofloxacin,Gentamicin,Tobramycin,Amikacin,Vancomycin,Teicoplanin,Tetracycline,Tigecycline,Colistin,Trimethoprim-Sulfamethoxazole,Linezolid,total_resistant,resistance_rate,mdr_phenotype,is_mdr
ISO-00001,Wild Bird,Wildlife,🦅,Escherichia coli,Negative,Enterobacteriaceae,1,High,3,Nature reserve,Portugal,Unknown,2,0,0,0,0,0,0,2019,1,1,1,0,1,0,1,0,0,0,0,1,0,0,0,0,0,0,0,0,0,0,0,6,0.261,Intermediate,0
ISO-00002,Porcine,Livestock,🐷,Salmonella spp.,Negative,Enterobacteriaceae,1,High,3,Abattoir,Spain,Male,2,1,0,0,0,0,0,2021,0,1,0,0,1,0,0,0,0,1,0,0,1,1,0,1,0,0,1,0,0,1,1,9,0.391,Intermediate,0
ISO-00003,Wild Boar,Wildlife,🐗,Salmonella spp.,Negative,Enterobacteriaceae,1,High,3,Research station,Portugal,Unknown,0,0,0,0,0,0,0,2024,0,0,0,0,0,0,0,0,0,0,0,0,1,0,1,0,0,0,1,0,0,1,0,4,0.174,Intermediate,0
ISO-00004,Feline,Companion,🐈,Staphylococcus aureus,Positive,Staphylococcaceae,1,Moderate,2,Home,United Kingdom,Male,2,0,0,0,0,0,0,2021,1,1,0,1,0,0,1,0,0,0,0,0,0,0,1,0,0,0,0,1,1,0,1,8,0.348,Intermediate,0
ISO-00005,Human,Human,🧑,Staphylococcus aureus,Positive,Staphylococcaceae,1,Moderate,2,Long-term care,Spain,Female,49,1,0,0,0,0,0,2017,1,0,0,1,1,1,0,0,0,0,0,1,0,0,0,0,0,0,0,0,1,1,0,7,0.304,Intermediate,0
ISO-00006,Food,Environment,🥩,Salmonella spp.,Negative,Enterobacteriaceae,1,High,3,Processing plant,Portugal,N/A,-1,0,1,0,0,0,0,2015,0,0,0,1,1,0,1,0,0,0,0,0,1,0,0,0,0,0,1,0,1,1,0,7,0.304,Intermediate,0
ISO-00007,Wild Bird,Wildlife,🦅,Salmonella spp.,Negative,Enterobacteriaceae,1,High,3,Research station,United Kingdom,Unknown,0,0,0,0,0,0,0,2023,0,1,0,0,0,0,0,0,0,0,0,1,0,0,1,0,0,0,1,0,0,1,0,5,0.217,Intermediate,0
ISO-00008,Wild Bird,Wildlife,🦅,Escherichia coli,Negative,Enterobacteriaceae,1,High,3,Research station,Italy,Unknown,3,1,0,0,0,0,0,2022,1,0,0,0,1,1,0,0,0,0,0,0,1,0,0,0,1,1,0,0,0,1,0,7,0.304,Intermediate,0
ISO-00009,Human,Human,🧑,Enterobacter cloacae,Negative,Enterobacteriaceae,0,Low,1,Long-term care,Italy,Female,44,1,0,0,0,0,0,2019,1,1,1,1,1,1,0,0,0,0,0,0,0,0,0,0,0,1,1,0,0,0,1,9,0.391,Intermediate,0
ISO-00010,Porcine,Livestock,🐷,Escherichia coli,Negative,Enterobacteriaceae,1,High,3,Abattoir,Netherlands,Male,0,1,0,0,0,0,0,2016,1,0,0,0,0,1,0,1,0,0,0,1,1,0,1,1,0,0,1,0,0,0,0,8,0.348,Intermediate,0
ISO-00011,Bovine,Livestock,🐄,Salmonella spp.,Negative,Enterobacteriaceae,1,High,3,Dairy farm,Poland,Male,5,1,1,0,0,0,0,2021,0,0,0,0,0,1,0,0,0,0,0,1,1,1,0,0,1,0,1,0,1,1,0,8,0.348,Intermediate,0
ISO-00012,Soil,Environment,🌱,Escherichia coli,Negative,Enterobacteriaceae,1,High,3,Forest,Portugal,N/A,-1,0,0,0,0,0,0,2017,1,0,0,0,0,1,0,0,0,0,0,1,1,1,0,0,0,0,0,0,0,1,0,6,0.261,Intermediate,0
ISO-00013,Canine,Companion,🐕,Klebsiella pneumoniae,Negative,Enterobacteriaceae,1,Moderate,2,Animal shelter,USA,Female,4,0,0,0,0,0,0,2017,0,1,0,1,0,0,0,0,0,0,0,0,0,0,0,0,0,0,0,0,0,0,0,2,0.087,Intermediate,0
ISO-00014,Wild Boar,Wildlife,🐗,Escherichia coli,Negative,Enterobacteriaceae,1,High,3,Research station,United Kingdom,Male,0,0,0,1,0,0,0,2020,0,1,0,1,1,1,1,1,0,0,0,0,0,0,0,0,0,0,0,0,0,0,0,6,0.261,Intermediate,0
ISO-00015,Porcine,Livestock,🐷,Escherichia coli,Negative,Enterobacteriaceae,1,High,3,Veterinary clinic,South Africa,Female,5,1,0,0,0,0,0,2019,1,1,0,1,1,0,1,0,0,1,0,0,0,0,0,0,0,0,0,0,0,1,0,7,0.304,Intermediate,0
ISO-00016,Human,Human,🧑,Staphylococcus aureus,Positive,Staphylococcaceae,1,Moderate,2,Long-term care,United Kingdom,Male,61,0,0,0,0,0,0,2015,1,0,0,0,0,0,0,0,0,0,0,0,0,0,1,0,0,0,0,0,1,0,0,3,0.13,Intermediate,0
ISO-00017,Poultry,Livestock,🐔,Salmonella spp.,Negative,Enterobacteriaceae,1,High,3,Abattoir,USA,Male,1,1,0,1,0,0,0,2022,1,1,0,1,1,1,1,1,0,0,0,1,0,0,0,1,0,0,1,0,0,0,0,10,0.435,Intermediate,0
ISO-00018,Human,Human,🧑,Campylobacter jejuni,Negative,Campylobacteraceae,1,Very High,4,Hospital,Poland,Female,73,1,1,0,0,0,0,2022,0,0,0,1,1,1,1,1,0,1,1,1,1,1,0,0,0,0,1,0,0,0,0,11,0.478,Intermediate,0
ISO-00019,Wild Boar,Wildlife,🐗,Clostridioides difficile,Positive,Clostridiaceae,1,Moderate,2,Hunting area,Poland,Female,4,1,0,0,0,0,0,2021,1,1,1,1,1,1,1,1,0,0,0,1,1,0,0,0,0,0,1,0,1,1,0,13,0.565,MDR,1
ISO-00020,Canine,Companion,🐕,Pasteurella multocida,Negative,Pasteurellaceae,1,Moderate,2,Veterinary clinic,India,Female,12,0,0,0,0,0,0,2021,1,1,0,0,1,0,0,0,0,0,0,0,0,0,1,0,0,0,1,0,0,1,0,6,0.261,Intermediate,0
ISO-00021,Equine,Companion,🐎,Acinetobacter baumannii,Negative,Moraxellaceae,0,Low,1,Equine clinic,Italy,Female,7,0,0,0,0,0,0,2022,1,1,0,1,1,1,1,0,1,1,1,1,0,1,0,0,1,1,1,0,0,0,1,15,0.652,MDR,1
ISO-00022,Bovine,Livestock,🐄,Pasteurella multocida,Negative,Pasteurellaceae,1,Moderate,2,Veterinary clinic,Italy,Unknown,0,0,0,0,0,0,0,2024,0,0,0,0,1,0,0,0,0,0,0,0,0,0,0,0,0,0,1,0,0,0,0,2,0.087,Intermediate,0
ISO-00023,Food,Environment,🥩,Enterococcus faecium,Positive,Enterococcaceae,1,Moderate,2,Slaughterhouse,USA,N/A,-1,0,0,0,0,0,0,2015,0,1,1,1,1,1,1,1,1,1,1,0,1,0,1,0,0,0,1,0,1,0,0,14,0.609,MDR,1
ISO-00024,Water,Environment,💧,Enterobacter cloacae,Negative,Enterobacteriaceae,0,Low,1,Drinking water,Brazil,N/A,-1,0,0,0,0,0,0,2015,1,1,0,1,1,1,0,0,0,0,0,0,1,0,1,0,0,0,0,0,0,0,0,7,0.304,Intermediate,0
ISO-00025,Wild Bird,Wildlife,🦅,Salmonella spp.,Negative,Enterobacteriaceae,1,High,3,Research station,USA,Unknown,1,0,0,0,0,0,0,2018,1,1,0,0,0,0,1,0,0,0,0,0,1,0,0,0,0,0,1,0,0,1,0,6,0.261,Intermediate,0
ISO-00026,Human,Human,🧑,Campylobacter jejuni,Negative,Campylobacteraceae,1,Very High,4,Community,United Kingdom,Female,63,0,0,0,0,0,0,2016,0,1,0,1,1,0,1,1,1,0,0,0,1,0,0,0,0,0,1,0,0,1,0,9,0.391,Intermediate,0
ISO-00027,Porcine,Livestock,🐷,Escherichia coli,Negative,Enterobacteriaceae,1,High,3,Pig farm,Poland,Unknown,4,0,0,1,0,0,0,2020,0,0,1,1,1,1,1,1,0,1,1,0,1,1,0,0,0,0,1,0,1,0,0,12,0.522,MDR,1
ISO-00028,Human,Human,🧑,Staphylococcus pseudintermedius,Positive,Staphylococcaceae,1,Low,1,Long-term care,USA,Male,54,1,0,0,0,0,0,2020,0,0,1,0,1,1,1,0,0,0,1,0,0,1,1,0,0,0,1,0,1,0,1,10,0.435,Intermediate,0
ISO-00029,Human,Human,🧑,Enterobacter cloacae,Negative,Enterobacteriaceae,0,Low,1,Long-term care,South Africa,Female,74,1,0,0,0,0,0,2024,1,1,0,1,1,0,0,1,0,1,0,0,0,1,1,0,0,1,0,0,0,1,0,10,0.435,Intermediate,0
ISO-00030,Feline,Companion,🐈,Enterococcus faecalis,Positive,Enterococcaceae,1,Low,1,Animal shelter,Germany,Female,2,0,0,0,0,0,0,2022,0,0,0,1,1,1,1,1,0,0,1,0,0,1,1,1,0,0,1,0,1,1,0,12,0.522,MDR,1
ISO-00031,Equine,Companion,🐎,Klebsiella pneumoniae,Negative,Enterobacteriaceae,1,Moderate,2,Racing stable,Germany,Male,0,1,0,0,0,0,0,2019,1,0,0,0,0,1,0,1,0,0,0,0,1,0,0,0,0,1,0,0,0,1,0,6,0.261,Intermediate,0
ISO-00032,Food,Environment,🥩,Campylobacter jejuni,Negative,Campylobacteraceae,1,Very High,4,Slaughterhouse,Brazil,N/A,-1,1,0,0,0,0,0,2016,1,0,0,1,1,0,1,1,0,0,0,0,1,1,0,0,0,0,1,1,0,1,0,10,0.435,Intermediate,0
ISO-00033,Bovine,Livestock,🐄,Staphylococcus aureus,Positive,Staphylococcaceae,1,Moderate,2,Veterinary clinic,France,Male,0,1,0,0,0,0,0,2023,1,0,0,1,0,1,0,0,0,1,1,1,0,0,0,1,0,0,0,0,1,0,0,8,0.348,Intermediate,0
ISO-00034,Bovine,Livestock,🐄,Campylobacter jejuni,Negative,Campylobacteraceae,1,Very High,4,Beef farm,France,Female,5,1,0,0,0,0,0,2017,0,0,0,1,1,1,1,1,0,1,0,1,1,0,0,0,0,0,1,0,0,0,1,10,0.435,Intermediate,0
ISO-00035,Porcine,Livestock,🐷,Escherichia coli,Negative,Enterobacteriaceae,1,High,3,Abattoir,India,Female,1,0,0,0,0,0,0,2020,1,1,1,0,1,0,0,0,0,0,0,1,1,1,0,0,0,0,1,1,0,0,0,9,0.391,Intermediate,0
ISO-00036,Human,Human,🧑,Enterococcus faecium,Positive,Enterococcaceae,1,Moderate,2,Community,United Kingdom,Female,55,1,0,0,0,0,0,2018,1,1,1,1,1,1,1,1,0,1,1,0,1,0,1,0,0,0,1,0,1,1,0,15,0.652,MDR,1
ISO-00037,Human,Human,🧑,Escherichia coli,Negative,Enterobacteriaceae,1,High,3,Hospital,Poland,Female,90,0,0,0,0,0,0,2019,1,1,0,0,1,0,0,0,0,0,0,0,0,0,0,0,0,0,0,0,0,0,0,3,0.13,Intermediate,0
ISO-00038,Porcine,Livestock,🐷,Pasteurella multocida,Negative,Pasteurellaceae,1,Moderate,2,Veterinary clinic,Italy,Unknown,6,0,0,0,0,0,0,2016,1,0,0,1,0,0,0,0,0,0,0,0,0,0,0,0,0,0,0,0,0,0,0,2,0.087,Intermediate,0
ISO-00039,Human,Human,🧑,Enterobacter cloacae,Negative,Enterobacteriaceae,0,Low,1,Long-term care,Germany,Female,66,1,0,1,0,0,0,2016,1,1,1,1,1,1,1,1,1,0,0,0,1,0,0,0,0,0,1,0,0,0,0,11,0.478,Intermediate,0
ISO-00040,Feline,Companion,🐈,Klebsiella pneumoniae,Negative,Enterobacteriaceae,1,Moderate,2,Home,Germany,Male,0,0,0,0,0,0,0,2018,1,1,0,1,0,0,1,0,0,0,1,1,1,0,0,0,0,0,0,1,0,1,1,10,0.435,Intermediate,0
ISO-00041,Porcine,Livestock,🐷,Escherichia coli,Negative,Enterobacteriaceae,1,High,3,Pig farm,Netherlands,Female,1,1,0,1,0,0,0,2024,1,0,0,1,1,1,1,1,0,0,0,0,1,1,0,0,0,0,0,0,0,1,1,10,0.435,Intermediate,0
ISO-00042,Wild Boar,Wildlife,🐗,Escherichia coli,Negative,Enterobacteriaceae,1,High,3,Research station,South Africa,Male,1,0,0,1,0,0,0,2021,0,0,1,1,1,1,1,1,0,0,0,0,1,0,0,0,0,0,1,0,0,0,0,8,0.348,Intermediate,0
ISO-00043,Feline,Companion,🐈,Staphylococcus aureus,Positive,Staphylococcaceae,1,Moderate,2,Veterinary clinic,Italy,Female,7,0,0,0,0,0,0,2018,1,0,0,0,0,0,0,0,0,0,1,0,1,0,0,1,0,0,1,0,1,0,0,6,0.261,Intermediate,0
ISO-00044,Bovine,Livestock,🐄,Pasteurella multocida,Negative,Pasteurellaceae,1,Moderate,2,Veterinary clinic,Italy,Unknown,8,1,0,0,0,0,0,2018,0,0,0,0,0,1,0,1,0,1,0,0,0,0,1,0,0,0,0,0,0,0,0,4,0.174,Intermediate,0
ISO-00045,Wild Boar,Wildlife,🐗,Escherichia coli,Negative,Enterobacteriaceae,1,High,3,Nature reserve,United Kingdom,Unknown,0,0,0,0,0,0,0,2019,0,0,1,1,1,0,1,0,0,0,0,1,1,0,1,0,0,1,0,0,0,0,0,8,0.348,Intermediate,0
ISO-00046,Wild Bird,Wildlife,🦅,Campylobacter jejuni,Negative,Campylobacteraceae,1,Very High,4,Research station,Spain,Unknown,0,0,0,0,0,0,0,2023,1,1,0,1,1,0,1,1,0,0,0,1,0,0,0,0,0,0,1,0,0,0,0,8,0.348,Intermediate,0
ISO-00047,Porcine,Livestock,🐷,Staphylococcus aureus,Positive,Staphylococcaceae,1,Moderate,2,Abattoir,Netherlands,Female,2,0,0,0,0,0,0,2024,1,0,0,0,0,1,0,0,1,0,0,0,0,1,0,0,0,0,0,0,1,1,0,6,0.261,Intermediate,0
ISO-00048,Bovine,Livestock,🐄,Staphylococcus aureus,Positive,Staphylococcaceae,1,Moderate,2,Veterinary clinic,Netherlands,Unknown,0,1,0,0,0,0,0,2024,0,1,0,0,1,1,0,0,1,0,0,0,0,0,0,0,0,1,0,1,1,1,0,8,0.348,Intermediate,0
ISO-00049,Feline,Companion,🐈,Pseudomonas aeruginosa,Negative,Pseudomonadaceae,0,Low,1,Veterinary clinic,United Kingdom,Female,9,0,0,0,0,0,0,2015,1,1,1,1,1,0,0,0,0,0,0,0,1,0,0,0,1,1,1,1,1,1,1,13,0.565,MDR,1
ISO-00050,Human,Human,🧑,Pasteurella multocida,Negative,Pasteurellaceae,1,Moderate,2,Hospital,Italy,Male,57,1,0,0,0,0,0,2021,0,1,1,0,0,0,0,1,0,0,0,1,0,0,0,0,0,0,0,0,0,0,0,4,0.174,Intermediate,0
ISO-00051,Human,Human,🧑,Staphylococcus aureus,Positive,Staphylococcaceae,1,Moderate,2,Community,Brazil,Male,44,0,0,0,0,0,0,2023,0,0,0,0,0,0,1,0,0,1,0,0,1,0,0,0,0,0,0,0,1,0,0,4,0.174,Intermediate,0
ISO-00052,Human,Human,🧑,Pasteurella multocida,Negative,Pasteurellaceae,1,Moderate,2,Hospital,Netherlands,Female,63,0,0,0,0,0,0,2019,0,0,0,0,0,0,0,0,0,0,0,0,0,0,0,0,0,0,0,0,0,0,0,0,0.0,Susceptible,0
ISO-00053,Wild Bird,Wildlife,🦅,Salmonella spp.,Negative,Enterobacteriaceae,1,High,3,Nature reserve,Germany,Unknown,0,0,0,0,0,0,0,2022,0,0,0,0,0,0,0,0,0,0,0,0,0,0,0,0,0,0,0,0,0,0,0,0,0.0,Susceptible,0
ISO-00054,Feline,Companion,🐈,Pasteurella multocida,Negative,Pasteurellaceae,1,Moderate,2,Veterinary clinic,Germany,Female,9,0,0,0,0,0,0,2018,0,0,0,0,0,0,0,0,0,0,0,0,0,0,0,0,0,0,0,0,0,0,0,0,0.0,Susceptible,0
ISO-00055,Feline,Companion,🐈,Enterococcus faecalis,Positive,Enterococcaceae,1,Low,1,Animal shelter,Spain,Male,10,0,0,0,0,0,0,2015,0,0,0,1,1,0,1,1,1,1,1,0,0,0,0,0,0,0,1,0,1,0,0,9,0.391,Intermediate,0
ISO-00056,Wild Bird,Wildlife,🦅,Campylobacter jejuni,Negative,Campylobacteraceae,1,Very High,4,Research station,Spain,Unknown,3,0,0,0,0,0,0,2023,0,1,1,0,1,0,1,1,0,0,0,0,1,1,0,0,0,0,1,0,0,0,0,8,0.348,Intermediate,0
ISO-00057,Porcine,Livestock,🐷,Clostridioides difficile,Positive,Clostridiaceae,1,Moderate,2,Pig farm,USA,Male,0,1,0,0,0,0,0,2020,1,1,1,1,1,1,1,1,1,1,0,1,1,0,1,0,0,0,1,0,1,1,0,16,0.696,MDR,1
ISO-00058,Poultry,Livestock,🐔,Salmonella spp.,Negative,Enterobacteriaceae,1,High,3,Broiler farm,France,Unknown,2,1,0,0,0,0,0,2019,0,0,0,1,0,1,0,0,0,0,1,1,0,0,1,0,0,1,1,0,0,1,0,8,0.348,Intermediate,0
ISO-00059,Human,Human,🧑,Enterococcus faecalis,Positive,Enterococcaceae,1,Low,1,Long-term care,France,Female,56,0,0,0,0,0,0,2024,0,0,0,1,1,1,1,1,0,0,1,0,0,0,0,0,0,0,0,0,1,0,0,7,0.304,Intermediate,0
ISO-00060,Human,Human,🧑,Clostridioides difficile,Positive,Clostridiaceae,1,Moderate,2,Community,France,Male,62,0,1,0,0,0,0,2016,1,0,1,1,1,1,1,1,0,0,0,1,0,1,0,0,1,0,1,0,1,0,0,12,0.522,MDR,1
ISO-00061,Feline,Companion,🐈,Staphylococcus aureus,Positive,Staphylococcaceae,1,Moderate,2,Animal shelter,Poland,Female,7,0,0,0,0,0,0,2018,1,1,0,0,1,0,0,1,0,0,0,1,0,0,0,0,1,0,0,0,1,0,0,7,0.304,Intermediate,0
ISO-00062,Porcine,Livestock,🐷,Clostridioides difficile,Positive,Clostridiaceae,1,Moderate,2,Pig farm,Germany,Male,0,1,0,0,0,0,0,2015,1,1,1,1,1,1,1,1,1,0,0,1,1,0,0,0,0,0,1,0,1,1,0,14,0.609,MDR,1
ISO-00063,Poultry,Livestock,🐔,Enterococcus faecalis,Positive,Enterococcaceae,1,Low,1,Abattoir,Poland,Female,1,1,0,0,0,0,0,2021,0,0,1,1,1,1,1,1,0,0,1,0,0,1,1,1,0,0,1,0,1,0,0,12,0.522,MDR,1
ISO-00064,Wild Bird,Wildlife,🦅,Salmonella spp.,Negative,Enterobacteriaceae,1,High,3,Nature reserve,Brazil,Unknown,0,1,0,0,0,0,0,2019,0,0,0,0,0,0,0,0,0,0,0,0,1,0,1,0,0,0,0,0,0,1,0,3,0.13,Intermediate,0
ISO-00065,Canine,Companion,🐕,Escherichia coli,Negative,Enterobacteriaceae,1,High,3,Veterinary clinic,USA,Female,5,1,0,0,0,0,0,2024,1,0,0,1,0,1,1,1,0,0,0,1,0,0,0,0,0,0,1,0,0,1,0,8,0.348,Intermediate,0
ISO-00066,Poultry,Livestock,🐔,Campylobacter jejuni,Negative,Campylobacteraceae,1,Very High,4,Layer farm,South Africa,Female,2,1,0,0,0,0,0,2018,0,1,0,1,1,1,1,1,0,0,1,1,1,0,0,0,1,1,1,1,0,1,0,14,0.609,MDR,1
ISO-00067,Poultry,Livestock,🐔,Enterococcus faecium,Positive,Enterococcaceae,1,Moderate,2,Broiler farm,France,Unknown,5,1,0,0,0,0,0,2015,1,1,1,1,1,1,1,1,1,1,1,1,1,1,1,1,1,0,1,0,1,1,1,21,0.913,MDR,1
ISO-00068,Bovine,Livestock,🐄,Pasteurella multocida,Negative,Pasteurellaceae,1,Moderate,2,Dairy farm,Poland,Male,9,1,0,0,0,0,0,2021,1,0,1,1,0,0,0,0,0,1,0,1,1,1,0,0,0,0,1,0,0,0,0,8,0.348,Intermediate,0
ISO-00069,Human,Human,🧑,Pseudomonas aeruginosa,Negative,Pseudomonadaceae,0,Low,1,Hospital,United Kingdom,Female,48,0,0,0,0,0,0,2016,1,1,0,1,1,1,1,0,0,1,1,0,0,0,0,0,1,1,1,1,0,1,1,14,0.609,MDR,1
ISO-00070,Porcine,Livestock,🐷,Escherichia coli,Negative,Enterobacteriaceae,1,High,3,Abattoir,Poland,Male,5,0,0,0,0,0,0,2023,1,0,0,1,1,1,0,0,0,0,0,0,0,0,0,0,0,0,0,0,0,0,0,4,0.174,Intermediate,0
ISO-00071,Human,Human,🧑,Enterobacter cloacae,Negative,Enterobacteriaceae,0,Low,1,Hospital,India,Female,92,0,0,0,0,0,0,2017,1,1,1,1,1,0,0,1,0,0,0,0,0,0,0,0,0,0,1,0,0,0,0,7,0.304,Intermediate,0
ISO-00072,Porcine,Livestock,🐷,Salmonella spp.,Negative,Enterobacteriaceae,1,High,3,Pig farm,France,Male,0,0,0,0,0,0,0,2017,0,0,0,0,1,0,0,0,0,0,0,0,0,0,0,0,0,0,1,0,0,0,0,2,0.087,Intermediate,0
ISO-00073,Wild Boar,Wildlife,🐗,Salmonella spp.,Negative,Enterobacteriaceae,1,High,3,Hunting area,South Africa,Female,9,0,0,0,0,0,0,2016,0,0,0,0,0,1,0,0,0,0,0,0,1,0,0,0,0,0,1,0,0,0,0,3,0.13,Intermediate,0
ISO-00074,Human,Human,🧑,Pseudomonas aeruginosa,Negative,Pseudomonadaceae,0,Low,1,Community,Brazil,Female,60,1,0,0,0,0,0,2015,1,1,0,1,1,1,1,0,0,0,1,0,0,1,0,0,1,1,1,1,0,1,1,14,0.609,MDR,1
ISO-00075,Human,Human,🧑,Escherichia coli,Negative,Enterobacteriaceae,1,High,3,Community,United Kingdom,Male,71,1,1,1,0,0,0,2024,1,1,0,1,1,1,1,1,0,1,1,1,0,1,0,0,0,0,1,0,0,0,0,12,0.522,MDR,1
ISO-00076,Bovine,Livestock,🐄,Escherichia coli,Negative,Enterobacteriaceae,1,High,3,Beef farm,Germany,Male,2,0,0,0,0,0,0,2020,0,1,1,0,1,1,0,0,0,0,0,0,1,0,0,1,0,0,0,0,0,0,0,6,0.261,Intermediate,0
ISO-00077,Bovine,Livestock,🐄,Enterococcus faecium,Positive,Enterococcaceae,1,Moderate,2,Dairy farm,United Kingdom,Female,2,1,0,0,0,0,0,2020,1,1,1,1,1,1,1,1,1,0,1,0,0,1,0,0,0,0,0,0,1,0,0,12,0.522,MDR,1
ISO-00078,Feline,Companion,🐈,Escherichia coli,Negative,Enterobacteriaceae,1,High,3,Home,Brazil,Female,7,0,0,0,0,0,0,2015,0,1,0,0,1,0,1,0,0,0,0,1,1,1,0,0,0,0,0,0,0,0,0,6,0.261,Intermediate,0
ISO-00079,Poultry,Livestock,🐔,Salmonella spp.,Negative,Enterobacteriaceae,1,High,3,Broiler farm,South Africa,Male,0,1,0,0,0,0,0,2018,0,0,0,0,1,0,1,0,0,0,0,1,0,0,0,1,0,0,1,0,0,0,1,6,0.261,Intermediate,0
ISO-00080,Wild Bird,Wildlife,🦅,Salmonella spp.,Negative,Enterobacteriaceae,1,High,3,Nature reserve,Germany,Unknown,1,0,0,1,0,0,0,2015,1,0,0,1,1,1,1,1,0,0,0,0,0,0,1,0,0,0,0,0,0,0,0,7,0.304,Intermediate,0
ISO-00081,Feline,Companion,🐈,Pseudomonas aeruginosa,Negative,Pseudomonadaceae,0,Low,1,Veterinary clinic,India,Female,10,0,0,0,0,0,0,2024,1,1,0,1,1,1,1,0,1,0,1,0,1,0,0,0,1,1,1,1,0,1,1,15,0.652,MDR,1
ISO-00082,Porcine,Livestock,🐷,Enterococcus faecalis,Positive,Enterococcaceae,1,Low,1,Abattoir,France,Male,0,0,0,0,0,0,0,2022,0,0,1,1,1,1,1,1,1,0,0,0,0,1,1,1,0,0,1,0,1,1,1,14,0.609,MDR,1
ISO-00083,Wild Bird,Wildlife,🦅,Campylobacter jejuni,Negative,Campylobacteraceae,1,Very High,4,Research station,Germany,Unknown,1,0,0,0,0,0,0,2018,0,1,1,1,1,0,0,0,0,0,0,0,1,0,0,0,0,0,0,0,0,0,0,5,0.217,Intermediate,0
ISO-00084,Human,Human,🧑,Klebsiella pneumoniae,Negative,Enterobacteriaceae,1,Moderate,2,Community,Brazil,Male,5,0,0,0,0,0,0,2016,1,0,1,0,0,0,0,0,0,0,0,0,0,0,0,0,0,0,1,0,0,1,0,4,0.174,Intermediate,0
ISO-00085,Human,Human,🧑,Pasteurella multocida,Negative,Pasteurellaceae,1,Moderate,2,Community,South Africa,Male,52,0,0,0,0,0,0,2019,0,0,0,0,0,0,0,0,0,0,0,0,0,0,0,1,0,0,0,0,0,0,0,1,0.043,Intermediate,0
ISO-00086,Human,Human,🧑,Staphylococcus pseudintermedius,Positive,Staphylococcaceae,1,Low,1,Long-term care,Spain,Male,60,0,1,0,0,0,0,2022,1,0,1,0,1,1,1,0,0,0,0,0,0,1,0,0,0,0,0,0,1,0,0,7,0.304,Intermediate,0
ISO-00087,Equine,Companion,🐎,Pseudomonas aeruginosa,Negative,Pseudomonadaceae,0,Low,1,Farm,Spain,Male,0,1,0,0,0,0,0,2018,1,1,0,1,1,1,1,0,1,0,1,0,0,0,1,0,0,1,1,1,1,1,1,15,0.652,MDR,1
ISO-00088,Porcine,Livestock,🐷,Salmonella spp.,Negative,Enterobacteriaceae,1,High,3,Pig farm,Poland,Female,2,0,0,0,0,0,0,2024,0,1,0,1,0,1,0,0,0,0,0,0,0,0,0,0,0,0,0,0,0,0,0,3,0.13,Intermediate,0
ISO-00089,Human,Human,🧑,Acinetobacter baumannii,Negative,Moraxellaceae,0,Low,1,Hospital,France,Female,62,0,0,0,0,0,0,2018,1,1,0,1,1,0,0,1,0,1,1,1,1,1,1,0,1,1,1,0,0,1,1,16,0.696,MDR,1
ISO-00090,Poultry,Livestock,🐔,Pasteurella multocida,Negative,Pasteurellaceae,1,Moderate,2,Broiler farm,United Kingdom,Male,2,1,0,0,0,0,0,2016,0,1,0,0,1,1,1,1,0,1,0,0,0,1,0,0,0,0,1,1,0,0,0,9,0.391,Intermediate,0
ISO-00091,Human,Human,🧑,Klebsiella pneumoniae,Negative,Enterobacteriaceae,1,Moderate,2,Hospital,Spain,Female,40,0,0,0,0,0,0,2020,1,0,0,1,0,1,1,0,1,0,0,1,1,1,1,0,0,0,0,0,0,1,0,10,0.435,Intermediate,0
ISO-00092,Feline,Companion,🐈,Klebsiella pneumoniae,Negative,Enterobacteriaceae,1,Moderate,2,Animal shelter,United Kingdom,Female,2,0,0,0,0,0,0,2022,1,1,0,0,0,0,0,0,0,0,0,1,0,1,0,0,0,0,0,0,0,1,0,5,0.217,Intermediate,0
ISO-00093,Porcine,Livestock,🐷,Pasteurella multocida,Negative,Pasteurellaceae,1,Moderate,2,Pig farm,Netherlands,Female,2,1,0,0,0,0,0,2016,1,0,0,1,0,0,0,0,0,0,0,0,0,1,1,0,0,0,0,0,1,1,0,6,0.261,Intermediate,0
ISO-00094,Porcine,Livestock,🐷,Enterococcus faecalis,Positive,Enterococcaceae,1,Low,1,Abattoir,Italy,Unknown,1,1,0,0,0,0,0,2024,0,0,0,1,1,1,1,1,0,0,1,1,0,0,1,0,0,0,1,0,1,1,0,11,0.478,Intermediate,0
ISO-00095,Bovine,Livestock,🐄,Escherichia coli,Negative,Enterobacteriaceae,1,High,3,Beef farm,Portugal,Unknown,2,1,0,0,0,0,0,2017,1,0,0,1,0,1,0,0,1,0,0,1,1,1,0,0,0,0,1,1,0,0,0,9,0.391,Intermediate,0
ISO-00096,Canine,Companion,🐕,Escherichia coli,Negative,Enterobacteriaceae,1,High,3,Animal shelter,Brazil,Female,7,0,0,0,0,0,0,2019,0,0,1,1,0,0,0,0,0,0,0,0,0,1,0,0,0,0,1,0,0,1,0,5,0.217,Intermediate,0
ISO-00097,Bovine,Livestock,🐄,Klebsiella pneumoniae,Negative,Enterobacteriaceae,1,Moderate,2,Veterinary clinic,Portugal,Female,0,1,0,0,0,0,0,2015,1,1,1,1,0,1,0,1,0,0,1,1,0,0,0,1,0,0,0,0,0,0,1,10,0.435,Intermediate,0
ISO-00098,Human,Human,🧑,Acinetobacter baumannii,Negative,Moraxellaceae,0,Low,1,Hospital,Italy,Male,60,0,0,0,0,0,0,2017,1,1,1,1,1,1,1,1,0,1,0,0,1,0,1,0,1,1,1,0,0,1,1,16,0.696,MDR,1
ISO-00099,Human,Human,🧑,Staphylococcus pseudintermedius,Positive,Staphylococcaceae,1,Low,1,Long-term care,Netherlands,Female,47,0,0,0,0,0,0,2023,0,0,0,0,1,0,1,1,0,0,0,1,0,0,0,0,0,0,1,0,1,0,0,6,0.261,Intermediate,0
ISO-00100,Food,Environment,🥩,Enterococcus faecium,Positive,Enterococcaceae,1,Moderate,2,Slaughterhouse,Poland,N/A,-1,0,0,0,0,0,0,2019,1,1,1,1,1,1,1,1,0,1,1,0,1,0,0,0,0,0,1,0,1,0,0,13,0.565,MDR,1
ISO-00101,Water,Environment,💧,Enterobacter cloacae,Negative,Enterobacteriaceae,0,Low,1,River,United Kingdom,N/A,-1,0,0,0,0,0,0,2023,1,1,0,1,1,1,0,0,1,0,0,1,0,0,0,0,0,0,0,0,0,1,0,8,0.348,Intermediate,0
ISO-00102,Feline,Companion,🐈,Enterococcus faecalis,Positive,Enterococcaceae,1,Low,1,Veterinary clinic,France,Male,6,1,0,0,0,0,0,2016,1,0,0,1,1,1,1,1,1,0,1,0,0,1,1,0,0,0,0,0,1,0,0,11,0.478,Intermediate,0
ISO-00103,Human,Human,🧑,Staphylococcus aureus,Positive,Staphylococcaceae,1,Moderate,2,Long-term care,Brazil,Female,36,0,0,0,0,0,0,2016,0,0,0,0,0,0,0,0,0,1,1,0,1,0,0,0,0,0,0,0,1,1,0,5,0.217,Intermediate,0
ISO-00104,Food,Environment,🥩,Campylobacter jejuni,Negative,Campylobacteraceae,1,Very High,4,Retail,United Kingdom,N/A,-1,0,0,0,0,0,0,2017,1,0,1,1,1,1,1,1,0,0,0,1,1,0,0,0,0,0,0,0,0,0,0,9,0.391,Intermediate,0
ISO-00105,Wild Bird,Wildlife,🦅,Salmonella spp.,Negative,Enterobacteriaceae,1,High,3,Research station,France,Unknown,0,0,0,0,0,0,0,2019,1,0,0,0,0,0,1,0,0,0,0,0,0,0,0,0,0,0,0,0,0,0,0,2,0.087,Intermediate,0
ISO-00106,Feline,Companion,🐈,Klebsiella pneumoniae,Negative,Enterobacteriaceae,1,Moderate,2,Animal shelter,India,Male,0,0,0,0,0,0,0,2021,1,0,1,0,0,0,1,0,0,0,1,0,0,0,0,0,0,0,1,0,0,0,0,5,0.217,Intermediate,0
ISO-00107,Porcine,Livestock,🐷,Escherichia coli,Negative,Enterobacteriaceae,1,High,3,Veterinary clinic,France,Female,3,0,0,1,0,0,0,2017,1,1,0,1,1,1,1,1,0,0,0,0,1,0,1,0,0,1,1,0,0,0,0,11,0.478,Intermediate,0
ISO-00108,Human,Human,🧑,Clostridioides difficile,Positive,Clostridiaceae,1,Moderate,2,Long-term care,United Kingdom,Female,36,0,0,0,0,0,0,2020,1,1,1,1,1,1,1,1,1,0,1,0,0,0,0,1,0,0,0,1,0,0,0,12,0.522,MDR,1
ISO-00109,Human,Human,🧑,Salmonella spp.,Negative,Enterobacteriaceae,1,High,3,Long-term care,Poland,Male,81,0,0,0,0,0,0,2021,0,0,0,0,0,0,0,0,0,0,0,0,1,1,0,0,0,0,1,0,0,1,0,4,0.174,Intermediate,0
ISO-00110,Water,Environment,💧,Escherichia coli,Negative,Enterobacteriaceae,1,High,3,River,United Kingdom,N/A,-1,0,0,1,0,0,0,2016,1,0,1,1,1,1,1,1,0,0,0,0,1,1,0,0,0,0,1,0,0,0,0,10,0.435,Intermediate,0
ISO-00111,Porcine,Livestock,🐷,Staphylococcus aureus,Positive,Staphylococcaceae,1,Moderate,2,Pig farm,Netherlands,Male,2,1,0,0,0,0,0,2021,1,0,0,0,1,0,0,1,0,0,1,1,0,0,0,0,0,0,0,0,1,0,0,6,0.261,Intermediate,0
ISO-00112,Human,Human,🧑,Pasteurella multocida,Negative,Pasteurellaceae,1,Moderate,2,Long-term care,France,Female,65,1,0,0,0,0,0,2022,1,1,0,0,0,0,0,0,0,0,0,0,0,0,0,1,0,0,0,0,1,0,0,4,0.174,Intermediate,0
ISO-00113,Bovine,Livestock,🐄,Enterococcus faecium,Positive,Enterococcaceae,1,Moderate,2,Dairy farm,South Africa,Male,2,1,0,0,0,0,0,2024,1,1,0,1,1,1,1,1,1,1,1,1,0,1,1,0,0,1,1,0,1,0,0,16,0.696,MDR,1
ISO-00114,Poultry,Livestock,🐔,Salmonella spp.,Negative,Enterobacteriaceae,1,High,3,Broiler farm,India,Male,3,1,0,0,0,0,0,2017,1,1,0,0,0,1,0,0,0,0,0,0,0,0,0,0,0,1,1,0,0,0,0,5,0.217,Intermediate,0
ISO-00115,Human,Human,🧑,Staphylococcus pseudintermedius,Positive,Staphylococcaceae,1,Low,1,Long-term care,Portugal,Female,58,0,1,0,0,0,0,2015,1,0,1,0,1,0,1,0,0,0,0,0,1,1,0,0,0,0,0,0,1,0,0,7,0.304,Intermediate,0
ISO-00116,Wild Boar,Wildlife,🐗,Escherichia coli,Negative,Enterobacteriaceae,1,High,3,Research station,Germany,Female,0,0,0,0,0,0,0,2021,1,0,0,0,1,1,0,0,0,0,0,0,0,1,0,0,0,0,0,0,1,0,0,5,0.217,Intermediate,0
ISO-00117,Equine,Companion,🐎,Mannheimia haemolytica,Negative,Pasteurellaceae,0,Negligible,0,Farm,Germany,Female,3,0,0,0,0,0,0,2021,0,0,1,0,0,0,0,0,0,0,0,0,0,0,0,0,0,1,0,0,0,0,0,2,0.087,Intermediate,0
ISO-00118,Feline,Companion,🐈,Pasteurella multocida,Negative,Pasteurellaceae,1,Moderate,2,Veterinary clinic,France,Male,7,1,0,0,0,0,0,2021,1,0,1,0,0,1,0,1,0,1,0,1,0,1,1,0,0,0,1,1,0,0,0,10,0.435,Intermediate,0
ISO-00119,Porcine,Livestock,🐷,Salmonella spp.,Negative,Enterobacteriaceae,1,High,3,Veterinary clinic,India,Unknown,10,0,0,0,0,0,0,2023,1,0,0,0,0,0,1,0,0,0,1,0,0,0,1,0,0,0,1,0,0,1,0,6,0.261,Intermediate,0
ISO-00120,Canine,Companion,🐕,Campylobacter jejuni,Negative,Campylobacteraceae,1,Very High,4,Veterinary clinic,South Africa,Female,2,1,0,0,0,0,0,2016,1,0,0,1,1,0,1,0,0,0,0,1,1,0,0,0,0,0,1,0,0,0,0,7,0.304,Intermediate,0
ISO-00121,Canine,Companion,🐕,Escherichia coli,Negative,Enterobacteriaceae,1,High,3,Animal shelter,Netherlands,Male,0,0,0,0,0,0,0,2015,1,0,1,0,0,0,0,0,0,0,0,1,1,0,0,0,0,0,0,0,1,0,0,5,0.217,Intermediate,0
ISO-00122,Canine,Companion,🐕,Clostridioides difficile,Positive,Clostridiaceae,1,Moderate,2,Home,Germany,Male,10,0,0,0,0,0,0,2016,1,1,1,1,1,0,1,1,0,0,0,0,0,1,0,0,0,0,0,0,0,1,0,9,0.391,Intermediate,0
ISO-00123,Human,Human,🧑,Staphylococcus pseudintermedius,Positive,Staphylococcaceae,1,Low,1,Long-term care,Netherlands,Female,60,0,0,0,0,0,0,2019,1,0,0,0,0,1,0,0,0,0,0,1,0,0,1,0,0,0,1,0,1,1,0,7,0.304,Intermediate,0
ISO-00124,Porcine,Livestock,🐷,Enterococcus faecium,Positive,Enterococcaceae,1,Moderate,2,Pig farm,Portugal,Unknown,10,1,0,0,0,0,0,2016,1,1,1,1,1,1,1,1,1,1,1,1,1,1,1,1,0,0,1,0,1,1,0,19,0.826,MDR,1
ISO-00125,Human,Human,🧑,Salmonella spp.,Negative,Enterobacteriaceae,1,High,3,Hospital,Portugal,Male,54,0,0,0,0,0,0,2024,0,0,0,0,0,0,0,0,0,0,0,0,1,0,0,1,0,0,0,0,0,1,0,3,0.13,Intermediate,0
ISO-00126,Poultry,Livestock,🐔,Enterococcus faecium,Positive,Enterococcaceae,1,Moderate,2,Layer farm,USA,Male,1,1,0,0,0,0,1,2022,1,1,1,1,1,1,1,1,1,1,1,1,0,0,1,1,1,1,1,1,1,1,1,21,0.913,MDR,1
ISO-00127,Bovine,Livestock,🐄,Enterococcus faecalis,Positive,Enterococcaceae,1,Low,1,Veterinary clinic,South Africa,Unknown,1,1,0,0,0,0,0,2022,0,0,0,1,1,1,1,1,0,1,1,0,0,0,0,1,1,0,0,0,1,1,0,11,0.478,Intermediate,0
ISO-00128,Human,Human,🧑,Enterobacter cloacae,Negative,Enterobacteriaceae,0,Low,1,Hospital,India,Male,98,1,0,0,0,0,0,2015,1,1,0,1,1,0,0,0,0,0,0,0,0,1,0,0,1,0,1,0,1,0,0,8,0.348,Intermediate,0
ISO-00129,Human,Human,🧑,Campylobacter jejuni,Negative,Campylobacteraceae,1,Very High,4,Community,Spain,Female,19,0,0,0,0,0,0,2020,0,0,0,1,1,0,1,1,0,0,0,1,0,0,0,0,0,0,0,0,0,0,0,5,0.217,Intermediate,0
ISO-00130,Canine,Companion,🐕,Klebsiella pneumoniae,Negative,Enterobacteriaceae,1,Moderate,2,Animal shelter,Brazil,Female,7,0,0,0,0,0,0,2022,1,0,0,0,1,0,1,0,0,0,0,0,1,0,0,0,0,0,1,0,0,1,0,6,0.261,Intermediate,0
ISO-00131,Human,Human,🧑,Acinetobacter baumannii,Negative,Moraxellaceae,0,Low,1,Hospital,Poland,Female,58,0,0,0,0,0,0,2016,0,1,1,1,1,0,1,1,0,1,0,1,0,0,0,1,1,1,1,1,0,1,1,15,0.652,MDR,1
ISO-00132,Soil,Environment,🌱,Acinetobacter baumannii,Negative,Moraxellaceae,0,Low,1,Urban soil,Spain,N/A,-1,0,0,0,0,0,0,2015,1,1,1,1,1,1,1,1,1,0,1,0,1,1,0,1,1,1,0,0,1,0,1,17,0.739,MDR,1
ISO-00133,Canine,Companion,🐕,Campylobacter jejuni,Negative,Campylobacteraceae,1,Very High,4,Home,Spain,Female,12,0,0,0,0,0,0,2022,1,1,0,1,1,0,1,1,0,0,0,1,1,1,0,0,0,0,0,0,0,1,0,10,0.435,Intermediate,0
ISO-00134,Bovine,Livestock,🐄,Enterococcus faecium,Positive,Enterococcaceae,1,Moderate,2,Dairy farm,USA,Male,3,1,0,0,0,0,0,2020,1,1,1,1,1,1,1,1,1,1,1,1,1,1,1,1,0,0,1,0,1,1,1,20,0.87,MDR,1
ISO-00135,Canine,Companion,🐕,Klebsiella pneumoniae,Negative,Enterobacteriaceae,1,Moderate,2,Home,United Kingdom,Male,9,0,0,0,0,0,0,2018,1,1,1,0,0,0,1,0,0,0,0,0,0,0,0,0,0,0,1,0,0,1,0,6,0.261,Intermediate,0
ISO-00136,Human,Human,🧑,Enterococcus faecium,Positive,Enterococcaceae,1,Moderate,2,Long-term care,United Kingdom,Female,54,0,0,0,0,0,0,2024,1,1,1,1,1,1,1,1,0,0,1,0,1,0,1,1,1,0,0,0,1,0,0,14,0.609,MDR,1
ISO-00137,Soil,Environment,🌱,Acinetobacter baumannii,Negative,Moraxellaceae,0,Low,1,Urban soil,USA,N/A,-1,0,0,0,0,0,0,2016,1,1,1,1,1,0,0,0,1,1,1,1,1,0,0,0,1,1,1,0,0,1,1,15,0.652,MDR,1
ISO-00138,Poultry,Livestock,🐔,Enterococcus faecalis,Positive,Enterococcaceae,1,Low,1,Broiler farm,USA,Unknown,0,1,0,0,0,0,0,2017,0,0,0,1,1,1,1,1,1,1,1,1,0,1,1,1,0,0,1,0,1,0,1,15,0.652,MDR,1
ISO-00139,Wild Bird,Wildlife,🦅,Escherichia coli,Negative,Enterobacteriaceae,1,High,3,Wildlife rescue,Spain,Unknown,0,1,0,0,0,0,0,2020,1,1,0,1,1,0,0,0,0,1,0,0,1,0,1,0,0,0,0,0,0,1,0,8,0.348,Intermediate,0
ISO-00140,Human,Human,🧑,Enterococcus faecium,Positive,Enterococcaceae,1,Moderate,2,Hospital,Netherlands,Male,88,0,0,0,0,0,1,2019,0,1,1,1,1,1,1,1,1,1,1,1,1,0,0,1,1,1,0,0,1,0,0,16,0.696,MDR,1
ISO-00141,Poultry,Livestock,🐔,Salmonella spp.,Negative,Enterobacteriaceae,1,High,3,Abattoir,Spain,Unknown,2,0,0,0,0,0,0,2015,1,0,0,0,0,0,0,0,0,0,1,1,0,0,0,0,0,0,0,0,0,1,0,4,0.174,Intermediate,0
ISO-00142,Poultry,Livestock,🐔,Enterococcus faecium,Positive,Enterococcaceae,1,Moderate,2,Abattoir,Italy,Female,3,1,0,0,0,0,0,2020,1,1,1,1,1,1,1,1,1,1,1,1,0,1,1,1,1,0,0,1,1,0,0,18,0.783,MDR,1
ISO-00143,Soil,Environment,🌱,Acinetobacter baumannii,Negative,Moraxellaceae,0,Low,1,Urban soil,United Kingdom,N/A,-1,1,0,0,0,0,0,2018,1,1,1,1,1,1,1,1,1,1,1,1,1,1,1,0,1,1,1,0,0,1,1,20,0.87,MDR,1
ISO-00144,Poultry,Livestock,🐔,Staphylococcus aureus,Positive,Staphylococcaceae,1,Moderate,2,Layer farm,USA,Unknown,2,1,0,0,0,0,0,2019,1,0,0,0,0,1,1,0,1,1,0,0,0,1,0,1,0,0,0,0,1,1,0,9,0.391,Intermediate,0
ISO-00145,Porcine,Livestock,🐷,Enterococcus faecalis,Positive,Enterococcaceae,1,Low,1,Pig farm,Spain,Unknown,0,0,0,0,0,0,0,2019,1,0,1,1,1,1,1,1,1,0,1,0,0,1,0,1,0,1,0,0,1,0,0,13,0.565,MDR,1
ISO-00146,Human,Human,🧑,Salmonella spp.,Negative,Enterobacteriaceae,1,High,3,Community,USA,Female,91,0,0,0,0,0,0,2022,0,0,0,0,0,0,0,0,0,0,0,0,0,0,0,0,0,0,1,0,0,0,0,1,0.043,Intermediate,0
ISO-00147,Bovine,Livestock,🐄,Mannheimia haemolytica,Negative,Pasteurellaceae,0,Negligible,0,Beef farm,Poland,Female,1,0,0,0,0,0,0,2024,1,0,0,0,0,0,0,0,0,0,0,0,0,1,0,0,0,0,1,0,0,0,0,3,0.13,Intermediate,0
ISO-00148,Poultry,Livestock,🐔,Salmonella spp.,Negative,Enterobacteriaceae,1,High,3,Layer farm,United Kingdom,Unknown,3,0,0,0,0,0,0,2021,1,0,0,0,0,0,0,0,0,0,0,0,0,1,0,0,0,1,0,0,0,1,0,4,0.174,Intermediate,0
ISO-00149,Porcine,Livestock,🐷,Enterococcus faecalis,Positive,Enterococcaceae,1,Low,1,Veterinary clinic,Germany,Male,4,0,0,0,0,0,0,2023,0,0,0,1,1,1,1,1,1,1,1,0,0,1,0,0,0,0,1,0,1,0,0,11,0.478,Intermediate,0
ISO-00150,Human,Human,🧑,Pseudomonas aeruginosa,Negative,Pseudomonadaceae,0,Low,1,Hospital,France,Male,94,1,0,0,0,0,0,2021,1,1,1,1,1,1,0,0,0,0,1,1,1,1,0,0,1,1,1,1,0,1,1,16,0.696,MDR,1
ISO-00151,Wild Boar,Wildlife,🐗,Escherichia coli,Negative,Enterobacteriaceae,1,High,3,Hunting area,USA,Male,3,0,0,0,0,0,0,2023,0,1,1,0,0,0,0,0,0,0,0,0,0,0,0,0,0,0,0,0,0,0,0,2,0.087,Intermediate,0
ISO-00152,Water,Environment,💧,Enterobacter cloacae,Negative,Enterobacteriaceae,0,Low,1,Wastewater treatment,France,N/A,-1,0,0,0,0,0,0,2023,1,0,0,1,1,0,0,0,0,0,0,0,0,0,0,0,0,1,0,0,0,0,0,4,0.174,Intermediate,0
ISO-00153,Human,Human,🧑,Enterococcus faecalis,Positive,Enterococcaceae,1,Low,1,Hospital,USA,Male,49,0,0,0,0,0,0,2015,0,0,0,1,1,1,1,1,0,0,1,1,1,0,1,0,0,0,1,0,1,0,0,11,0.478,Intermediate,0
ISO-00154,Poultry,Livestock,🐔,Pasteurella multocida,Negative,Pasteurellaceae,1,Moderate,2,Broiler farm,Spain,Female,1,1,0,0,0,0,0,2016,1,0,0,1,0,1,1,0,0,0,0,1,0,0,1,0,1,0,0,0,0,1,0,8,0.348,Intermediate,0
ISO-00155,Human,Human,🧑,Clostridioides difficile,Positive,Clostridiaceae,1,Moderate,2,Long-term care,Portugal,Female,53,0,1,0,0,0,0,2016,1,1,1,1,1,1,1,1,0,0,0,0,0,0,0,0,0,0,0,0,0,0,0,8,0.348,Intermediate,0
ISO-00156,Feline,Companion,🐈,Pseudomonas aeruginosa,Negative,Pseudomonadaceae,0,Low,1,Home,France,Male,5,1,0,0,0,0,0,2018,1,1,0,1,1,0,1,1,1,1,1,1,1,1,1,0,1,1,1,1,1,1,1,20,0.87,MDR,1
ISO-00157,Bovine,Livestock,🐄,Staphylococcus aureus,Positive,Staphylococcaceae,1,Moderate,2,Beef farm,Netherlands,Male,5,1,0,0,0,0,0,2016,1,1,0,1,1,0,1,0,0,0,0,0,0,1,0,0,0,0,1,0,1,0,1,9,0.391,Intermediate,0
ISO-00158,Canine,Companion,🐕,Enterococcus faecium,Positive,Enterococcaceae,1,Moderate,2,Home,Poland,Male,5,1,0,0,0,0,0,2022,1,1,0,1,1,1,1,1,0,0,1,1,0,1,0,1,0,0,1,1,1,1,0,15,0.652,MDR,1
ISO-00159,Equine,Companion,🐎,Staphylococcus aureus,Positive,Staphylococcaceae,1,Moderate,2,Racing stable,Netherlands,Male,4,1,0,0,0,0,0,2019,1,0,0,0,0,0,1,1,0,0,0,0,0,1,0,0,0,0,1,1,1,0,0,7,0.304,Intermediate,0
ISO-00160,Wild Bird,Wildlife,🦅,Escherichia coli,Negative,Enterobacteriaceae,1,High,3,Research station,United Kingdom,Unknown,0,0,0,0,0,0,0,2024,1,0,1,1,0,0,0,0,0,0,0,0,0,0,0,0,0,0,1,1,0,0,0,5,0.217,Intermediate,0
ISO-00161,Human,Human,🧑,Enterococcus faecium,Positive,Enterococcaceae,1,Moderate,2,Long-term care,Netherlands,Female,68,1,0,0,0,0,0,2022,1,1,1,1,1,1,1,1,1,1,1,0,1,1,0,0,0,1,0,0,1,1,1,17,0.739,MDR,1
ISO-00162,Water,Environment,💧,Enterobacter cloacae,Negative,Enterobacteriaceae,0,Low,1,River,Poland,N/A,-1,0,0,0,0,0,0,2020,1,1,0,1,1,0,0,0,0,0,0,0,0,0,0,0,0,0,0,0,0,0,0,4,0.174,Intermediate,0
ISO-00163,Human,Human,🧑,Enterobacter cloacae,Negative,Enterobacteriaceae,0,Low,1,Hospital,USA,Male,98,0,0,0,0,0,0,2018,1,1,1,1,1,0,0,0,0,0,0,0,0,0,0,0,0,0,1,0,0,0,0,6,0.261,Intermediate,0
ISO-00164,Human,Human,🧑,Salmonella spp.,Negative,Enterobacteriaceae,1,High,3,Hospital,Portugal,Female,36,0,1,0,0,0,0,2018,0,1,0,0,0,0,0,0,0,0,0,1,0,0,0,0,0,0,1,0,1,1,0,5,0.217,Intermediate,0
ISO-00165,Poultry,Livestock,🐔,Enterococcus faecium,Positive,Enterococcaceae,1,Moderate,2,Layer farm,France,Female,2,0,0,0,0,0,0,2024,1,1,1,1,1,1,1,1,1,1,1,1,0,0,0,0,0,0,1,0,1,1,0,15,0.652,MDR,1
ISO-00166,Bovine,Livestock,🐄,Pasteurella multocida,Negative,Pasteurellaceae,1,Moderate,2,Dairy farm,South Africa,Male,1,0,0,0,0,0,0,2023,0,0,0,0,0,0,1,0,0,0,0,1,0,0,0,0,0,0,0,0,0,0,0,2,0.087,Intermediate,0
ISO-00167,Wild Boar,Wildlife,🐗,Salmonella spp.,Negative,Enterobacteriaceae,1,High,3,Hunting area,Italy,Female,3,0,0,0,0,0,0,2022,0,0,0,0,0,0,0,0,0,0,0,1,0,0,0,0,0,0,0,0,0,0,0,1,0.043,Intermediate,0
ISO-00168,Wild Bird,Wildlife,🦅,Salmonella spp.,Negative,Enterobacteriaceae,1,High,3,Wildlife rescue,USA,Unknown,0,0,0,0,0,0,0,2017,0,0,0,0,0,0,0,0,0,0,0,0,0,0,0,0,0,0,0,0,0,0,0,0,0.0,Susceptible,0
ISO-00169,Bovine,Livestock,🐄,Mannheimia haemolytica,Negative,Pasteurellaceae,0,Negligible,0,Dairy farm,Netherlands,Female,4,1,0,0,0,0,0,2023,0,1,0,1,0,0,0,0,0,0,0,0,0,1,1,1,1,0,0,0,0,0,0,6,0.261,Intermediate,0
ISO-00170,Soil,Environment,🌱,Acinetobacter baumannii,Negative,Moraxellaceae,0,Low,1,Urban soil,Italy,N/A,-1,0,0,0,0,0,0,2023,1,1,1,1,1,1,1,1,0,1,0,1,0,1,1,1,1,1,0,0,0,1,1,17,0.739,MDR,1
ISO-00171,Bovine,Livestock,🐄,Mannheimia haemolytica,Negative,Pasteurellaceae,0,Negligible,0,Dairy farm,Poland,Male,7,0,1,0,0,0,0,2017,1,1,1,0,1,0,0,0,0,0,1,1,0,0,0,0,0,0,0,0,0,0,1,7,0.304,Intermediate,0
ISO-00172,Poultry,Livestock,🐔,Escherichia coli,Negative,Enterobacteriaceae,1,High,3,Layer farm,Germany,Unknown,0,1,0,1,0,0,0,2023,1,1,0,1,1,1,1,1,0,0,0,0,0,0,1,0,1,0,0,0,0,1,0,10,0.435,Intermediate,0
ISO-00173,Human,Human,🧑,Salmonella spp.,Negative,Enterobacteriaceae,1,High,3,Long-term care,India,Male,68,1,0,0,0,0,0,2022,0,0,0,0,0,0,0,0,1,0,0,0,1,0,1,0,0,0,1,0,0,0,0,4,0.174,Intermediate,0
ISO-00174,Soil,Environment,🌱,Enterobacter cloacae,Negative,Enterobacteriaceae,0,Low,1,Forest,Poland,N/A,-1,0,0,0,0,0,0,2023,1,1,1,0,1,1,0,0,0,0,0,0,0,1,0,0,0,0,1,0,0,0,0,7,0.304,Intermediate,0
ISO-00175,Human,Human,🧑,Klebsiella pneumoniae,Negative,Enterobacteriaceae,1,Moderate,2,Long-term care,Italy,Male,98,1,0,0,0,0,0,2022,1,0,0,0,0,0,0,0,1,1,0,0,0,0,0,0,0,0,1,1,0,0,0,5,0.217,Intermediate,0
ISO-00176,Human,Human,🧑,Enterobacter cloacae,Negative,Enterobacteriaceae,0,Low,1,Hospital,Poland,Female,56,1,0,0,0,0,0,2018,1,1,0,1,1,1,0,1,0,1,0,0,1,0,0,0,0,0,0,0,0,1,0,9,0.391,Intermediate,0
ISO-00177,Porcine,Livestock,🐷,Clostridioides difficile,Positive,Clostridiaceae,1,Moderate,2,Pig farm,Netherlands,Unknown,1,1,1,0,0,0,0,2023,1,1,1,1,1,1,1,1,0,1,1,1,1,0,1,0,1,1,1,1,0,1,1,19,0.826,MDR,1
ISO-00178,Food,Environment,🥩,Campylobacter jejuni,Negative,Campylobacteraceae,1,Very High,4,Processing plant,France,N/A,-1,0,0,0,0,0,0,2021,0,0,0,1,1,0,1,1,0,0,0,0,0,0,0,0,0,0,1,0,0,0,1,6,0.261,Intermediate,0
ISO-00179,Water,Environment,💧,Salmonella spp.,Negative,Enterobacteriaceae,1,High,3,Drinking water,USA,N/A,-1,0,1,0,0,0,0,2019,1,1,0,0,0,0,0,1,0,0,0,0,0,0,0,0,1,0,1,0,0,0,1,6,0.261,Intermediate,0
ISO-00180,Equine,Companion,🐎,Acinetobacter baumannii,Negative,Moraxellaceae,0,Low,1,Equine clinic,Netherlands,Female,1,0,0,0,0,0,0,2016,0,1,1,1,1,1,1,0,1,1,1,1,0,1,1,1,1,1,1,0,0,0,1,17,0.739,MDR,1
ISO-00181,Water,Environment,💧,Escherichia coli,Negative,Enterobacteriaceae,1,High,3,Wastewater treatment,Brazil,N/A,-1,1,1,0,0,0,0,2018,0,0,1,0,1,1,0,1,0,0,0,1,0,0,0,1,0,0,1,0,1,1,0,9,0.391,Intermediate,0
ISO-00182,Water,Environment,💧,Escherichia coli,Negative,Enterobacteriaceae,1,High,3,Wastewater treatment,Brazil,N/A,-1,0,0,1,0,0,0,2019,1,0,0,1,1,1,1,1,0,0,0,0,0,1,1,0,0,0,0,0,0,0,0,8,0.348,Intermediate,0
ISO-00183,Poultry,Livestock,🐔,Campylobacter jejuni,Negative,Campylobacteraceae,1,Very High,4,Layer farm,Poland,Male,8,1,0,0,0,0,0,2015,1,0,1,1,1,0,1,1,1,0,1,1,0,0,0,0,0,0,0,0,0,1,0,10,0.435,Intermediate,0
ISO-00184,Bovine,Livestock,🐄,Escherichia coli,Negative,Enterobacteriaceae,1,High,3,Dairy farm,Netherlands,Unknown,2,1,0,0,0,0,0,2015,0,0,1,0,0,0,1,0,0,1,1,1,1,0,0,1,0,0,0,0,0,0,0,7,0.304,Intermediate,0
ISO-00185,Wild Bird,Wildlife,🦅,Salmonella spp.,Negative,Enterobacteriaceae,1,High,3,Wildlife rescue,USA,Unknown,3,1,0,0,0,0,0,2015,0,0,0,0,1,1,0,0,0,0,0,1,1,0,0,0,0,0,0,1,0,0,0,5,0.217,Intermediate,0
ISO-00186,Feline,Companion,🐈,Enterococcus faecalis,Positive,Enterococcaceae,1,Low,1,Veterinary clinic,Poland,Female,6,0,0,0,0,0,0,2020,0,0,0,1,1,1,1,1,1,0,0,0,0,0,0,1,0,0,1,0,1,0,0,9,0.391,Intermediate,0
ISO-00187,Bovine,Livestock,🐄,Pasteurella multocida,Negative,Pasteurellaceae,1,Moderate,2,Dairy farm,India,Male,2,0,0,0,0,0,0,2016,0,1,0,0,0,0,0,0,0,0,0,0,0,0,1,0,0,0,0,0,0,1,0,3,0.13,Intermediate,0
ISO-00188,Human,Human,🧑,Acinetobacter baumannii,Negative,Moraxellaceae,0,Low,1,Community,Portugal,Male,32,1,0,0,0,0,0,2024,1,1,1,1,1,1,0,1,0,1,1,0,1,1,0,0,1,1,1,1,1,0,1,17,0.739,MDR,1
ISO-00189,Equine,Companion,🐎,Klebsiella pneumoniae,Negative,Enterobacteriaceae,1,Moderate,2,Farm,Germany,Female,0,0,0,0,0,0,0,2017,1,0,1,1,0,1,0,1,0,0,0,0,0,1,0,1,0,0,1,1,0,1,0,10,0.435,Intermediate,0
ISO-00190,Human,Human,🧑,Acinetobacter baumannii,Negative,Moraxellaceae,0,Low,1,Hospital,USA,Female,55,1,0,0,0,0,0,2019,1,1,1,1,1,1,1,1,1,1,0,0,1,1,0,0,1,1,1,0,0,1,1,17,0.739,MDR,1
ISO-00191,Soil,Environment,🌱,Acinetobacter baumannii,Negative,Moraxellaceae,0,Low,1,Urban soil,Italy,N/A,-1,0,0,0,0,0,0,2017,1,1,1,1,1,1,1,0,0,1,0,1,0,0,0,1,1,1,0,0,0,1,1,14,0.609,MDR,1
ISO-00192,Human,Human,🧑,Staphylococcus pseudintermedius,Positive,Staphylococcaceae,1,Low,1,Hospital,Germany,Female,40,1,1,0,0,0,0,2022,1,0,0,1,0,1,1,0,0,0,1,0,1,0,0,0,1,0,0,0,1,0,0,8,0.348,Intermediate,0
ISO-00193,Human,Human,🧑,Klebsiella pneumoniae,Negative,Enterobacteriaceae,1,Moderate,2,Hospital,India,Female,76,0,0,0,0,0,0,2021,0,0,0,0,0,1,0,0,0,0,0,1,0,0,0,0,0,0,0,0,0,1,0,3,0.13,Intermediate,0
ISO-00194,Wild Boar,Wildlife,🐗,Salmonella spp.,Negative,Enterobacteriaceae,1,High,3,Nature reserve,Netherlands,Unknown,1,0,0,0,0,0,0,2021,1,0,0,0,0,0,0,1,0,0,0,0,1,0,1,0,0,0,1,0,0,1,0,6,0.261,Intermediate,0
ISO-00195,Human,Human,🧑,Enterobacter cloacae,Negative,Enterobacteriaceae,0,Low,1,Community,Spain,Male,61,1,0,0,0,0,0,2021,1,1,0,1,1,0,0,0,0,0,0,0,0,1,0,0,0,0,1,1,0,0,0,7,0.304,Intermediate,0
ISO-00196,Human,Human,🧑,Klebsiella pneumoniae,Negative,Enterobacteriaceae,1,Moderate,2,Long-term care,South Africa,Female,50,0,1,0,0,0,0,2017,1,0,1,1,1,0,0,0,0,0,0,0,0,1,0,0,0,0,0,0,0,1,0,6,0.261,Intermediate,0
ISO-00197,Canine,Companion,🐕,Escherichia coli,Negative,Enterobacteriaceae,1,High,3,Animal shelter,USA,Male,5,0,0,0,0,0,0,2023,1,1,1,0,0,0,0,0,0,0,0,1,1,0,0,0,0,0,0,0,0,0,0,5,0.217,Intermediate,0
ISO-00198,Water,Environment,💧,Salmonella spp.,Negative,Enterobacteriaceae,1,High,3,Wastewater treatment,Netherlands,N/A,-1,0,0,0,0,0,0,2024,0,1,0,1,0,0,1,0,0,0,0,0,0,0,0,0,0,0,1,0,0,1,0,5,0.217,Intermediate,0
ISO-00199,Human,Human,🧑,Staphylococcus aureus,Positive,Staphylococcaceae,1,Moderate,2,Hospital,Brazil,Male,35,0,0,0,0,0,0,2020,1,0,0,0,0,1,1,0,0,0,1,1,0,0,1,1,0,0,0,0,1,0,0,8,0.348,Intermediate,0
ISO-00200,Bovine,Livestock,🐄,Staphylococcus aureus,Positive,Staphylococcaceae,1,Moderate,2,Veterinary clinic,Spain,Male,1,0,0,0,0,0,0,2019,1,1,0,0,0,0,1,1,0,0,0,1,0,0,0,0,0,0,0,0,1,0,0,6,0.261,Intermediate,0
ISO-00201,Wild Bird,Wildlife,🦅,Escherichia coli,Negative,Enterobacteriaceae,1,High,3,Wildlife rescue,Italy,Unknown,0,0,0,0,0,0,0,2024,0,0,1,0,0,0,0,0,0,0,0,1,0,1,0,0,0,0,1,0,0,1,0,5,0.217,Intermediate,0
ISO-00202,Food,Environment,🥩,Enterococcus faecium,Positive,Enterococcaceae,1,Moderate,2,Slaughterhouse,France,N/A,-1,1,0,0,0,0,0,2015,1,1,0,1,1,1,1,1,0,1,1,0,1,1,1,0,1,1,1,0,1,0,0,16,0.696,MDR,1
ISO-00203,Poultry,Livestock,🐔,Enterococcus faecium,Positive,Enterococcaceae,1,Moderate,2,Layer farm,USA,Unknown,0,0,0,0,0,0,1,2015,1,0,0,1,1,1,1,1,0,0,1,1,0,0,0,0,1,1,1,0,1,1,0,13,0.565,MDR,1
ISO-00204,Human,Human,🧑,Pseudomonas aeruginosa,Negative,Pseudomonadaceae,0,Low,1,Community,France,Male,27,0,0,0,0,0,0,2021,1,1,0,1,1,1,0,0,0,0,1,0,0,0,0,0,1,1,1,1,0,1,1,12,0.522,MDR,1
ISO-00205,Human,Human,🧑,Clostridioides difficile,Positive,Clostridiaceae,1,Moderate,2,Long-term care,Brazil,Male,28,0,0,0,0,0,0,2024,1,1,0,1,1,1,1,1,0,0,0,0,1,0,0,0,0,0,0,0,0,0,0,8,0.348,Intermediate,0
ISO-00206,Human,Human,🧑,Escherichia coli,Negative,Enterobacteriaceae,1,High,3,Community,Italy,Male,53,0,0,0,0,0,0,2023,0,0,1,1,0,1,0,0,0,0,0,0,0,1,0,0,0,0,0,0,0,1,0,5,0.217,Intermediate,0
ISO-00207,Human,Human,🧑,Enterococcus faecalis,Positive,Enterococcaceae,1,Low,1,Long-term care,South Africa,Male,91,1,0,0,0,0,0,2016,0,0,1,1,1,1,1,1,1,1,1,0,0,1,1,0,0,0,1,0,1,0,0,13,0.565,MDR,1
ISO-00208,Feline,Companion,🐈,Enterococcus faecalis,Positive,Enterococcaceae,1,Low,1,Home,France,Female,4,0,0,0,0,0,0,2022,0,0,0,1,1,1,1,1,0,0,1,0,0,0,0,1,0,0,1,0,1,0,0,9,0.391,Intermediate,0
ISO-00209,Human,Human,🧑,Staphylococcus aureus,Positive,Staphylococcaceae,1,Moderate,2,Community,Poland,Female,61,0,1,0,0,0,0,2017,1,0,0,0,0,1,1,0,0,0,0,1,0,0,0,0,0,0,0,0,1,0,1,6,0.261,Intermediate,0
ISO-00210,Poultry,Livestock,🐔,Pasteurella multocida,Negative,Pasteurellaceae,1,Moderate,2,Abattoir,Brazil,Female,0,1,0,0,0,0,0,2017,0,1,0,0,0,0,0,0,0,0,1,0,0,0,0,0,0,0,1,0,0,0,0,3,0.13,Intermediate,0
ISO-00211,Feline,Companion,🐈,Pseudomonas aeruginosa,Negative,Pseudomonadaceae,0,Low,1,Home,Italy,Female,0,0,0,0,0,0,0,2018,1,1,0,1,1,0,0,0,0,0,1,0,0,0,1,0,1,1,1,1,0,1,1,12,0.522,MDR,1
ISO-00212,Canine,Companion,🐕,Clostridioides difficile,Positive,Clostridiaceae,1,Moderate,2,Home,Portugal,Male,6,0,0,0,0,0,0,2024,0,0,1,0,1,1,1,1,1,0,1,0,0,0,0,0,0,0,0,0,1,0,0,8,0.348,Intermediate,0
ISO-00213,Human,Human,🧑,Clostridioides difficile,Positive,Clostridiaceae,1,Moderate,2,Long-term care,Poland,Female,68,1,0,0,0,0,0,2024,1,1,0,1,1,1,1,1,0,0,0,0,1,0,1,0,0,0,1,0,0,0,0,10,0.435,Intermediate,0
ISO-00214,Wild Bird,Wildlife,🦅,Campylobacter jejuni,Negative,Campylobacteraceae,1,Very High,4,Wildlife rescue,United Kingdom,Unknown,0,0,0,0,0,0,0,2021,0,0,0,1,1,0,1,1,0,0,0,0,1,1,0,0,0,0,0,0,0,1,0,7,0.304,Intermediate,0
ISO-00215,Feline,Companion,🐈,Pasteurella multocida,Negative,Pasteurellaceae,1,Moderate,2,Veterinary clinic,India,Female,0,0,0,0,0,0,0,2019,0,0,0,1,0,0,0,0,0,0,0,0,0,0,0,0,0,0,1,1,0,0,0,3,0.13,Intermediate,0
ISO-00216,Equine,Companion,🐎,Mannheimia haemolytica,Negative,Pasteurellaceae,0,Negligible,0,Farm,India,Female,3,0,0,0,0,0,0,2016,0,1,0,0,0,0,0,0,0,0,0,1,0,0,0,0,0,0,0,0,0,0,0,2,0.087,Intermediate,0
ISO-00217,Human,Human,🧑,Salmonella spp.,Negative,Enterobacteriaceae,1,High,3,Community,Germany,Male,67,1,0,0,0,0,0,2023,1,0,0,0,0,0,1,0,0,0,0,0,0,1,0,0,0,0,1,0,0,0,0,4,0.174,Intermediate,0
ISO-00218,Human,Human,🧑,Staphylococcus aureus,Positive,Staphylococcaceae,1,Moderate,2,Hospital,Netherlands,Male,68,1,0,0,0,0,0,2021,1,1,0,0,0,0,1,0,0,0,0,0,1,1,0,0,0,0,0,0,1,1,0,7,0.304,Intermediate,0
ISO-00219,Soil,Environment,🌱,Enterobacter cloacae,Negative,Enterobacteriaceae,0,Low,1,Agricultural field,Portugal,N/A,-1,0,0,1,0,0,0,2018,1,1,1,1,1,1,1,1,0,1,0,0,0,0,0,0,0,0,0,0,0,0,0,9,0.391,Intermediate,0
ISO-00220,Porcine,Livestock,🐷,Pasteurella multocida,Negative,Pasteurellaceae,1,Moderate,2,Abattoir,Germany,Female,0,1,0,0,0,0,0,2017,0,0,0,0,1,1,0,0,0,0,0,1,0,0,1,0,0,0,0,0,1,0,0,5,0.217,Intermediate,0
ISO-00221,Bovine,Livestock,🐄,Mannheimia haemolytica,Negative,Pasteurellaceae,0,Negligible,0,Beef farm,Portugal,Unknown,3,1,0,0,0,0,0,2015,1,0,1,0,0,0,0,0,0,0,0,0,1,0,1,0,0,0,1,1,0,0,0,6,0.261,Intermediate,0
ISO-00222,Poultry,Livestock,🐔,Pasteurella multocida,Negative,Pasteurellaceae,1,Moderate,2,Abattoir,Brazil,Male,0,1,0,0,0,0,0,2020,1,1,0,1,0,1,1,0,0,0,0,0,0,0,0,0,0,0,0,0,1,0,0,6,0.261,Intermediate,0
ISO-00223,Feline,Companion,🐈,Pseudomonas aeruginosa,Negative,Pseudomonadaceae,0,Low,1,Animal shelter,Germany,Female,12,0,0,0,0,0,0,2023,1,1,0,1,1,1,0,0,0,0,0,0,1,0,0,0,1,1,1,1,0,1,1,12,0.522,MDR,1
ISO-00224,Soil,Environment,🌱,Escherichia coli,Negative,Enterobacteriaceae,1,High,3,Urban soil,Poland,N/A,-1,0,0,1,0,0,0,2019,0,0,1,1,1,1,1,1,0,1,0,0,0,0,0,0,0,0,1,0,0,1,0,9,0.391,Intermediate,0
ISO-00225,Bovine,Livestock,🐄,Pasteurella multocida,Negative,Pasteurellaceae,1,Moderate,2,Beef farm,India,Female,1,0,0,0,0,0,0,2018,1,0,0,1,0,0,0,0,0,0,1,0,1,0,0,0,0,1,1,0,0,0,0,6,0.261,Intermediate,0
ISO-00226,Soil,Environment,🌱,Enterobacter cloacae,Negative,Enterobacteriaceae,0,Low,1,Forest,Italy,N/A,-1,0,0,0,0,0,0,2021,1,0,0,1,1,1,1,0,0,0,0,1,0,0,1,0,0,0,0,0,1,1,0,9,0.391,Intermediate,0
ISO-00227,Human,Human,🧑,Enterococcus faecium,Positive,Enterococcaceae,1,Moderate,2,Community,France,Male,67,0,0,0,0,0,0,2016,1,1,0,1,1,1,1,1,1,0,1,1,1,1,0,0,1,0,1,0,1,0,0,15,0.652,MDR,1
ISO-00228,Poultry,Livestock,🐔,Enterococcus faecium,Positive,Enterococcaceae,1,Moderate,2,Layer farm,Italy,Female,0,1,1,0,0,0,0,2016,1,1,1,1,1,1,1,1,1,1,1,1,0,1,0,0,1,1,1,1,1,1,0,19,0.826,MDR,1
ISO-00229,Canine,Companion,🐕,Staphylococcus pseudintermedius,Positive,Staphylococcaceae,1,Low,1,Home,India,Male,8,0,0,0,0,0,0,2017,1,0,1,0,0,0,0,0,0,0,0,0,0,0,1,0,0,0,1,0,1,1,0,6,0.261,Intermediate,0
ISO-00230,Human,Human,🧑,Salmonella spp.,Negative,Enterobacteriaceae,1,High,3,Community,USA,Male,77,0,0,1,0,0,0,2022,1,0,0,1,1,1,1,1,0,0,0,1,0,0,0,0,0,0,1,0,0,0,0,8,0.348,Intermediate,0
ISO-00231,Human,Human,🧑,Staphylococcus pseudintermedius,Positive,Staphylococcaceae,1,Low,1,Community,Brazil,Female,5,0,0,0,0,0,0,2020,1,1,0,1,1,0,0,1,0,0,0,0,0,0,0,0,0,0,0,0,1,0,0,6,0.261,Intermediate,0
ISO-00232,Porcine,Livestock,🐷,Pasteurella multocida,Negative,Pasteurellaceae,1,Moderate,2,Abattoir,India,Unknown,1,0,0,0,0,0,0,2024,0,1,0,1,0,0,1,0,0,0,0,1,1,1,0,0,0,0,0,0,0,0,0,6,0.261,Intermediate,0
ISO-00233,Food,Environment,🥩,Enterococcus faecium,Positive,Enterococcaceae,1,Moderate,2,Slaughterhouse,Spain,N/A,-1,0,0,0,0,0,0,2022,1,1,1,1,1,1,1,1,1,1,1,0,1,0,1,0,1,0,0,0,1,0,0,15,0.652,MDR,1
ISO-00234,Canine,Companion,🐕,Acinetobacter baumannii,Negative,Moraxellaceae,0,Low,1,Veterinary clinic,South Africa,Female,5,0,0,0,0,0,0,2021,1,1,0,1,1,1,1,1,1,1,1,1,1,0,0,1,1,1,1,0,0,1,1,18,0.783,MDR,1
ISO-00235,Soil,Environment,🌱,Escherichia coli,Negative,Enterobacteriaceae,1,High,3,Urban soil,Germany,N/A,-1,0,0,0,0,0,0,2021,1,1,0,0,0,0,1,0,0,0,0,0,0,0,0,0,0,0,0,0,0,1,0,4,0.174,Intermediate,0
ISO-00236,Wild Bird,Wildlife,🦅,Escherichia coli,Negative,Enterobacteriaceae,1,High,3,Nature reserve,Poland,Unknown,0,1,0,0,0,0,0,2016,0,1,0,0,1,1,0,0,0,0,0,0,0,1,0,0,0,0,0,0,0,0,0,4,0.174,Intermediate,0
ISO-00237,Porcine,Livestock,🐷,Pasteurella multocida,Negative,Pasteurellaceae,1,Moderate,2,Veterinary clinic,India,Female,10,0,0,0,0,0,0,2019,1,1,0,0,0,0,0,0,0,0,0,0,0,1,0,0,0,0,1,0,0,0,0,4,0.174,Intermediate,0
ISO-00238,Wild Bird,Wildlife,🦅,Campylobacter jejuni,Negative,Campylobacteraceae,1,Very High,4,Wildlife rescue,South Africa,Unknown,2,0,0,0,0,0,0,2022,1,0,1,1,1,1,1,1,0,0,0,0,0,0,0,0,0,0,0,0,0,0,0,7,0.304,Intermediate,0
ISO-00239,Human,Human,🧑,Enterococcus faecium,Positive,Enterococcaceae,1,Moderate,2,Hospital,India,Female,22,1,0,0,0,0,0,2015,1,1,0,1,1,1,1,1,1,1,1,1,1,1,0,1,1,0,0,0,1,0,0,16,0.696,MDR,1
ISO-00240,Human,Human,🧑,Campylobacter jejuni,Negative,Campylobacteraceae,1,Very High,4,Long-term care,France,Male,82,0,0,0,0,0,0,2019,1,0,0,1,1,0,1,1,0,0,0,1,0,0,1,0,0,0,1,0,0,1,0,9,0.391,Intermediate,0
ISO-00241,Wild Boar,Wildlife,🐗,Clostridioides difficile,Positive,Clostridiaceae,1,Moderate,2,Hunting area,India,Male,1,0,0,0,0,0,0,2020,1,1,1,1,1,1,0,1,0,0,0,0,0,0,0,0,0,0,0,0,1,0,0,8,0.348,Intermediate,0
ISO-00242,Wild Bird,Wildlife,🦅,Escherichia coli,Negative,Enterobacteriaceae,1,High,3,Wildlife rescue,Spain,Unknown,6,0,0,0,0,0,0,2020,0,0,0,0,0,0,0,0,0,0,0,0,1,0,0,0,0,0,0,0,0,0,0,1,0.043,Intermediate,0
ISO-00243,Human,Human,🧑,Clostridioides difficile,Positive,Clostridiaceae,1,Moderate,2,Long-term care,United Kingdom,Male,84,1,0,0,0,0,0,2017,1,0,1,1,1,1,1,1,0,0,0,0,1,0,0,1,0,0,1,0,1,1,0,12,0.522,MDR,1
ISO-00244,Poultry,Livestock,🐔,Staphylococcus aureus,Positive,Staphylococcaceae,1,Moderate,2,Abattoir,South Africa,Male,1,0,1,0,0,0,0,2019,1,0,0,0,0,0,0,0,0,0,0,0,1,0,1,0,0,0,0,1,1,0,0,5,0.217,Intermediate,0
ISO-00245,Canine,Companion,🐕,Escherichia coli,Negative,Enterobacteriaceae,1,High,3,Veterinary clinic,India,Female,9,0,0,0,0,0,0,2024,1,1,1,1,0,0,0,0,0,0,0,0,0,1,0,0,0,0,1,1,0,0,0,7,0.304,Intermediate,0
ISO-00246,Water,Environment,💧,Pseudomonas aeruginosa,Negative,Pseudomonadaceae,0,Low,1,Drinking water,Spain,N/A,-1,0,0,0,0,0,0,2017,1,1,0,1,1,1,0,0,0,0,1,1,0,0,0,0,1,1,1,1,0,1,1,13,0.565,MDR,1
ISO-00247,Canine,Companion,🐕,Staphylococcus aureus,Positive,Staphylococcaceae,1,Moderate,2,Home,Brazil,Male,4,0,0,0,0,0,0,2023,0,0,1,0,0,0,0,1,0,1,0,0,0,0,0,0,0,0,0,0,1,1,0,5,0.217,Intermediate,0
ISO-00248,Porcine,Livestock,🐷,Escherichia coli,Negative,Enterobacteriaceae,1,High,3,Veterinary clinic,India,Unknown,0,1,0,0,0,0,0,2015,1,1,0,1,1,0,1,0,0,0,0,0,1,0,1,0,1,0,0,0,0,1,0,9,0.391,Intermediate,0
ISO-00249,Bovine,Livestock,🐄,Escherichia coli,Negative,Enterobacteriaceae,1,High,3,Dairy farm,Germany,Female,0,1,0,0,0,0,0,2016,1,1,0,0,1,0,0,0,0,0,0,0,1,1,1,0,0,0,0,0,0,0,1,7,0.304,Intermediate,0
ISO-00250,Porcine,Livestock,🐷,Escherichia coli,Negative,Enterobacteriaceae,1,High,3,Veterinary clinic,United Kingdom,Female,3,0,0,0,0,0,0,2021,1,0,1,1,0,0,0,0,0,0,0,0,0,0,1,0,0,0,1,0,0,1,0,6,0.261,Intermediate,0
ISO-00251,Canine,Companion,🐕,Staphylococcus aureus,Positive,Staphylococcaceae,1,Moderate,2,Home,United Kingdom,Male,10,0,0,0,0,0,0,2019,0,0,0,1,0,0,0,1,0,0,0,0,0,0,0,0,0,0,0,0,1,1,0,4,0.174,Intermediate,0
ISO-00252,Water,Environment,💧,Enterobacter cloacae,Negative,Enterobacteriaceae,0,Low,1,Wastewater treatment,Poland,N/A,-1,0,0,0,0,0,0,2018,1,1,0,1,1,0,1,1,0,0,0,0,1,0,0,0,0,0,0,0,0,0,0,7,0.304,Intermediate,0
ISO-00253,Porcine,Livestock,🐷,Enterococcus faecium,Positive,Enterococcaceae,1,Moderate,2,Veterinary clinic,Germany,Female,1,0,0,0,0,0,0,2020,1,1,1,1,1,1,1,1,1,1,1,1,1,0,0,0,1,1,1,0,1,1,0,18,0.783,MDR,1
ISO-00254,Human,Human,🧑,Campylobacter jejuni,Negative,Campylobacteraceae,1,Very High,4,Long-term care,Netherlands,Female,34,1,1,0,0,0,0,2017,1,0,0,1,1,0,1,1,0,0,0,1,1,0,0,0,0,0,0,0,1,1,1,10,0.435,Intermediate,0
ISO-00255,Human,Human,🧑,Acinetobacter baumannii,Negative,Moraxellaceae,0,Low,1,Hospital,India,Female,86,0,0,0,0,0,0,2019,1,1,1,1,1,1,1,1,0,1,0,0,1,1,1,0,1,1,1,1,0,1,1,18,0.783,MDR,1
ISO-00256,Equine,Companion,🐎,Klebsiella pneumoniae,Negative,Enterobacteriaceae,1,Moderate,2,Racing stable,India,Male,5,0,0,0,0,0,0,2017,1,0,1,0,1,0,0,0,0,0,0,0,0,0,1,0,0,0,1,0,1,1,0,7,0.304,Intermediate,0
ISO-00257,Wild Bird,Wildlife,🦅,Escherichia coli,Negative,Enterobacteriaceae,1,High,3,Research station,United Kingdom,Unknown,0,1,0,0,0,0,0,2021,0,0,1,0,1,0,1,0,0,0,1,0,1,0,1,1,0,1,1,0,0,0,0,9,0.391,Intermediate,0
ISO-00258,Human,Human,🧑,Campylobacter jejuni,Negative,Campylobacteraceae,1,Very High,4,Community,USA,Female,74,1,0,0,0,0,0,2024,0,0,1,1,1,0,1,1,0,0,0,0,1,0,0,0,0,0,1,0,1,0,1,9,0.391,Intermediate,0
ISO-00259,Human,Human,🧑,Salmonella spp.,Negative,Enterobacteriaceae,1,High,3,Long-term care,Portugal,Male,74,1,0,0,0,0,0,2020,0,0,0,1,0,0,0,0,0,0,0,0,1,0,0,0,0,0,1,0,1,0,0,4,0.174,Intermediate,0
ISO-00260,Canine,Companion,🐕,Pseudomonas aeruginosa,Negative,Pseudomonadaceae,0,Low,1,Animal shelter,Portugal,Female,0,0,0,0,0,0,0,2017,1,1,0,1,1,0,0,0,0,0,1,1,0,0,0,0,1,1,1,0,0,1,1,11,0.478,Intermediate,0
ISO-00261,Human,Human,🧑,Campylobacter jejuni,Negative,Campylobacteraceae,1,Very High,4,Hospital,Poland,Male,69,0,0,0,0,0,0,2022,0,0,1,1,0,0,1,1,0,0,0,1,0,0,0,0,0,0,1,0,0,1,0,7,0.304,Intermediate,0
ISO-00262,Wild Boar,Wildlife,🐗,Escherichia coli,Negative,Enterobacteriaceae,1,High,3,Research station,United Kingdom,Unknown,1,0,0,0,0,0,0,2020,0,0,1,0,1,1,0,1,0,0,0,0,0,0,0,0,0,0,1,0,0,1,0,6,0.261,Intermediate,0
ISO-00263,Bovine,Livestock,🐄,Pasteurella multocida,Negative,Pasteurellaceae,1,Moderate,2,Beef farm,Poland,Female,2,0,0,0,0,0,0,2015,0,0,0,0,0,0,0,0,0,0,0,0,1,0,0,0,0,0,1,0,1,0,0,3,0.13,Intermediate,0
ISO-00264,Human,Human,🧑,Clostridioides difficile,Positive,Clostridiaceae,1,Moderate,2,Community,Portugal,Female,41,0,1,0,0,0,0,2024,1,1,1,1,1,1,1,1,0,0,0,0,1,0,0,0,0,0,0,0,1,1,1,12,0.522,MDR,1
ISO-00265,Soil,Environment,🌱,Escherichia coli,Negative,Enterobacteriaceae,1,High,3,Urban soil,France,N/A,-1,1,0,1,0,0,0,2017,1,1,0,1,1,1,1,1,1,0,0,1,1,0,1,0,0,1,1,0,0,0,0,13,0.565,MDR,1
ISO-00266,Human,Human,🧑,Acinetobacter baumannii,Negative,Moraxellaceae,0,Low,1,Long-term care,Netherlands,Female,54,1,0,0,0,0,0,2019,1,1,1,1,1,1,1,1,1,0,0,1,1,1,0,1,1,1,1,0,1,1,1,19,0.826,MDR,1
ISO-00267,Bovine,Livestock,🐄,Enterococcus faecium,Positive,Enterococcaceae,1,Moderate,2,Beef farm,India,Male,0,0,0,0,0,0,0,2019,1,1,1,1,1,1,1,1,1,0,1,0,0,1,1,1,0,0,1,0,1,1,0,16,0.696,MDR,1
ISO-00268,Human,Human,🧑,Salmonella spp.,Negative,Enterobacteriaceae,1,High,3,Community,Italy,Male,98,0,0,1,0,0,0,2017,0,0,0,1,1,1,1,1,0,0,0,1,1,0,0,0,0,0,0,0,0,1,0,8,0.348,Intermediate,0
ISO-00269,Human,Human,🧑,Clostridioides difficile,Positive,Clostridiaceae,1,Moderate,2,Long-term care,France,Male,38,0,0,0,0,0,0,2024,0,1,1,1,1,1,0,1,1,0,0,1,0,0,0,0,0,0,1,0,0,0,0,9,0.391,Intermediate,0
ISO-00270,Human,Human,🧑,Staphylococcus aureus,Positive,Staphylococcaceae,1,Moderate,2,Community,India,Male,50,1,0,0,0,0,0,2020,1,1,0,0,0,0,0,0,1,0,0,0,0,1,0,1,1,0,0,0,1,0,1,8,0.348,Intermediate,0
ISO-00271,Human,Human,🧑,Enterobacter cloacae,Negative,Enterobacteriaceae,0,Low,1,Long-term care,Netherlands,Male,13,0,0,1,0,0,0,2021,1,1,1,1,1,1,1,1,0,0,0,0,0,0,1,0,0,0,1,0,0,0,0,10,0.435,Intermediate,0
ISO-00272,Human,Human,🧑,Enterococcus faecium,Positive,Enterococcaceae,1,Moderate,2,Community,France,Male,66,1,0,0,0,0,0,2015,1,1,1,1,1,1,1,1,1,1,1,1,1,1,0,1,1,0,1,0,1,0,0,18,0.783,MDR,1
ISO-00273,Human,Human,🧑,Enterobacter cloacae,Negative,Enterobacteriaceae,0,Low,1,Long-term care,USA,Male,74,0,0,0,0,0,0,2021,1,1,0,1,1,0,0,0,0,0,0,1,1,0,0,0,0,0,1,0,0,0,0,7,0.304,Intermediate,0
ISO-00274,Canine,Companion,🐕,Clostridioides difficile,Positive,Clostridiaceae,1,Moderate,2,Home,India,Male,9,0,0,0,0,0,0,2015,1,1,1,1,1,1,1,1,0,0,0,0,0,0,0,0,0,0,0,0,1,0,0,9,0.391,Intermediate,0
ISO-00275,Feline,Companion,🐈,Enterococcus faecalis,Positive,Enterococcaceae,1,Low,1,Veterinary clinic,France,Male,0,0,1,0,0,0,0,2020,1,0,0,1,1,1,1,1,1,0,1,0,0,1,1,0,1,0,0,0,1,1,1,14,0.609,MDR,1
ISO-00276,Porcine,Livestock,🐷,Enterococcus faecalis,Positive,Enterococcaceae,1,Low,1,Abattoir,France,Male,1,1,0,0,0,0,0,2015,0,1,0,1,1,1,1,1,1,0,1,1,1,1,0,1,1,0,0,1,1,1,0,16,0.696,MDR,1
ISO-00277,Bovine,Livestock,🐄,Escherichia coli,Negative,Enterobacteriaceae,1,High,3,Beef farm,India,Unknown,1,1,0,0,0,0,0,2017,0,1,0,1,0,0,0,1,0,0,0,0,1,0,0,0,0,0,0,1,0,1,0,6,0.261,Intermediate,0
ISO-00278,Poultry,Livestock,🐔,Escherichia coli,Negative,Enterobacteriaceae,1,High,3,Layer farm,USA,Male,0,1,1,1,0,0,0,2021,1,1,1,1,1,1,1,1,1,0,1,0,0,0,0,0,0,0,0,0,0,1,1,12,0.522,MDR,1
ISO-00279,Water,Environment,💧,Escherichia coli,Negative,Enterobacteriaceae,1,High,3,Wastewater treatment,India,N/A,-1,0,1,0,0,0,0,2015,0,0,0,1,1,0,0,0,0,0,0,0,0,1,1,0,0,0,1,0,0,1,0,6,0.261,Intermediate,0
ISO-00280,Wild Boar,Wildlife,🐗,Escherichia coli,Negative,Enterobacteriaceae,1,High,3,Research station,Netherlands,Female,0,1,0,0,0,0,0,2022,1,0,1,1,1,0,0,0,0,0,0,1,0,0,0,0,0,0,1,0,0,1,0,7,0.304,Intermediate,0
ISO-00281,Human,Human,🧑,Staphylococcus pseudintermedius,Positive,Staphylococcaceae,1,Low,1,Hospital,Germany,Female,98,0,0,0,0,0,0,2022,1,1,1,0,0,1,0,0,0,0,0,1,1,0,0,0,0,0,0,0,1,1,0,8,0.348,Intermediate,0
ISO-00282,Human,Human,🧑,Pseudomonas aeruginosa,Negative,Pseudomonadaceae,0,Low,1,Long-term care,USA,Male,6,1,0,0,0,0,0,2017,1,1,0,1,1,1,1,1,0,0,0,0,0,0,0,0,1,1,1,1,0,1,1,13,0.565,MDR,1
ISO-00283,Human,Human,🧑,Acinetobacter baumannii,Negative,Moraxellaceae,0,Low,1,Long-term care,France,Male,26,0,0,0,0,0,0,2016,1,1,0,1,0,1,0,0,0,1,0,1,0,1,0,1,1,1,1,0,0,1,1,13,0.565,MDR,1
ISO-00284,Human,Human,🧑,Enterococcus faecalis,Positive,Enterococcaceae,1,Low,1,Community,Germany,Female,46,1,0,0,0,0,0,2016,0,0,0,1,1,1,1,1,1,0,1,0,1,0,1,0,0,1,0,0,1,0,0,11,0.478,Intermediate,0
ISO-00285,Poultry,Livestock,🐔,Enterococcus faecium,Positive,Enterococcaceae,1,Moderate,2,Abattoir,Spain,Unknown,3,0,0,0,0,0,0,2016,1,1,1,1,1,1,1,1,1,1,1,0,0,0,1,0,1,1,1,0,1,1,1,18,0.783,MDR,1
ISO-00286,Porcine,Livestock,🐷,Clostridioides difficile,Positive,Clostridiaceae,1,Moderate,2,Pig farm,Italy,Unknown,1,1,0,0,0,0,0,2024,1,1,1,1,1,1,1,1,0,1,0,1,0,0,0,0,0,0,0,0,1,0,1,12,0.522,MDR,1
ISO-00287,Human,Human,🧑,Campylobacter jejuni,Negative,Campylobacteraceae,1,Very High,4,Hospital,Portugal,Female,91,0,0,0,0,0,0,2017,0,0,0,1,1,0,0,1,1,0,0,0,1,0,0,0,0,0,0,0,0,1,0,6,0.261,Intermediate,0
ISO-00288,Bovine,Livestock,🐄,Staphylococcus aureus,Positive,Staphylococcaceae,1,Moderate,2,Beef farm,Brazil,Male,3,1,0,0,0,0,0,2023,1,0,1,1,0,0,1,0,0,0,0,0,1,0,0,0,0,1,1,0,1,0,0,8,0.348,Intermediate,0
ISO-00289,Poultry,Livestock,🐔,Pasteurella multocida,Negative,Pasteurellaceae,1,Moderate,2,Abattoir,Spain,Female,1,1,0,0,0,0,0,2015,0,0,1,1,0,0,0,0,0,1,0,0,0,0,0,1,0,0,1,0,0,1,0,6,0.261,Intermediate,0
ISO-00290,Human,Human,🧑,Campylobacter jejuni,Negative,Campylobacteraceae,1,Very High,4,Long-term care,France,Female,67,0,0,0,0,0,0,2015,0,1,0,1,1,0,1,0,0,0,1,0,0,0,0,0,0,0,1,0,0,0,0,6,0.261,Intermediate,0
ISO-00291,Wild Boar,Wildlife,🐗,Salmonella spp.,Negative,Enterobacteriaceae,1,High,3,Nature reserve,France,Unknown,0,0,0,0,0,0,0,2023,0,0,0,0,0,0,0,1,0,0,0,0,0,0,0,0,0,0,1,0,0,0,0,2,0.087,Intermediate,0
ISO-00292,Human,Human,🧑,Escherichia coli,Negative,Enterobacteriaceae,1,High,3,Community,USA,Male,41,0,0,0,0,0,0,2018,0,0,0,1,0,0,0,0,0,0,0,1,0,0,0,0,0,0,0,0,0,0,0,2,0.087,Intermediate,0
ISO-00293,Soil,Environment,🌱,Acinetobacter baumannii,Negative,Moraxellaceae,0,Low,1,Agricultural field,Brazil,N/A,-1,1,0,0,0,0,0,2021,1,1,1,1,1,0,0,1,1,0,0,1,0,1,1,1,1,1,1,0,0,1,1,16,0.696,MDR,1
ISO-00294,Human,Human,🧑,Klebsiella pneumoniae,Negative,Enterobacteriaceae,1,Moderate,2,Community,Italy,Female,43,0,0,0,0,0,0,2017,1,0,0,1,0,1,1,1,0,0,0,1,0,0,0,0,0,0,1,0,0,0,0,7,0.304,Intermediate,0
ISO-00295,Wild Boar,Wildlife,🐗,Clostridioides difficile,Positive,Clostridiaceae,1,Moderate,2,Nature reserve,Netherlands,Female,0,0,0,0,0,0,0,2017,1,1,1,1,1,1,1,1,0,0,0,1,0,0,0,0,0,0,0,0,1,0,0,10,0.435,Intermediate,0
ISO-00296,Water,Environment,💧,Enterobacter cloacae,Negative,Enterobacteriaceae,0,Low,1,Wastewater treatment,Poland,N/A,-1,0,0,1,0,0,0,2021,1,1,1,1,1,1,1,1,0,0,0,0,1,0,0,0,0,0,1,0,0,0,0,10,0.435,Intermediate,0
ISO-00297,Food,Environment,🥩,Salmonella spp.,Negative,Enterobacteriaceae,1,High,3,Retail,Portugal,N/A,-1,0,0,0,0,0,0,2020,0,0,1,0,0,0,0,0,0,0,0,0,0,1,0,0,0,0,1,0,0,0,0,3,0.13,Intermediate,0
ISO-00298,Wild Bird,Wildlife,🦅,Campylobacter jejuni,Negative,Campylobacteraceae,1,Very High,4,Wildlife rescue,Portugal,Unknown,1,0,0,0,0,0,0,2019,0,0,0,1,1,0,1,1,0,0,0,1,1,0,0,0,0,0,1,0,0,1,0,8,0.348,Intermediate,0
ISO-00299,Wild Bird,Wildlife,🦅,Escherichia coli,Negative,Enterobacteriaceae,1,High,3,Research station,USA,Unknown,0,0,0,0,0,0,0,2015,0,1,0,1,0,0,0,0,0,0,0,0,0,0,0,0,0,0,0,0,0,0,0,2,0.087,Intermediate,0
ISO-00300,Canine,Companion,🐕,Campylobacter jejuni,Negative,Campylobacteraceae,1,Very High,4,Home,Poland,Female,5,1,0,0,0,0,0,2019,1,1,0,1,1,0,1,1,0,0,0,0,0,1,0,0,0,0,1,0,0,1,0,9,0.391,Intermediate,0
ISO-00301,Wild Bird,Wildlife,🦅,Escherichia coli,Negative,Enterobacteriaceae,1,High,3,Nature reserve,India,Unknown,1,0,0,0,0,0,0,2021,1,0,0,1,1,0,0,0,0,0,0,0,0,0,0,0,0,0,0,0,0,0,0,3,0.13,Intermediate,0
ISO-00302,Human,Human,🧑,Escherichia coli,Negative,Enterobacteriaceae,1,High,3,Community,India,Female,38,1,0,0,0,0,0,2016,1,0,0,1,0,1,1,1,0,0,0,1,1,0,1,0,0,0,0,0,0,0,0,8,0.348,Intermediate,0
ISO-00303,Poultry,Livestock,🐔,Campylobacter jejuni,Negative,Campylobacteraceae,1,Very High,4,Abattoir,United Kingdom,Female,5,1,0,0,0,0,0,2021,0,1,1,1,1,0,1,1,0,0,0,1,1,1,0,0,0,0,1,0,0,1,0,11,0.478,Intermediate,0
ISO-00304,Poultry,Livestock,🐔,Campylobacter jejuni,Negative,Campylobacteraceae,1,Very High,4,Abattoir,Poland,Unknown,3,1,0,0,0,0,0,2021,1,0,0,1,1,0,1,0,1,1,0,0,1,1,0,0,0,0,1,0,0,1,0,10,0.435,Intermediate,0
ISO-00305,Wild Boar,Wildlife,🐗,Clostridioides difficile,Positive,Clostridiaceae,1,Moderate,2,Hunting area,Germany,Unknown,0,0,0,0,0,0,0,2019,1,1,1,1,1,1,0,1,0,0,0,0,1,0,0,0,0,0,0,0,1,0,0,9,0.391,Intermediate,0
ISO-00306,Porcine,Livestock,🐷,Pasteurella multocida,Negative,Pasteurellaceae,1,Moderate,2,Veterinary clinic,Italy,Male,1,1,0,0,0,0,0,2019,0,0,0,0,0,0,0,1,0,0,0,0,0,1,0,1,0,0,0,0,0,0,0,3,0.13,Intermediate,0
ISO-00307,Porcine,Livestock,🐷,Pasteurella multocida,Negative,Pasteurellaceae,1,Moderate,2,Pig farm,USA,Male,2,1,0,0,0,0,0,2024,0,0,0,0,0,0,0,0,0,0,1,0,0,0,0,0,0,0,0,1,0,0,0,2,0.087,Intermediate,0
ISO-00308,Canine,Companion,🐕,Acinetobacter baumannii,Negative,Moraxellaceae,0,Low,1,Veterinary clinic,Italy,Male,6,0,0,0,0,0,0,2015,1,1,1,1,1,1,1,1,0,0,0,1,0,1,0,0,1,1,1,0,0,1,1,15,0.652,MDR,1
ISO-00309,Human,Human,🧑,Staphylococcus aureus,Positive,Staphylococcaceae,1,Moderate,2,Community,Portugal,Female,64,0,0,0,0,0,0,2023,1,0,0,0,1,0,0,0,0,0,0,1,0,0,0,0,0,0,0,0,1,0,0,4,0.174,Intermediate,0
ISO-00310,Human,Human,🧑,Campylobacter jejuni,Negative,Campylobacteraceae,1,Very High,4,Long-term care,United Kingdom,Male,69,1,0,0,0,0,0,2016,1,1,0,1,0,0,0,1,0,0,0,0,1,1,0,1,1,0,0,0,0,1,0,9,0.391,Intermediate,0
ISO-00311,Porcine,Livestock,🐷,Staphylococcus aureus,Positive,Staphylococcaceae,1,Moderate,2,Veterinary clinic,France,Male,1,0,0,0,0,1,0,2015,1,1,0,0,0,1,0,0,0,1,0,0,0,0,0,0,0,0,0,0,1,0,0,5,0.217,Intermediate,0
ISO-00312,Porcine,Livestock,🐷,Enterococcus faecium,Positive,Enterococcaceae,1,Moderate,2,Pig farm,Germany,Female,1,1,0,0,0,0,1,2017,1,1,1,1,1,1,1,1,1,1,1,1,1,1,1,0,1,1,1,0,1,1,1,21,0.913,MDR,1
ISO-00313,Human,Human,🧑,Clostridioides difficile,Positive,Clostridiaceae,1,Moderate,2,Long-term care,Spain,Male,56,0,0,0,0,0,0,2023,1,1,1,1,1,1,1,1,0,1,0,1,0,0,0,0,0,0,1,0,1,0,0,12,0.522,MDR,1
ISO-00314,Bovine,Livestock,🐄,Pasteurella multocida,Negative,Pasteurellaceae,1,Moderate,2,Veterinary clinic,Spain,Female,2,1,0,0,0,0,0,2024,0,0,1,0,1,0,0,0,0,0,0,0,0,1,1,0,0,1,1,0,0,0,0,6,0.261,Intermediate,0
ISO-00315,Bovine,Livestock,🐄,Campylobacter jejuni,Negative,Campylobacteraceae,1,Very High,4,Beef farm,Portugal,Unknown,1,1,0,0,0,0,0,2018,1,0,0,1,1,0,0,1,0,0,0,1,1,0,0,0,0,0,0,0,0,0,0,6,0.261,Intermediate,0
ISO-00316,Bovine,Livestock,🐄,Mannheimia haemolytica,Negative,Pasteurellaceae,0,Negligible,0,Veterinary clinic,France,Unknown,1,0,1,0,0,0,0,2017,1,0,0,1,1,0,0,1,0,0,0,0,0,0,1,0,0,1,0,0,0,0,0,6,0.261,Intermediate,0
ISO-00317,Bovine,Livestock,🐄,Enterococcus faecium,Positive,Enterococcaceae,1,Moderate,2,Veterinary clinic,Italy,Male,0,1,0,0,0,0,0,2016,1,1,1,1,1,1,1,1,1,0,1,1,1,1,1,1,0,0,1,1,1,1,0,19,0.826,MDR,1
ISO-00318,Feline,Companion,🐈,Escherichia coli,Negative,Enterobacteriaceae,1,High,3,Veterinary clinic,United Kingdom,Female,9,0,0,0,0,0,0,2021,1,0,1,0,1,1,0,0,0,0,0,1,0,0,0,0,0,0,1,0,0,0,0,6,0.261,Intermediate,0
ISO-00319,Bovine,Livestock,🐄,Pasteurella multocida,Negative,Pasteurellaceae,1,Moderate,2,Veterinary clinic,United Kingdom,Unknown,4,0,0,0,0,0,0,2023,0,0,0,0,0,0,0,0,0,0,0,0,1,0,0,0,0,0,0,0,0,0,0,1,0.043,Intermediate,0
ISO-00320,Soil,Environment,🌱,Acinetobacter baumannii,Negative,Moraxellaceae,0,Low,1,Urban soil,South Africa,N/A,-1,1,0,0,0,0,0,2016,1,1,1,1,1,1,1,1,1,1,0,0,1,1,1,1,1,1,1,1,0,1,1,20,0.87,MDR,1
ISO-00321,Water,Environment,💧,Pseudomonas aeruginosa,Negative,Pseudomonadaceae,0,Low,1,Drinking water,India,N/A,-1,1,0,0,0,0,0,2018,1,1,0,1,1,1,0,1,0,0,1,1,0,0,0,0,1,1,1,1,1,1,1,15,0.652,MDR,1
ISO-00322,Poultry,Livestock,🐔,Enterococcus faecalis,Positive,Enterococcaceae,1,Low,1,Abattoir,Netherlands,Female,0,0,0,0,0,0,0,2019,0,0,0,1,1,1,1,1,0,1,1,0,0,0,0,0,0,0,0,0,1,1,0,9,0.391,Intermediate,0
ISO-00323,Bovine,Livestock,🐄,Enterococcus faecium,Positive,Enterococcaceae,1,Moderate,2,Beef farm,Germany,Unknown,0,1,0,0,0,0,0,2017,1,1,1,1,1,1,1,1,1,1,1,1,1,1,1,0,1,1,1,1,1,0,0,20,0.87,MDR,1
ISO-00324,Poultry,Livestock,🐔,Enterococcus faecium,Positive,Enterococcaceae,1,Moderate,2,Broiler farm,Italy,Female,0,0,0,0,0,0,0,2022,1,1,0,1,1,1,1,1,0,0,1,0,1,1,1,1,0,0,0,0,1,0,0,13,0.565,MDR,1
ISO-00325,Wild Boar,Wildlife,🐗,Clostridioides difficile,Positive,Clostridiaceae,1,Moderate,2,Nature reserve,Germany,Male,2,1,0,0,0,0,0,2024,1,1,1,1,1,1,1,1,0,1,1,1,1,0,0,0,0,0,1,0,0,1,0,14,0.609,MDR,1
ISO-00326,Canine,Companion,🐕,Clostridioides difficile,Positive,Clostridiaceae,1,Moderate,2,Veterinary clinic,USA,Male,2,1,0,0,0,0,0,2024,1,1,1,1,1,1,1,1,0,1,0,1,0,0,0,0,0,0,1,0,1,0,0,12,0.522,MDR,1
ISO-00327,Wild Bird,Wildlife,🦅,Campylobacter jejuni,Negative,Campylobacteraceae,1,Very High,4,Wildlife rescue,Netherlands,Unknown,0,0,0,0,0,0,0,2017,0,0,0,1,1,0,1,1,0,0,0,1,0,0,0,0,0,0,0,0,0,1,0,6,0.261,Intermediate,0
ISO-00328,Poultry,Livestock,🐔,Salmonella spp.,Negative,Enterobacteriaceae,1,High,3,Abattoir,India,Male,1,1,0,0,0,0,0,2019,0,0,0,0,0,0,0,0,1,0,0,0,0,0,0,0,0,0,0,0,1,1,0,3,0.13,Intermediate,0
ISO-00329,Canine,Companion,🐕,Staphylococcus pseudintermedius,Positive,Staphylococcaceae,1,Low,1,Animal shelter,Brazil,Male,0,0,0,0,0,0,0,2015,0,0,0,0,0,0,1,0,0,0,0,1,0,0,0,1,0,0,0,0,1,0,0,4,0.174,Intermediate,0
ISO-00330,Bovine,Livestock,🐄,Enterococcus faecalis,Positive,Enterococcaceae,1,Low,1,Beef farm,South Africa,Male,8,1,0,0,0,0,0,2015,1,0,0,1,1,1,1,1,1,0,1,0,0,1,0,0,0,0,1,0,1,1,1,13,0.565,MDR,1
ISO-00331,Equine,Companion,🐎,Pseudomonas aeruginosa,Negative,Pseudomonadaceae,0,Low,1,Equine clinic,Poland,Female,0,0,0,0,0,0,0,2015,1,1,0,1,1,1,0,1,1,0,1,0,0,1,0,0,1,1,1,1,1,1,1,16,0.696,MDR,1
ISO-00332,Human,Human,🧑,Enterobacter cloacae,Negative,Enterobacteriaceae,0,Low,1,Long-term care,Italy,Male,71,0,0,0,0,0,0,2024,1,1,0,1,1,1,0,0,0,0,0,0,0,0,0,0,0,0,0,0,0,0,0,5,0.217,Intermediate,0
ISO-00333,Feline,Companion,🐈,Escherichia coli,Negative,Enterobacteriaceae,1,High,3,Animal shelter,Brazil,Male,11,0,0,0,0,0,0,2022,1,0,0,1,1,0,0,0,0,0,0,1,0,1,0,0,0,0,0,0,0,0,0,5,0.217,Intermediate,0
ISO-00334,Water,Environment,💧,Enterobacter cloacae,Negative,Enterobacteriaceae,0,Low,1,Drinking water,South Africa,N/A,-1,1,0,0,0,0,0,2015,1,1,0,1,1,0,1,1,1,0,0,0,1,1,1,0,0,0,0,0,0,0,0,10,0.435,Intermediate,0
ISO-00335,Human,Human,🧑,Enterococcus faecium,Positive,Enterococcaceae,1,Moderate,2,Long-term care,Netherlands,Female,36,1,0,0,0,0,0,2018,1,1,1,1,1,1,1,1,1,0,1,0,1,1,0,1,0,1,1,1,1,0,1,18,0.783,MDR,1
ISO-00336,Canine,Companion,🐕,Enterococcus faecium,Positive,Enterococcaceae,1,Moderate,2,Veterinary clinic,Italy,Male,5,0,0,0,0,0,0,2022,1,1,1,1,1,1,1,1,0,0,1,0,0,0,0,0,0,0,0,0,1,1,0,11,0.478,Intermediate,0
ISO-00337,Human,Human,🧑,Klebsiella pneumoniae,Negative,Enterobacteriaceae,1,Moderate,2,Long-term care,Italy,Male,66,0,0,0,0,0,0,2022,1,0,0,0,0,0,0,0,0,0,0,1,0,1,0,0,0,0,1,0,0,0,0,4,0.174,Intermediate,0
ISO-00338,Equine,Companion,🐎,Pseudomonas aeruginosa,Negative,Pseudomonadaceae,0,Low,1,Farm,Spain,Male,1,0,0,0,0,0,0,2016,1,1,1,1,1,1,0,0,0,0,1,1,0,1,0,0,1,1,1,1,0,1,1,15,0.652,MDR,1
ISO-00339,Human,Human,🧑,Enterococcus faecalis,Positive,Enterococcaceae,1,Low,1,Hospital,Spain,Female,40,0,0,0,0,0,0,2016,0,0,0,1,1,1,1,1,0,0,1,0,1,1,1,0,0,0,0,0,1,1,0,11,0.478,Intermediate,0
ISO-00340,Soil,Environment,🌱,Acinetobacter baumannii,Negative,Moraxellaceae,0,Low,1,Agricultural field,Germany,N/A,-1,0,0,0,0,0,0,2024,1,1,1,1,1,0,1,1,1,1,1,0,1,1,0,0,1,1,1,1,0,0,1,17,0.739,MDR,1
ISO-00341,Human,Human,🧑,Enterococcus faecium,Positive,Enterococcaceae,1,Moderate,2,Hospital,Spain,Female,51,0,0,0,0,0,1,2019,1,1,0,1,1,1,1,1,1,0,1,0,1,0,1,0,1,1,0,0,1,1,0,15,0.652,MDR,1
ISO-00342,Soil,Environment,🌱,Acinetobacter baumannii,Negative,Moraxellaceae,0,Low,1,Forest,South Africa,N/A,-1,0,0,0,0,0,0,2020,1,1,1,1,1,1,1,1,0,1,1,1,1,1,1,1,1,1,1,1,0,1,1,21,0.913,MDR,1
ISO-00343,Wild Bird,Wildlife,🦅,Salmonella spp.,Negative,Enterobacteriaceae,1,High,3,Wildlife rescue,Poland,Unknown,1,1,0,1,0,0,0,2024,1,0,0,1,1,1,1,1,1,0,0,0,1,0,0,0,0,0,1,0,0,1,0,10,0.435,Intermediate,0
ISO-00344,Canine,Companion,🐕,Enterococcus faecium,Positive,Enterococcaceae,1,Moderate,2,Veterinary clinic,India,Male,6,0,0,0,0,0,0,2023,1,1,0,1,1,1,1,1,1,1,1,0,0,0,0,1,0,0,1,0,1,0,0,13,0.565,MDR,1
ISO-00345,Wild Bird,Wildlife,🦅,Campylobacter jejuni,Negative,Campylobacteraceae,1,Very High,4,Nature reserve,France,Unknown,0,0,0,0,0,0,0,2015,0,0,0,1,1,0,1,1,0,0,0,1,0,0,0,0,0,0,1,0,0,0,0,6,0.261,Intermediate,0
ISO-00346,Wild Bird,Wildlife,🦅,Salmonella spp.,Negative,Enterobacteriaceae,1,High,3,Wildlife rescue,Brazil,Unknown,0,1,0,0,0,0,0,2018,0,0,0,0,0,0,0,0,0,0,0,1,0,1,0,0,0,1,1,0,0,0,0,4,0.174,Intermediate,0
ISO-00347,Soil,Environment,🌱,Acinetobacter baumannii,Negative,Moraxellaceae,0,Low,1,Urban soil,Spain,N/A,-1,0,0,0,1,0,0,2022,1,1,1,1,1,1,1,0,0,0,1,0,0,0,1,0,1,1,1,0,0,1,1,14,0.609,MDR,1
ISO-00348,Human,Human,🧑,Pseudomonas aeruginosa,Negative,Pseudomonadaceae,0,Low,1,Hospital,USA,Male,60,1,0,0,0,0,0,2023,1,1,0,1,1,1,1,0,1,0,1,1,1,0,1,0,1,1,1,0,0,1,1,16,0.696,MDR,1
ISO-00349,Canine,Companion,🐕,Enterococcus faecalis,Positive,Enterococcaceae,1,Low,1,Home,Portugal,Female,0,0,0,0,0,0,0,2024,0,0,0,1,1,1,1,1,0,0,0,1,1,1,1,0,0,0,0,0,1,0,0,10,0.435,Intermediate,0
ISO-00350,Human,Human,🧑,Enterococcus faecium,Positive,Enterococcaceae,1,Moderate,2,Community,Italy,Female,66,0,0,0,0,0,0,2023,1,1,0,1,1,1,1,1,1,1,1,1,0,1,0,0,0,1,1,0,1,0,0,15,0.652,MDR,1
ISO-00351,Canine,Companion,🐕,Pseudomonas aeruginosa,Negative,Pseudomonadaceae,0,Low,1,Home,United Kingdom,Female,0,0,0,0,0,0,0,2024,1,1,0,1,1,1,0,0,1,0,0,1,0,0,1,0,1,1,1,0,0,1,1,13,0.565,MDR,1
ISO-00352,Human,Human,🧑,Pseudomonas aeruginosa,Negative,Pseudomonadaceae,0,Low,1,Hospital,Germany,Female,44,1,0,0,0,0,0,2022,1,1,0,1,1,1,0,0,0,0,1,0,0,0,0,0,1,1,1,1,0,1,1,12,0.522,MDR,1
ISO-00353,Poultry,Livestock,🐔,Salmonella spp.,Negative,Enterobacteriaceae,1,High,3,Abattoir,Poland,Female,7,0,0,0,0,0,0,2021,0,0,0,0,0,0,0,0,0,0,0,0,1,0,1,0,0,0,1,0,1,0,0,4,0.174,Intermediate,0
ISO-00354,Poultry,Livestock,🐔,Campylobacter jejuni,Negative,Campylobacteraceae,1,Very High,4,Abattoir,Poland,Female,10,1,0,0,0,0,0,2015,0,1,1,1,1,0,1,1,1,0,1,0,1,0,0,0,0,0,1,0,0,1,0,11,0.478,Intermediate,0
ISO-00355,Porcine,Livestock,🐷,Salmonella spp.,Negative,Enterobacteriaceae,1,High,3,Pig farm,India,Female,2,1,0,1,0,0,0,2016,0,0,1,1,1,1,1,1,0,1,0,0,0,0,0,0,0,0,1,0,0,0,1,9,0.391,Intermediate,0
ISO-00356,Poultry,Livestock,🐔,Enterococcus faecium,Positive,Enterococcaceae,1,Moderate,2,Layer farm,USA,Unknown,0,1,0,0,0,0,0,2023,1,1,1,1,1,1,1,1,0,1,1,0,1,0,0,1,1,1,1,0,1,1,0,17,0.739,MDR,1
ISO-00357,Wild Bird,Wildlife,🦅,Escherichia coli,Negative,Enterobacteriaceae,1,High,3,Research station,Spain,Unknown,4,0,0,0,0,0,0,2017,0,1,0,1,0,1,0,0,0,0,0,0,0,0,0,0,0,0,1,0,0,0,0,4,0.174,Intermediate,0
ISO-00358,Wild Bird,Wildlife,🦅,Escherichia coli,Negative,Enterobacteriaceae,1,High,3,Wildlife rescue,France,Unknown,1,0,0,0,0,0,0,2019,1,0,0,1,0,0,0,0,0,0,0,0,1,0,0,0,0,0,0,0,0,0,0,3,0.13,Intermediate,0
ISO-00359,Poultry,Livestock,🐔,Escherichia coli,Negative,Enterobacteriaceae,1,High,3,Abattoir,United Kingdom,Male,0,1,0,1,0,0,0,2024,1,0,0,1,1,1,1,1,0,0,0,1,0,0,0,0,0,0,0,0,0,1,0,8,0.348,Intermediate,0
ISO-00360,Canine,Companion,🐕,Clostridioides difficile,Positive,Clostridiaceae,1,Moderate,2,Home,Netherlands,Female,2,0,0,0,0,0,0,2019,1,1,1,1,1,1,1,0,0,0,0,0,0,0,0,0,0,0,0,0,0,0,0,7,0.304,Intermediate,0
ISO-00361,Soil,Environment,🌱,Enterobacter cloacae,Negative,Enterobacteriaceae,0,Low,1,Urban soil,Poland,N/A,-1,0,0,0,0,0,0,2021,1,1,1,1,1,0,1,0,0,0,1,0,1,0,0,0,0,0,0,0,0,1,0,9,0.391,Intermediate,0
ISO-00362,Human,Human,🧑,Escherichia coli,Negative,Enterobacteriaceae,1,High,3,Hospital,Brazil,Male,74,1,0,0,0,0,0,2016,0,1,0,1,0,0,1,1,0,0,0,0,1,1,1,1,0,0,1,1,0,1,0,11,0.478,Intermediate,0
ISO-00363,Human,Human,🧑,Klebsiella pneumoniae,Negative,Enterobacteriaceae,1,Moderate,2,Long-term care,France,Male,52,0,0,0,0,0,0,2021,1,0,0,0,0,1,1,0,0,0,0,0,0,1,0,0,0,0,1,0,0,1,0,6,0.261,Intermediate,0
ISO-00364,Human,Human,🧑,Pseudomonas aeruginosa,Negative,Pseudomonadaceae,0,Low,1,Hospital,Spain,Female,94,0,0,0,0,0,0,2016,1,1,1,1,1,0,0,0,0,0,1,1,1,0,0,1,1,1,1,1,0,1,1,15,0.652,MDR,1
ISO-00365,Canine,Companion,🐕,Acinetobacter baumannii,Negative,Moraxellaceae,0,Low,1,Veterinary clinic,United Kingdom,Female,16,0,0,0,0,0,0,2015,1,1,1,1,1,1,1,1,1,1,1,0,1,1,1,1,1,1,0,1,0,1,1,20,0.87,MDR,1
ISO-00366,Porcine,Livestock,🐷,Pasteurella multocida,Negative,Pasteurellaceae,1,Moderate,2,Veterinary clinic,Poland,Female,5,0,0,0,0,0,0,2018,0,1,0,1,0,0,0,1,0,0,0,0,1,1,0,0,0,0,0,0,0,0,1,6,0.261,Intermediate,0
ISO-00367,Wild Bird,Wildlife,🦅,Campylobacter jejuni,Negative,Campylobacteraceae,1,Very High,4,Wildlife rescue,USA,Unknown,3,0,0,0,0,0,0,2017,0,1,0,1,1,0,0,0,0,0,0,1,0,1,0,0,0,0,1,0,0,0,0,6,0.261,Intermediate,0
ISO-00368,Feline,Companion,🐈,Staphylococcus pseudintermedius,Positive,Staphylococcaceae,1,Low,1,Home,Brazil,Male,3,0,0,0,0,0,0,2020,1,0,0,1,1,0,0,1,0,0,0,0,0,1,1,0,0,0,0,0,1,0,0,7,0.304,Intermediate,0
ISO-00369,Bovine,Livestock,🐄,Salmonella spp.,Negative,Enterobacteriaceae,1,High,3,Veterinary clinic,Portugal,Unknown,3,1,0,0,0,0,0,2022,0,1,1,0,0,0,0,0,0,0,0,0,0,0,0,1,0,0,1,0,0,1,0,5,0.217,Intermediate,0
ISO-00370,Water,Environment,💧,Escherichia coli,Negative,Enterobacteriaceae,1,High,3,Drinking water,United Kingdom,N/A,-1,0,0,0,0,0,0,2022,0,0,0,1,0,0,0,0,0,0,0,0,1,0,0,0,0,0,0,1,0,1,0,4,0.174,Intermediate,0
ISO-00371,Wild Bird,Wildlife,🦅,Salmonella spp.,Negative,Enterobacteriaceae,1,High,3,Research station,Netherlands,Unknown,3,0,0,0,0,0,0,2020,1,0,0,0,0,0,0,0,0,0,0,0,0,0,0,0,0,0,0,0,0,1,0,2,0.087,Intermediate,0
ISO-00372,Human,Human,🧑,Pasteurella multocida,Negative,Pasteurellaceae,1,Moderate,2,Long-term care,Brazil,Female,87,0,0,0,0,0,0,2016,0,0,0,1,0,0,0,0,0,0,0,0,0,0,0,0,0,0,0,0,0,0,0,1,0.043,Intermediate,0
ISO-00373,Bovine,Livestock,🐄,Salmonella spp.,Negative,Enterobacteriaceae,1,High,3,Dairy farm,Poland,Unknown,3,1,0,0,0,0,0,2017,0,0,0,0,0,0,0,0,0,0,0,0,0,0,0,0,0,0,0,0,0,1,0,1,0.043,Intermediate,0
ISO-00374,Bovine,Livestock,🐄,Staphylococcus aureus,Positive,Staphylococcaceae,1,Moderate,2,Beef farm,Poland,Female,14,1,0,0,0,0,0,2018,1,1,0,0,1,1,1,1,1,1,1,0,0,0,1,0,0,0,1,0,1,0,0,12,0.522,MDR,1
ISO-00375,Human,Human,🧑,Campylobacter jejuni,Negative,Campylobacteraceae,1,Very High,4,Hospital,Poland,Female,35,1,0,0,0,0,0,2024,1,1,1,1,1,0,1,1,0,0,0,1,1,0,0,1,0,0,1,0,0,1,0,12,0.522,MDR,1
ISO-00376,Human,Human,🧑,Escherichia coli,Negative,Enterobacteriaceae,1,High,3,Community,Brazil,Female,87,0,0,0,0,0,0,2024,0,0,0,0,1,0,0,0,0,0,0,0,0,1,0,0,0,0,1,0,0,0,0,3,0.13,Intermediate,0
ISO-00377,Soil,Environment,🌱,Enterobacter cloacae,Negative,Enterobacteriaceae,0,Low,1,Urban soil,USA,N/A,-1,0,0,0,0,0,0,2019,1,1,1,1,1,0,0,0,0,0,0,0,0,0,1,0,0,0,1,0,0,1,0,8,0.348,Intermediate,0
ISO-00378,Porcine,Livestock,🐷,Staphylococcus aureus,Positive,Staphylococcaceae,1,Moderate,2,Pig farm,Spain,Female,0,1,0,0,0,0,0,2024,1,1,0,0,1,0,1,0,1,0,0,1,0,0,0,0,0,0,1,1,1,0,1,10,0.435,Intermediate,0
ISO-00379,Porcine,Livestock,🐷,Escherichia coli,Negative,Enterobacteriaceae,1,High,3,Pig farm,Spain,Female,1,1,0,0,0,0,0,2022,1,0,0,1,1,0,0,1,0,0,0,1,1,0,1,1,1,1,0,0,0,1,0,11,0.478,Intermediate,0
ISO-00380,Equine,Companion,🐎,Klebsiella pneumoniae,Negative,Enterobacteriaceae,1,Moderate,2,Racing stable,Italy,Female,4,0,1,0,0,0,0,2020,1,0,1,1,0,1,0,0,0,0,0,0,0,0,1,0,0,0,1,0,0,0,0,6,0.261,Intermediate,0
ISO-00381,Poultry,Livestock,🐔,Enterococcus faecalis,Positive,Enterococcaceae,1,Low,1,Layer farm,Portugal,Female,1,1,0,0,0,0,0,2024,0,0,0,1,1,1,1,1,1,1,1,0,1,1,0,0,1,0,1,0,1,1,0,14,0.609,MDR,1
ISO-00382,Soil,Environment,🌱,Acinetobacter baumannii,Negative,Moraxellaceae,0,Low,1,Forest,Brazil,N/A,-1,0,0,0,0,0,0,2015,1,1,1,1,1,1,1,1,1,0,1,1,0,1,0,0,1,1,1,0,0,1,0,16,0.696,MDR,1
ISO-00383,Wild Bird,Wildlife,🦅,Escherichia coli,Negative,Enterobacteriaceae,1,High,3,Wildlife rescue,France,Unknown,2,0,0,0,0,0,0,2017,0,0,0,0,1,1,0,0,0,0,0,0,0,0,0,0,0,0,1,0,0,0,0,3,0.13,Intermediate,0
ISO-00384,Porcine,Livestock,🐷,Clostridioides difficile,Positive,Clostridiaceae,1,Moderate,2,Abattoir,Portugal,Female,0,1,0,0,0,0,0,2022,1,1,1,1,1,1,1,1,0,1,1,1,1,0,0,0,0,0,1,0,0,1,1,15,0.652,MDR,1
ISO-00385,Bovine,Livestock,🐄,Campylobacter jejuni,Negative,Campylobacteraceae,1,Very High,4,Dairy farm,Spain,Male,2,0,0,0,0,0,0,2023,0,0,0,0,1,0,1,1,0,1,0,1,1,1,0,0,0,0,1,0,0,0,1,9,0.391,Intermediate,0
ISO-00386,Food,Environment,🥩,Escherichia coli,Negative,Enterobacteriaceae,1,High,3,Processing plant,Netherlands,N/A,-1,0,0,0,0,0,0,2021,1,0,0,0,1,0,0,1,0,0,0,0,0,0,0,0,0,0,1,0,0,1,0,5,0.217,Intermediate,0
ISO-00387,Feline,Companion,🐈,Escherichia coli,Negative,Enterobacteriaceae,1,High,3,Home,France,Male,11,0,0,1,0,0,0,2017,1,1,0,1,1,1,1,1,0,0,0,0,0,0,0,0,0,0,0,0,0,0,0,7,0.304,Intermediate,0
ISO-00388,Soil,Environment,🌱,Escherichia coli,Negative,Enterobacteriaceae,1,High,3,Agricultural field,Italy,N/A,-1,0,0,0,0,0,0,2024,0,0,0,0,0,0,1,0,0,0,0,0,1,0,1,0,0,0,0,0,0,1,0,4,0.174,Intermediate,0
ISO-00389,Human,Human,🧑,Pseudomonas aeruginosa,Negative,Pseudomonadaceae,0,Low,1,Hospital,Portugal,Female,94,1,0,0,0,0,0,2024,1,1,1,1,1,1,1,0,0,1,1,0,0,0,0,0,1,1,1,1,1,1,1,16,0.696,MDR,1
ISO-00390,Wild Boar,Wildlife,🐗,Salmonella spp.,Negative,Enterobacteriaceae,1,High,3,Research station,Italy,Unknown,0,0,0,0,0,0,0,2016,0,0,0,0,0,0,1,0,0,0,0,1,1,0,1,0,0,0,1,0,0,0,0,5,0.217,Intermediate,0
ISO-00391,Canine,Companion,🐕,Campylobacter jejuni,Negative,Campylobacteraceae,1,Very High,4,Home,Germany,Male,8,0,0,0,0,0,0,2020,0,1,0,1,1,1,1,1,0,1,0,0,0,0,0,0,0,0,1,0,0,1,0,9,0.391,Intermediate,0
ISO-00392,Human,Human,🧑,Salmonella spp.,Negative,Enterobacteriaceae,1,High,3,Community,India,Male,77,1,0,0,0,0,0,2024,0,1,0,0,1,0,0,0,0,1,1,0,0,0,0,0,0,0,0,0,1,0,0,5,0.217,Intermediate,0
ISO-00393,Canine,Companion,🐕,Staphylococcus pseudintermedius,Positive,Staphylococcaceae,1,Low,1,Animal shelter,USA,Female,2,0,0,0,0,0,0,2023,1,0,0,0,0,0,0,0,0,1,0,0,1,0,0,0,0,0,0,0,1,0,0,4,0.174,Intermediate,0
ISO-00394,Feline,Companion,🐈,Staphylococcus aureus,Positive,Staphylococcaceae,1,Moderate,2,Veterinary clinic,France,Female,5,0,0,0,0,0,0,2021,0,0,0,0,0,1,1,0,1,0,0,0,0,0,1,0,0,0,0,0,1,0,0,5,0.217,Intermediate,0
ISO-00395,Human,Human,🧑,Enterobacter cloacae,Negative,Enterobacteriaceae,0,Low,1,Hospital,United Kingdom,Female,53,1,0,1,0,0,0,2019,1,1,0,1,1,1,1,1,1,0,0,1,1,0,0,0,0,0,0,1,0,0,0,11,0.478,Intermediate,0
ISO-00396,Porcine,Livestock,🐷,Salmonella spp.,Negative,Enterobacteriaceae,1,High,3,Pig farm,Italy,Unknown,0,1,0,0,0,0,0,2022,0,0,0,1,1,0,0,0,0,0,1,1,1,1,0,0,1,0,1,0,0,1,0,9,0.391,Intermediate,0
ISO-00397,Wild Boar,Wildlife,🐗,Escherichia coli,Negative,Enterobacteriaceae,1,High,3,Research station,Netherlands,Male,0,1,0,0,0,0,0,2024,1,0,1,1,0,1,0,1,0,0,1,1,0,0,0,0,0,0,1,0,1,0,0,9,0.391,Intermediate,0
ISO-00398,Bovine,Livestock,🐄,Salmonella spp.,Negative,Enterobacteriaceae,1,High,3,Dairy farm,Brazil,Female,2,0,0,0,0,0,0,2022,1,0,0,0,0,0,0,0,0,0,0,0,0,0,0,0,0,0,0,0,0,0,0,1,0.043,Intermediate,0
ISO-00399,Porcine,Livestock,🐷,Enterococcus faecium,Positive,Enterococcaceae,1,Moderate,2,Abattoir,Netherlands,Unknown,2,0,0,0,0,0,0,2022,1,1,1,1,1,1,1,1,1,1,1,0,1,0,0,0,0,0,0,1,1,1,0,15,0.652,MDR,1
ISO-00400,Porcine,Livestock,🐷,Escherichia coli,Negative,Enterobacteriaceae,1,High,3,Abattoir,Brazil,Female,5,0,0,0,0,0,0,2015,1,0,0,0,1,0,1,0,1,0,0,0,1,0,1,0,0,1,1,0,0,0,1,9,0.391,Intermediate,0
ISO-00401,Bovine,Livestock,🐄,Enterococcus faecalis,Positive,Enterococcaceae,1,Low,1,Veterinary clinic,South Africa,Unknown,1,0,0,0,0,0,0,2018,0,0,0,1,1,1,1,1,1,0,1,1,0,1,0,0,0,0,0,0,1,0,0,10,0.435,Intermediate,0
ISO-00402,Water,Environment,💧,Pseudomonas aeruginosa,Negative,Pseudomonadaceae,0,Low,1,Drinking water,Poland,N/A,-1,0,0,0,0,0,0,2015,1,1,0,1,1,1,1,0,1,0,1,0,0,0,0,0,1,1,1,1,0,1,1,14,0.609,MDR,1
ISO-00403,Wild Bird,Wildlife,🦅,Campylobacter jejuni,Negative,Campylobacteraceae,1,Very High,4,Nature reserve,USA,Unknown,0,0,0,0,0,0,0,2017,1,1,0,1,1,0,1,1,0,0,0,0,0,0,0,0,0,0,1,0,0,0,0,7,0.304,Intermediate,0
ISO-00404,Human,Human,🧑,Staphylococcus aureus,Positive,Staphylococcaceae,1,Moderate,2,Long-term care,Italy,Male,13,0,0,0,0,1,0,2020,1,1,0,0,0,0,1,0,0,0,0,1,0,0,0,0,0,0,0,0,1,0,0,5,0.217,Intermediate,0
ISO-00405,Food,Environment,🥩,Escherichia coli,Negative,Enterobacteriaceae,1,High,3,Processing plant,Germany,N/A,-1,0,0,0,0,0,0,2020,1,0,0,0,0,0,0,0,0,0,0,1,0,0,1,0,0,0,0,0,0,0,0,3,0.13,Intermediate,0
ISO-00406,Water,Environment,💧,Enterobacter cloacae,Negative,Enterobacteriaceae,0,Low,1,River,France,N/A,-1,0,0,0,0,0,0,2018,1,1,0,1,0,0,0,1,0,0,0,1,0,1,0,0,0,0,0,0,0,0,0,6,0.261,Intermediate,0
ISO-00407,Bovine,Livestock,🐄,Campylobacter jejuni,Negative,Campylobacteraceae,1,Very High,4,Veterinary clinic,India,Female,2,0,1,0,0,0,0,2019,1,0,1,1,1,1,1,1,0,0,0,1,0,0,0,0,0,0,1,0,0,0,0,9,0.391,Intermediate,0
ISO-00408,Wild Boar,Wildlife,🐗,Escherichia coli,Negative,Enterobacteriaceae,1,High,3,Nature reserve,Italy,Female,1,0,0,0,0,0,0,2017,0,0,0,0,0,0,0,0,0,0,0,0,0,0,0,0,0,0,0,0,0,0,0,0,0.0,Susceptible,0
ISO-00409,Human,Human,🧑,Staphylococcus aureus,Positive,Staphylococcaceae,1,Moderate,2,Hospital,Portugal,Female,44,1,0,0,0,0,0,2022,0,0,1,0,0,1,1,1,0,0,0,0,0,0,0,0,0,0,0,0,1,0,0,5,0.217,Intermediate,0
ISO-00410,Food,Environment,🥩,Enterococcus faecium,Positive,Enterococcaceae,1,Moderate,2,Processing plant,Germany,N/A,-1,0,0,0,0,0,1,2020,1,1,1,1,1,1,1,1,1,1,1,0,1,1,0,1,1,1,1,0,1,0,0,18,0.783,MDR,1
ISO-00411,Feline,Companion,🐈,Staphylococcus aureus,Positive,Staphylococcaceae,1,Moderate,2,Veterinary clinic,Germany,Male,9,0,0,0,0,0,0,2022,1,0,0,0,1,0,1,0,0,0,0,0,0,0,0,0,0,0,1,0,1,0,0,5,0.217,Intermediate,0
ISO-00412,Canine,Companion,🐕,Klebsiella pneumoniae,Negative,Enterobacteriaceae,1,Moderate,2,Home,Poland,Male,0,0,0,0,0,0,0,2019,1,0,0,0,0,0,0,0,0,0,0,1,0,0,0,0,0,0,1,0,0,0,0,3,0.13,Intermediate,0
ISO-00413,Human,Human,🧑,Acinetobacter baumannii,Negative,Moraxellaceae,0,Low,1,Community,Italy,Female,53,0,0,0,0,0,0,2020,1,1,1,1,1,0,1,1,1,0,1,1,0,1,1,0,1,1,1,0,0,0,1,16,0.696,MDR,1
ISO-00414,Water,Environment,💧,Salmonella spp.,Negative,Enterobacteriaceae,1,High,3,Drinking water,Netherlands,N/A,-1,0,0,0,0,0,0,2016,0,0,0,0,0,1,0,0,1,0,0,0,1,0,0,0,0,0,0,1,0,1,0,5,0.217,Intermediate,0
ISO-00415,Human,Human,🧑,Klebsiella pneumoniae,Negative,Enterobacteriaceae,1,Moderate,2,Long-term care,Portugal,Male,59,1,0,0,0,0,0,2021,1,0,1,1,0,0,0,0,1,1,1,0,1,0,0,0,0,1,1,0,0,0,1,10,0.435,Intermediate,0
ISO-00416,Human,Human,🧑,Clostridioides difficile,Positive,Clostridiaceae,1,Moderate,2,Hospital,USA,Female,56,0,0,0,0,0,0,2024,1,1,1,1,1,1,1,1,0,0,0,0,0,0,0,0,0,0,0,0,1,1,0,10,0.435,Intermediate,0
ISO-00417,Human,Human,🧑,Campylobacter jejuni,Negative,Campylobacteraceae,1,Very High,4,Long-term care,South Africa,Female,72,1,0,0,0,0,0,2024,0,0,0,1,1,0,1,1,1,0,0,0,0,0,0,0,0,0,1,0,1,1,0,8,0.348,Intermediate,0
ISO-00418,Wild Bird,Wildlife,🦅,Escherichia coli,Negative,Enterobacteriaceae,1,High,3,Wildlife rescue,United Kingdom,Unknown,0,0,0,0,0,0,0,2024,1,0,0,0,0,0,0,0,0,0,0,1,0,1,1,0,0,0,0,0,0,0,0,4,0.174,Intermediate,0
ISO-00419,Human,Human,🧑,Clostridioides difficile,Positive,Clostridiaceae,1,Moderate,2,Community,United Kingdom,Male,61,1,1,0,0,0,0,2018,1,1,1,1,1,1,1,1,1,0,1,1,1,1,0,0,0,0,0,0,0,0,0,13,0.565,MDR,1
ISO-00420,Water,Environment,💧,Enterobacter cloacae,Negative,Enterobacteriaceae,0,Low,1,Wastewater treatment,USA,N/A,-1,1,0,0,0,0,0,2024,1,1,0,1,1,1,0,1,1,0,0,0,1,1,0,0,0,0,0,0,0,1,0,10,0.435,Intermediate,0
ISO-00421,Canine,Companion,🐕,Staphylococcus pseudintermedius,Positive,Staphylococcaceae,1,Low,1,Home,Germany,Male,6,0,0,0,0,0,0,2021,1,0,0,0,0,1,1,0,0,0,0,0,0,1,0,0,0,0,1,0,1,1,0,7,0.304,Intermediate,0
ISO-00422,Human,Human,🧑,Klebsiella pneumoniae,Negative,Enterobacteriaceae,1,Moderate,2,Hospital,Brazil,Female,66,0,0,1,0,0,0,2018,1,0,0,1,1,1,1,1,0,0,0,0,0,0,0,0,0,0,0,0,0,1,0,7,0.304,Intermediate,0
ISO-00423,Human,Human,🧑,Staphylococcus aureus,Positive,Staphylococcaceae,1,Moderate,2,Community,USA,Female,42,1,0,0,0,1,0,2022,1,1,0,0,1,1,1,0,0,0,0,1,0,0,0,0,0,0,0,0,1,0,1,8,0.348,Intermediate,0
ISO-00424,Human,Human,🧑,Acinetobacter baumannii,Negative,Moraxellaceae,0,Low,1,Long-term care,India,Male,51,0,0,0,0,0,0,2022,1,1,0,1,0,1,0,1,0,0,1,1,0,0,0,0,1,1,1,0,1,1,1,13,0.565,MDR,1
ISO-00425,Canine,Companion,🐕,Pasteurella multocida,Negative,Pasteurellaceae,1,Moderate,2,Veterinary clinic,Germany,Male,8,0,0,0,0,0,0,2020,0,0,0,0,0,0,0,0,0,0,0,0,0,0,0,0,0,0,0,0,0,1,1,2,0.087,Intermediate,0
ISO-00426,Wild Bird,Wildlife,🦅,Escherichia coli,Negative,Enterobacteriaceae,1,High,3,Nature reserve,Germany,Unknown,1,0,0,0,0,0,0,2022,1,0,1,0,0,0,0,0,0,0,0,1,1,0,0,0,0,0,0,0,0,1,0,5,0.217,Intermediate,0
ISO-00427,Human,Human,🧑,Escherichia coli,Negative,Enterobacteriaceae,1,High,3,Long-term care,Germany,Female,36,0,0,0,0,0,0,2022,1,0,0,0,0,0,0,0,0,0,0,1,1,0,0,0,0,0,0,0,0,1,0,4,0.174,Intermediate,0
ISO-00428,Wild Boar,Wildlife,🐗,Salmonella spp.,Negative,Enterobacteriaceae,1,High,3,Nature reserve,Brazil,Unknown,0,0,0,0,0,0,0,2022,1,0,0,0,1,0,0,0,0,0,0,0,0,0,0,0,0,0,0,0,0,0,0,2,0.087,Intermediate,0
ISO-00429,Human,Human,🧑,Escherichia coli,Negative,Enterobacteriaceae,1,High,3,Hospital,Germany,Male,60,0,0,0,0,0,0,2023,1,0,0,0,0,0,0,1,0,0,0,1,0,0,0,0,0,0,0,0,1,0,0,4,0.174,Intermediate,0
ISO-00430,Wild Bird,Wildlife,🦅,Campylobacter jejuni,Negative,Campylobacteraceae,1,Very High,4,Nature reserve,South Africa,Unknown,0,0,0,0,0,0,0,2016,0,0,1,1,1,0,1,0,0,0,0,1,0,0,0,0,0,0,1,0,0,0,0,6,0.261,Intermediate,0
ISO-00431,Soil,Environment,🌱,Escherichia coli,Negative,Enterobacteriaceae,1,High,3,Agricultural field,Poland,N/A,-1,0,0,0,0,0,0,2023,0,0,1,1,1,0,0,0,0,0,0,0,1,0,1,0,0,1,1,0,0,0,0,7,0.304,Intermediate,0
ISO-00432,Wild Bird,Wildlife,🦅,Escherichia coli,Negative,Enterobacteriaceae,1,High,3,Wildlife rescue,Brazil,Unknown,3,1,0,0,0,0,0,2022,0,1,1,0,0,1,0,0,0,0,0,0,0,0,0,0,0,0,0,0,0,1,0,4,0.174,Intermediate,0
ISO-00433,Feline,Companion,🐈,Pseudomonas aeruginosa,Negative,Pseudomonadaceae,0,Low,1,Home,Italy,Female,5,0,1,0,0,0,0,2020,1,1,0,1,1,1,1,0,1,0,1,0,0,1,0,1,1,1,1,1,0,1,1,16,0.696,MDR,1
ISO-00434,Wild Boar,Wildlife,🐗,Clostridioides difficile,Positive,Clostridiaceae,1,Moderate,2,Nature reserve,India,Female,0,0,0,0,0,0,0,2016,1,0,0,1,1,1,1,1,1,0,0,1,0,0,1,0,0,0,1,0,1,0,0,11,0.478,Intermediate,0
ISO-00435,Human,Human,🧑,Enterococcus faecium,Positive,Enterococcaceae,1,Moderate,2,Long-term care,Poland,Male,24,0,0,0,0,0,0,2016,1,1,1,1,1,1,1,1,1,0,1,0,0,1,0,0,0,0,1,1,1,0,0,14,0.609,MDR,1
ISO-00436,Human,Human,🧑,Salmonella spp.,Negative,Enterobacteriaceae,1,High,3,Hospital,Poland,Female,43,1,0,0,0,0,0,2015,1,0,0,0,0,0,0,0,0,0,0,1,0,0,1,0,0,0,1,0,0,0,0,4,0.174,Intermediate,0
ISO-00437,Human,Human,🧑,Staphylococcus pseudintermedius,Positive,Staphylococcaceae,1,Low,1,Long-term care,South Africa,Female,28,0,0,0,0,0,0,2017,0,1,0,1,1,0,0,0,0,0,0,0,0,1,0,0,0,0,1,0,1,0,0,6,0.261,Intermediate,0
ISO-00438,Poultry,Livestock,🐔,Campylobacter jejuni,Negative,Campylobacteraceae,1,Very High,4,Broiler farm,Spain,Unknown,1,0,0,0,0,0,0,2018,0,0,1,1,1,0,1,1,0,0,0,1,1,0,0,0,0,0,1,0,0,0,0,8,0.348,Intermediate,0
ISO-00439,Equine,Companion,🐎,Klebsiella pneumoniae,Negative,Enterobacteriaceae,1,Moderate,2,Equine clinic,Poland,Female,5,1,0,1,0,0,0,2019,1,0,0,1,1,1,1,1,0,0,0,0,0,0,0,0,0,0,1,0,0,1,0,8,0.348,Intermediate,0
ISO-00440,Canine,Companion,🐕,Campylobacter jejuni,Negative,Campylobacteraceae,1,Very High,4,Home,Portugal,Female,6,0,0,0,0,0,0,2024,0,0,0,1,1,0,1,1,0,0,0,0,1,0,0,0,0,0,0,0,0,0,0,5,0.217,Intermediate,0
ISO-00441,Wild Boar,Wildlife,🐗,Escherichia coli,Negative,Enterobacteriaceae,1,High,3,Research station,Netherlands,Male,4,0,0,1,0,0,0,2020,1,0,0,1,1,1,1,1,0,0,0,0,1,0,0,0,0,0,1,0,1,1,0,10,0.435,Intermediate,0
ISO-00442,Human,Human,🧑,Staphylococcus aureus,Positive,Staphylococcaceae,1,Moderate,2,Hospital,USA,Female,45,0,0,0,0,0,0,2022,1,0,0,0,1,0,0,1,0,0,0,0,0,0,1,0,0,0,1,0,1,0,0,6,0.261,Intermediate,0
ISO-00443,Equine,Companion,🐎,Klebsiella pneumoniae,Negative,Enterobacteriaceae,1,Moderate,2,Farm,South Africa,Female,8,0,0,0,0,0,0,2020,1,1,0,0,1,0,0,0,0,1,0,1,0,1,0,0,0,0,0,0,0,1,0,7,0.304,Intermediate,0
ISO-00444,Human,Human,🧑,Acinetobacter baumannii,Negative,Moraxellaceae,0,Low,1,Long-term care,Germany,Male,74,0,1,0,0,0,0,2022,1,1,1,1,1,1,0,1,1,0,1,1,1,0,1,1,1,1,1,0,0,1,1,18,0.783,MDR,1
ISO-00445,Human,Human,🧑,Enterobacter cloacae,Negative,Enterobacteriaceae,0,Low,1,Long-term care,Poland,Female,45,1,0,0,0,0,0,2020,1,1,0,1,1,0,0,0,0,1,0,0,1,0,0,0,0,1,1,0,0,0,0,8,0.348,Intermediate,0
ISO-00446,Feline,Companion,🐈,Escherichia coli,Negative,Enterobacteriaceae,1,High,3,Animal shelter,Portugal,Male,3,1,0,0,0,0,0,2019,1,0,1,0,0,1,0,0,0,0,0,1,1,1,0,0,0,0,1,0,1,0,0,8,0.348,Intermediate,0
ISO-00447,Food,Environment,🥩,Campylobacter jejuni,Negative,Campylobacteraceae,1,Very High,4,Processing plant,Brazil,N/A,-1,0,0,0,0,0,0,2018,1,1,0,1,1,0,1,1,0,0,1,0,1,0,1,0,0,0,1,0,0,1,0,11,0.478,Intermediate,0
ISO-00448,Canine,Companion,🐕,Pseudomonas aeruginosa,Negative,Pseudomonadaceae,0,Low,1,Animal shelter,Germany,Male,11,0,0,0,0,0,0,2024,1,1,0,1,1,1,1,0,0,0,1,0,1,0,0,0,1,1,1,1,0,1,1,14,0.609,MDR,1
ISO-00449,Human,Human,🧑,Staphylococcus aureus,Positive,Staphylococcaceae,1,Moderate,2,Long-term care,USA,Male,53,1,0,0,0,0,0,2017,1,1,0,0,1,0,0,0,0,0,0,1,0,1,0,0,0,1,0,0,1,1,0,8,0.348,Intermediate,0
ISO-00450,Canine,Companion,🐕,Klebsiella pneumoniae,Negative,Enterobacteriaceae,1,Moderate,2,Home,France,Male,4,1,0,1,0,0,0,2020,1,1,0,1,1,1,1,1,0,0,0,0,1,0,0,0,0,0,1,0,0,0,1,10,0.435,Intermediate,0
ISO-00451,Human,Human,🧑,Klebsiella pneumoniae,Negative,Enterobacteriaceae,1,Moderate,2,Community,Brazil,Male,62,1,1,1,1,0,0,2020,1,1,1,1,1,1,1,1,0,0,1,0,0,1,0,0,0,0,1,0,1,0,0,12,0.522,MDR,1
ISO-00452,Water,Environment,💧,Salmonella spp.,Negative,Enterobacteriaceae,1,High,3,River,Germany,N/A,-1,0,0,0,0,0,0,2015,1,0,0,0,0,1,0,0,1,0,0,0,0,0,0,0,0,0,0,0,0,0,0,3,0.13,Intermediate,0
ISO-00453,Feline,Companion,🐈,Escherichia coli,Negative,Enterobacteriaceae,1,High,3,Veterinary clinic,Brazil,Female,0,1,0,1,0,0,0,2024,1,0,1,1,1,1,1,1,0,0,0,1,1,0,1,0,0,0,1,0,1,1,0,13,0.565,MDR,1
ISO-00454,Human,Human,🧑,Enterobacter cloacae,Negative,Enterobacteriaceae,0,Low,1,Long-term care,Germany,Male,63,0,1,0,0,0,0,2017,1,1,0,1,1,1,0,0,0,0,0,1,0,0,0,0,0,0,0,0,0,1,0,7,0.304,Intermediate,0
ISO-00455,Human,Human,🧑,Staphylococcus aureus,Positive,Staphylococcaceae,1,Moderate,2,Hospital,Portugal,Female,70,0,0,0,0,0,0,2021,0,0,1,0,0,0,1,0,0,0,0,1,0,0,0,0,0,0,0,0,1,0,0,4,0.174,Intermediate,0
ISO-00456,Human,Human,🧑,Enterococcus faecalis,Positive,Enterococcaceae,1,Low,1,Long-term care,Germany,Female,78,1,0,0,0,0,0,2024,0,0,0,1,1,1,1,1,1,0,1,0,0,0,0,0,0,1,0,1,1,1,0,11,0.478,Intermediate,0
ISO-00457,Food,Environment,🥩,Escherichia coli,Negative,Enterobacteriaceae,1,High,3,Slaughterhouse,Poland,N/A,-1,0,0,0,0,0,0,2017,1,0,0,0,1,0,1,1,0,0,1,0,1,0,0,0,0,1,0,0,0,0,0,7,0.304,Intermediate,0
ISO-00458,Porcine,Livestock,🐷,Salmonella spp.,Negative,Enterobacteriaceae,1,High,3,Pig farm,United Kingdom,Female,5,0,0,0,0,0,0,2021,1,0,0,0,1,0,1,0,0,0,0,1,0,0,0,0,1,0,1,1,0,0,0,7,0.304,Intermediate,0
ISO-00459,Wild Bird,Wildlife,🦅,Escherichia coli,Negative,Enterobacteriaceae,1,High,3,Wildlife rescue,India,Unknown,1,0,0,1,0,0,0,2018,0,0,1,1,1,1,1,1,0,0,0,0,1,0,0,0,0,0,1,0,0,0,0,8,0.348,Intermediate,0
ISO-00460,Canine,Companion,🐕,Pseudomonas aeruginosa,Negative,Pseudomonadaceae,0,Low,1,Animal shelter,USA,Male,9,0,0,0,0,0,0,2017,1,1,0,1,1,1,0,1,0,0,1,0,0,0,0,1,1,1,1,1,0,1,1,14,0.609,MDR,1
ISO-00461,Poultry,Livestock,🐔,Escherichia coli,Negative,Enterobacteriaceae,1,High,3,Layer farm,Netherlands,Male,0,0,0,1,0,0,0,2020,1,0,0,1,1,1,1,1,0,0,0,1,0,0,0,0,0,0,1,0,0,1,0,9,0.391,Intermediate,0
ISO-00462,Human,Human,🧑,Klebsiella pneumoniae,Negative,Enterobacteriaceae,1,Moderate,2,Hospital,India,Female,80,1,0,0,0,0,0,2024,1,0,1,0,0,0,0,1,0,0,1,0,0,0,0,0,0,0,1,0,0,1,0,6,0.261,Intermediate,0
ISO-00463,Soil,Environment,🌱,Escherichia coli,Negative,Enterobacteriaceae,1,High,3,Agricultural field,India,N/A,-1,0,0,0,0,0,0,2020,0,0,0,1,1,0,0,0,0,0,0,0,0,0,1,0,0,0,1,0,0,1,0,5,0.217,Intermediate,0
ISO-00464,Bovine,Livestock,🐄,Campylobacter jejuni,Negative,Campylobacteraceae,1,Very High,4,Beef farm,France,Male,2,1,0,0,0,0,0,2016,0,0,1,1,1,0,1,1,0,0,1,1,1,0,0,0,0,1,1,1,0,0,0,11,0.478,Intermediate,0
ISO-00465,Poultry,Livestock,🐔,Salmonella spp.,Negative,Enterobacteriaceae,1,High,3,Broiler farm,India,Unknown,0,0,0,0,0,0,0,2021,1,0,0,0,0,0,0,1,0,0,0,0,1,0,0,0,0,0,0,0,0,1,0,4,0.174,Intermediate,0
ISO-00466,Feline,Companion,🐈,Escherichia coli,Negative,Enterobacteriaceae,1,High,3,Veterinary clinic,Netherlands,Female,2,0,0,1,0,0,0,2024,1,0,0,1,1,1,1,1,0,0,0,1,0,0,0,0,0,0,1,0,0,1,0,9,0.391,Intermediate,0
ISO-00467,Canine,Companion,🐕,Pasteurella multocida,Negative,Pasteurellaceae,1,Moderate,2,Animal shelter,Italy,Male,6,0,1,0,0,0,0,2020,0,0,0,1,0,1,0,0,1,0,0,0,1,0,0,0,0,1,0,0,0,0,0,5,0.217,Intermediate,0
ISO-00468,Soil,Environment,🌱,Acinetobacter baumannii,Negative,Moraxellaceae,0,Low,1,Forest,Brazil,N/A,-1,1,0,0,0,0,0,2024,1,1,0,1,1,1,0,1,0,0,1,1,1,1,1,1,1,1,1,0,0,1,1,17,0.739,MDR,1
ISO-00469,Human,Human,🧑,Salmonella spp.,Negative,Enterobacteriaceae,1,High,3,Long-term care,Netherlands,Male,73,1,0,0,0,0,0,2019,0,0,1,0,0,0,0,1,0,0,0,0,0,0,0,0,1,0,1,0,0,0,0,4,0.174,Intermediate,0
ISO-00470,Poultry,Livestock,🐔,Staphylococcus aureus,Positive,Staphylococcaceae,1,Moderate,2,Abattoir,Italy,Unknown,16,1,0,0,0,0,0,2017,1,1,0,0,1,0,1,0,0,1,0,1,1,0,1,0,1,0,0,0,1,0,0,10,0.435,Intermediate,0
ISO-00471,Porcine,Livestock,🐷,Clostridioides difficile,Positive,Clostridiaceae,1,Moderate,2,Veterinary clinic,France,Male,3,0,0,0,0,0,0,2024,0,1,0,1,1,1,1,1,0,0,1,1,1,0,1,0,0,0,0,1,1,1,0,13,0.565,MDR,1
ISO-00472,Porcine,Livestock,🐷,Staphylococcus aureus,Positive,Staphylococcaceae,1,Moderate,2,Abattoir,United Kingdom,Unknown,6,1,0,0,0,1,0,2024,1,1,1,0,1,0,1,0,0,0,0,0,1,1,0,0,1,0,1,1,1,0,0,11,0.478,Intermediate,0
ISO-00473,Human,Human,🧑,Klebsiella pneumoniae,Negative,Enterobacteriaceae,1,Moderate,2,Hospital,Brazil,Male,55,0,0,1,1,0,0,2024,1,1,0,1,1,1,1,1,0,0,0,1,1,0,0,0,0,0,0,0,0,1,0,10,0.435,Intermediate,0
ISO-00474,Human,Human,🧑,Enterococcus faecium,Positive,Enterococcaceae,1,Moderate,2,Community,Germany,Male,34,0,0,0,0,0,0,2021,0,1,0,1,1,1,1,1,1,0,1,1,1,1,0,1,0,0,1,0,1,0,0,14,0.609,MDR,1
ISO-00475,Human,Human,🧑,Enterococcus faecalis,Positive,Enterococcaceae,1,Low,1,Community,USA,Male,51,0,0,0,0,0,0,2022,0,0,0,1,1,1,1,1,1,0,1,0,0,0,0,0,0,0,0,0,1,0,0,8,0.348,Intermediate,0
ISO-00476,Bovine,Livestock,🐄,Campylobacter jejuni,Negative,Campylobacteraceae,1,Very High,4,Beef farm,India,Unknown,1,1,0,0,0,0,0,2016,1,0,1,0,1,1,1,1,0,0,0,0,0,0,0,0,0,0,0,0,0,0,0,6,0.261,Intermediate,0
ISO-00477,Porcine,Livestock,🐷,Enterococcus faecalis,Positive,Enterococcaceae,1,Low,1,Abattoir,India,Male,3,1,0,0,0,0,0,2022,0,1,1,1,1,1,1,1,1,1,1,1,1,1,0,0,0,0,1,0,1,0,0,15,0.652,MDR,1
ISO-00478,Canine,Companion,🐕,Acinetobacter baumannii,Negative,Moraxellaceae,0,Low,1,Animal shelter,Germany,Female,4,1,0,0,0,0,0,2024,1,1,0,1,1,1,1,1,1,1,1,0,0,0,1,0,1,1,1,1,0,0,1,16,0.696,MDR,1
ISO-00479,Canine,Companion,🐕,Acinetobacter baumannii,Negative,Moraxellaceae,0,Low,1,Veterinary clinic,Brazil,Female,4,0,0,0,0,0,0,2019,1,1,1,1,1,1,1,0,0,1,1,0,1,1,1,0,1,1,1,1,0,1,1,18,0.783,MDR,1
ISO-00480,Porcine,Livestock,🐷,Escherichia coli,Negative,Enterobacteriaceae,1,High,3,Abattoir,Spain,Unknown,0,1,0,0,0,0,0,2018,0,0,0,1,1,0,1,1,1,0,0,1,0,0,1,0,1,0,0,0,0,1,0,9,0.391,Intermediate,0
ISO-00481,Porcine,Livestock,🐷,Enterococcus faecium,Positive,Enterococcaceae,1,Moderate,2,Veterinary clinic,Portugal,Unknown,0,1,0,0,0,0,0,2019,1,1,1,1,1,1,1,1,1,1,1,1,1,1,1,0,0,0,0,0,1,1,0,17,0.739,MDR,1
ISO-00482,Human,Human,🧑,Pseudomonas aeruginosa,Negative,Pseudomonadaceae,0,Low,1,Long-term care,Netherlands,Female,55,0,0,0,0,0,0,2017,1,1,0,1,1,1,0,0,0,0,1,0,0,1,0,0,1,1,1,0,0,1,1,12,0.522,MDR,1
ISO-00483,Canine,Companion,🐕,Campylobacter jejuni,Negative,Campylobacteraceae,1,Very High,4,Animal shelter,Brazil,Female,5,0,0,0,0,0,0,2020,1,0,0,1,1,0,1,1,0,0,0,0,0,0,0,0,0,0,1,0,0,0,0,6,0.261,Intermediate,0
ISO-00484,Bovine,Livestock,🐄,Mannheimia haemolytica,Negative,Pasteurellaceae,0,Negligible,0,Beef farm,South Africa,Male,0,0,0,0,0,0,0,2024,1,0,0,1,0,0,0,0,0,0,0,0,1,0,0,0,0,0,1,0,0,0,0,4,0.174,Intermediate,0
ISO-00485,Human,Human,🧑,Clostridioides difficile,Positive,Clostridiaceae,1,Moderate,2,Community,Brazil,Male,83,0,0,0,0,0,0,2019,1,1,0,0,1,1,0,0,1,0,0,0,1,0,0,0,0,0,1,0,0,0,0,7,0.304,Intermediate,0
ISO-00486,Porcine,Livestock,🐷,Enterococcus faecalis,Positive,Enterococcaceae,1,Low,1,Pig farm,Spain,Male,0,0,0,0,0,0,0,2017,0,1,0,1,1,1,1,1,1,0,1,0,0,0,1,1,0,0,0,0,1,0,0,11,0.478,Intermediate,0
ISO-00487,Porcine,Livestock,🐷,Staphylococcus aureus,Positive,Staphylococcaceae,1,Moderate,2,Abattoir,South Africa,Unknown,2,0,0,0,0,1,0,2020,1,1,0,1,0,0,0,0,0,0,0,1,1,0,0,0,0,1,0,0,1,0,0,7,0.304,Intermediate,0
ISO-00488,Human,Human,🧑,Campylobacter jejuni,Negative,Campylobacteraceae,1,Very High,4,Community,United Kingdom,Female,47,0,0,0,0,0,0,2023,1,0,0,1,1,0,1,0,0,0,0,1,1,0,0,0,0,0,0,0,0,0,0,6,0.261,Intermediate,0
ISO-00489,Poultry,Livestock,🐔,Enterococcus faecium,Positive,Enterococcaceae,1,Moderate,2,Layer farm,Brazil,Male,6,0,0,0,0,0,1,2019,1,1,1,1,1,1,1,1,1,0,1,0,1,1,1,0,1,1,1,0,1,1,1,19,0.826,MDR,1
ISO-00490,Poultry,Livestock,🐔,Pasteurella multocida,Negative,Pasteurellaceae,1,Moderate,2,Layer farm,Germany,Male,5,1,0,0,0,0,0,2022,0,0,0,0,0,0,0,1,1,0,0,0,0,0,1,0,0,0,0,0,0,0,0,3,0.13,Intermediate,0
ISO-00491,Feline,Companion,🐈,Escherichia coli,Negative,Enterobacteriaceae,1,High,3,Home,Italy,Male,8,0,0,0,0,0,0,2022,0,0,0,0,0,0,1,0,0,0,0,0,0,0,0,0,0,0,0,0,0,1,0,2,0.087,Intermediate,0
ISO-00492,Canine,Companion,🐕,Enterococcus faecalis,Positive,Enterococcaceae,1,Low,1,Home,Netherlands,Female,7,1,0,0,0,0,0,2016,1,0,0,1,1,1,1,1,0,1,1,0,1,1,1,1,0,1,0,0,1,1,0,15,0.652,MDR,1
ISO-00493,Canine,Companion,🐕,Enterococcus faecium,Positive,Enterococcaceae,1,Moderate,2,Home,India,Male,0,0,0,0,0,0,0,2018,1,1,1,1,1,1,1,1,0,0,1,1,0,1,1,0,0,1,1,0,1,1,0,16,0.696,MDR,1
ISO-00494,Bovine,Livestock,🐄,Escherichia coli,Negative,Enterobacteriaceae,1,High,3,Veterinary clinic,USA,Female,2,0,0,0,0,0,0,2015,0,1,1,1,0,1,0,0,1,0,0,1,0,0,0,0,0,0,1,0,0,1,0,8,0.348,Intermediate,0
ISO-00495,Wild Bird,Wildlife,🦅,Campylobacter jejuni,Negative,Campylobacteraceae,1,Very High,4,Wildlife rescue,Italy,Unknown,0,0,0,0,0,0,0,2023,1,0,1,0,1,1,0,1,0,0,0,1,0,0,0,0,0,0,1,0,0,1,0,8,0.348,Intermediate,0
ISO-00496,Poultry,Livestock,🐔,Enterococcus faecium,Positive,Enterococcaceae,1,Moderate,2,Broiler farm,Brazil,Female,0,1,0,0,0,0,1,2017,1,1,0,1,1,1,1,1,1,1,1,1,0,1,0,0,1,1,0,0,1,0,0,15,0.652,MDR,1
ISO-00497,Porcine,Livestock,🐷,Escherichia coli,Negative,Enterobacteriaceae,1,High,3,Abattoir,France,Unknown,1,1,0,0,0,0,0,2021,1,0,1,0,0,0,0,0,0,1,0,0,0,0,0,0,0,0,0,0,0,1,0,4,0.174,Intermediate,0
ISO-00498,Canine,Companion,🐕,Pasteurella multocida,Negative,Pasteurellaceae,1,Moderate,2,Home,Portugal,Male,1,1,0,0,0,0,0,2019,1,0,0,1,0,0,0,0,1,1,0,0,0,0,0,0,0,0,0,0,0,1,0,5,0.217,Intermediate,0
ISO-00499,Bovine,Livestock,🐄,Staphylococcus aureus,Positive,Staphylococcaceae,1,Moderate,2,Veterinary clinic,Netherlands,Unknown,4,1,0,0,0,0,0,2017,1,1,0,0,0,1,0,0,1,0,0,0,0,0,0,0,0,0,0,0,1,0,1,6,0.261,Intermediate,0
ISO-00500,Poultry,Livestock,🐔,Pasteurella multocida,Negative,Pasteurellaceae,1,Moderate,2,Layer farm,South Africa,Male,3,1,0,0,0,0,0,2017,0,0,0,0,0,0,0,0,0,0,0,1,0,0,1,0,0,1,0,0,0,1,0,4,0.174,Intermediate,0
ISO-00501,Equine,Companion,🐎,Mannheimia haemolytica,Negative,Pasteurellaceae,0,Negligible,0,Equine clinic,USA,Male,2,0,1,0,0,0,0,2021,0,1,1,0,0,0,1,0,0,0,0,0,0,0,0,0,0,0,1,0,0,1,0,5,0.217,Intermediate,0
ISO-00502,Water,Environment,💧,Enterobacter cloacae,Negative,Enterobacteriaceae,0,Low,1,River,USA,N/A,-1,0,1,0,0,0,0,2024,1,1,0,1,1,0,0,0,1,0,0,1,0,0,0,1,0,0,1,0,0,1,0,9,0.391,Intermediate,0
ISO-00503,Soil,Environment,🌱,Acinetobacter baumannii,Negative,Moraxellaceae,0,Low,1,Agricultural field,Italy,N/A,-1,0,0,0,0,0,0,2023,1,1,1,1,1,1,0,1,1,1,1,1,0,1,1,0,1,1,1,0,1,0,1,18,0.783,MDR,1
ISO-00504,Poultry,Livestock,🐔,Enterococcus faecium,Positive,Enterococcaceae,1,Moderate,2,Abattoir,Poland,Male,2,1,0,0,0,0,1,2021,1,0,1,1,1,1,1,1,1,1,1,1,1,0,1,1,1,1,0,1,1,1,0,19,0.826,MDR,1
ISO-00505,Poultry,Livestock,🐔,Escherichia coli,Negative,Enterobacteriaceae,1,High,3,Broiler farm,Italy,Unknown,0,0,0,0,0,0,0,2017,0,0,1,1,0,0,0,1,0,0,0,0,0,0,0,0,0,0,1,0,1,1,0,6,0.261,Intermediate,0
ISO-00506,Wild Bird,Wildlife,🦅,Salmonella spp.,Negative,Enterobacteriaceae,1,High,3,Nature reserve,Germany,Unknown,1,0,0,0,0,0,0,2023,1,1,0,0,1,0,0,0,0,0,0,0,1,0,0,0,0,0,0,0,0,1,0,5,0.217,Intermediate,0
ISO-00507,Bovine,Livestock,🐄,Campylobacter jejuni,Negative,Campylobacteraceae,1,Very High,4,Veterinary clinic,Italy,Unknown,20,0,0,0,0,0,0,2023,0,0,1,0,1,0,0,1,0,0,0,1,0,0,0,0,0,0,1,1,0,0,0,6,0.261,Intermediate,0
ISO-00508,Wild Boar,Wildlife,🐗,Clostridioides difficile,Positive,Clostridiaceae,1,Moderate,2,Nature reserve,India,Male,0,1,0,0,0,0,0,2017,1,1,1,1,1,1,1,1,0,1,0,0,1,0,0,1,0,0,0,0,0,0,0,11,0.478,Intermediate,0
ISO-00509,Poultry,Livestock,🐔,Staphylococcus aureus,Positive,Staphylococcaceae,1,Moderate,2,Broiler farm,Germany,Male,8,0,0,0,0,0,0,2023,1,0,0,0,0,1,1,0,1,1,0,1,0,0,0,1,0,0,1,0,1,1,0,10,0.435,Intermediate,0
ISO-00510,Human,Human,🧑,Campylobacter jejuni,Negative,Campylobacteraceae,1,Very High,4,Long-term care,Brazil,Male,43,1,1,0,0,0,0,2019,0,1,0,1,1,0,1,1,0,0,1,0,0,0,0,0,1,0,1,0,0,1,0,9,0.391,Intermediate,0
ISO-00511,Human,Human,🧑,Enterococcus faecium,Positive,Enterococcaceae,1,Moderate,2,Hospital,Italy,Male,91,1,0,0,0,0,0,2021,1,1,0,1,1,1,1,1,0,1,1,1,1,0,1,0,0,1,0,0,1,0,0,14,0.609,MDR,1
ISO-00512,Wild Boar,Wildlife,🐗,Clostridioides difficile,Positive,Clostridiaceae,1,Moderate,2,Hunting area,South Africa,Male,2,0,0,0,0,0,0,2017,1,0,1,1,1,1,1,1,0,0,0,1,1,0,0,0,0,0,0,0,0,0,0,9,0.391,Intermediate,0
ISO-00513,Human,Human,🧑,Pseudomonas aeruginosa,Negative,Pseudomonadaceae,0,Low,1,Community,Netherlands,Male,46,0,1,0,0,0,0,2016,1,1,1,1,1,1,1,0,1,0,1,0,0,1,1,0,1,1,1,0,0,1,1,16,0.696,MDR,1
ISO-00514,Bovine,Livestock,🐄,Pasteurella multocida,Negative,Pasteurellaceae,1,Moderate,2,Beef farm,South Africa,Male,3,0,0,0,0,0,0,2020,0,0,0,0,0,0,0,0,0,0,0,0,0,0,0,1,0,0,0,1,0,0,0,2,0.087,Intermediate,0
ISO-00515,Bovine,Livestock,🐄,Enterococcus faecalis,Positive,Enterococcaceae,1,Low,1,Veterinary clinic,United Kingdom,Male,5,1,0,0,0,0,0,2017,1,0,0,1,1,1,1,1,0,1,1,0,0,1,0,0,0,0,1,0,1,0,0,11,0.478,Intermediate,0
ISO-00516,Human,Human,🧑,Salmonella spp.,Negative,Enterobacteriaceae,1,High,3,Hospital,India,Female,90,0,0,0,0,0,0,2015,1,0,0,0,0,0,0,0,0,0,0,0,1,0,0,0,0,0,0,0,0,0,0,2,0.087,Intermediate,0
ISO-00517,Bovine,Livestock,🐄,Enterococcus faecalis,Positive,Enterococcaceae,1,Low,1,Dairy farm,France,Male,3,0,0,0,0,0,0,2016,0,0,0,1,1,1,1,1,1,1,1,0,0,1,1,0,0,1,1,0,1,1,0,14,0.609,MDR,1
ISO-00518,Equine,Companion,🐎,Staphylococcus aureus,Positive,Staphylococcaceae,1,Moderate,2,Racing stable,South Africa,Male,0,1,0,0,0,0,0,2018,0,1,0,1,0,0,1,0,0,0,0,1,1,0,0,0,0,1,1,0,1,0,0,8,0.348,Intermediate,0
ISO-00519,Human,Human,🧑,Enterobacter cloacae,Negative,Enterobacteriaceae,0,Low,1,Long-term care,South Africa,Male,42,0,0,1,0,0,0,2019,1,0,0,1,1,1,1,1,1,0,0,1,0,0,0,0,0,0,1,0,0,0,0,9,0.391,Intermediate,0
ISO-00520,Wild Boar,Wildlife,🐗,Clostridioides difficile,Positive,Clostridiaceae,1,Moderate,2,Research station,India,Male,0,0,0,0,0,0,0,2024,1,1,1,1,1,1,1,1,1,0,0,0,1,0,0,0,0,0,0,0,1,1,0,12,0.522,MDR,1
ISO-00521,Wild Boar,Wildlife,🐗,Salmonella spp.,Negative,Enterobacteriaceae,1,High,3,Nature reserve,Spain,Male,0,0,0,0,0,0,0,2020,0,0,0,0,0,0,0,0,0,0,0,0,0,1,1,0,0,0,0,0,0,0,1,3,0.13,Intermediate,0
ISO-00522,Bovine,Livestock,🐄,Pasteurella multocida,Negative,Pasteurellaceae,1,Moderate,2,Dairy farm,Netherlands,Female,0,0,0,0,0,0,0,2024,0,0,0,0,0,0,0,0,0,0,0,0,1,0,0,0,0,0,1,0,0,0,0,2,0.087,Intermediate,0
ISO-00523,Human,Human,🧑,Enterococcus faecalis,Positive,Enterococcaceae,1,Low,1,Hospital,Italy,Female,61,0,0,0,0,0,0,2015,0,0,0,1,1,1,1,1,0,1,1,0,0,0,0,0,0,0,1,0,1,0,0,9,0.391,Intermediate,0
ISO-00524,Canine,Companion,🐕,Clostridioides difficile,Positive,Clostridiaceae,1,Moderate,2,Animal shelter,Germany,Male,13,0,0,0,0,0,0,2024,1,1,0,1,1,1,1,1,0,0,0,1,0,0,0,0,0,0,0,0,1,1,0,10,0.435,Intermediate,0
ISO-00525,Human,Human,🧑,Campylobacter jejuni,Negative,Campylobacteraceae,1,Very High,4,Community,Poland,Female,60,1,0,0,0,0,0,2017,0,0,0,1,1,0,0,1,1,0,0,0,1,0,0,0,0,0,0,1,0,1,0,7,0.304,Intermediate,0
ISO-00526,Bovine,Livestock,🐄,Escherichia coli,Negative,Enterobacteriaceae,1,High,3,Beef farm,Italy,Male,1,1,1,0,0,0,0,2021,0,1,0,0,1,0,0,0,0,0,0,0,0,1,1,1,0,0,1,0,0,0,1,7,0.304,Intermediate,0
ISO-00527,Soil,Environment,🌱,Enterobacter cloacae,Negative,Enterobacteriaceae,0,Low,1,Agricultural field,Poland,N/A,-1,0,0,0,0,0,0,2018,1,1,1,1,1,0,0,1,1,0,0,1,0,1,0,0,0,0,1,0,0,1,0,11,0.478,Intermediate,0
ISO-00528,Food,Environment,🥩,Enterococcus faecium,Positive,Enterococcaceae,1,Moderate,2,Retail,Spain,N/A,-1,0,0,0,0,0,0,2016,1,1,1,1,1,1,1,1,1,0,1,1,0,1,0,0,1,0,0,0,1,0,0,14,0.609,MDR,1
ISO-00529,Wild Bird,Wildlife,🦅,Campylobacter jejuni,Negative,Campylobacteraceae,1,Very High,4,Research station,South Africa,Unknown,1,1,0,0,0,0,0,2020,0,0,1,1,1,1,1,1,0,0,0,0,1,0,0,1,0,0,0,0,0,1,0,9,0.391,Intermediate,0
ISO-00530,Bovine,Livestock,🐄,Escherichia coli,Negative,Enterobacteriaceae,1,High,3,Veterinary clinic,France,Unknown,3,1,0,0,0,0,0,2023,1,1,1,0,0,0,0,0,0,1,1,0,1,0,0,1,0,1,0,0,0,0,0,8,0.348,Intermediate,0
ISO-00531,Feline,Companion,🐈,Staphylococcus pseudintermedius,Positive,Staphylococcaceae,1,Low,1,Veterinary clinic,Germany,Male,12,0,0,0,0,0,0,2015,1,1,0,0,0,0,0,0,0,0,0,1,0,0,0,0,0,0,0,0,1,0,0,4,0.174,Intermediate,0
ISO-00532,Feline,Companion,🐈,Staphylococcus pseudintermedius,Positive,Staphylococcaceae,1,Low,1,Veterinary clinic,United Kingdom,Female,5,1,0,0,0,0,0,2022,1,0,1,0,0,0,0,0,0,1,0,1,0,1,0,0,0,0,0,0,1,0,0,6,0.261,Intermediate,0
ISO-00533,Porcine,Livestock,🐷,Salmonella spp.,Negative,Enterobacteriaceae,1,High,3,Pig farm,Netherlands,Unknown,0,0,1,0,0,0,0,2017,1,1,0,1,0,0,0,0,1,0,1,0,0,1,0,0,0,1,0,1,0,1,0,9,0.391,Intermediate,0
ISO-00534,Canine,Companion,🐕,Pseudomonas aeruginosa,Negative,Pseudomonadaceae,0,Low,1,Home,Netherlands,Female,7,0,0,0,0,0,0,2020,1,1,0,1,1,1,1,0,0,0,1,1,0,0,0,0,1,1,1,1,0,1,1,14,0.609,MDR,1
ISO-00535,Human,Human,🧑,Acinetobacter baumannii,Negative,Moraxellaceae,0,Low,1,Hospital,Netherlands,Male,8,1,0,0,0,0,0,2018,1,1,1,1,1,1,1,0,1,1,1,1,1,0,1,1,1,1,0,0,0,1,0,17,0.739,MDR,1
ISO-00536,Human,Human,🧑,Salmonella spp.,Negative,Enterobacteriaceae,1,High,3,Hospital,South Africa,Female,63,0,0,0,0,0,0,2016,0,0,0,0,0,0,0,0,0,0,0,0,0,0,0,0,0,0,1,0,0,0,0,1,0.043,Intermediate,0
ISO-00537,Poultry,Livestock,🐔,Salmonella spp.,Negative,Enterobacteriaceae,1,High,3,Layer farm,Portugal,Female,2,0,0,0,0,0,0,2019,0,0,0,0,0,1,1,0,0,0,0,1,0,0,0,0,0,0,0,0,1,0,0,4,0.174,Intermediate,0
ISO-00538,Human,Human,🧑,Clostridioides difficile,Positive,Clostridiaceae,1,Moderate,2,Community,Poland,Male,75,0,0,0,0,0,0,2015,1,1,1,1,1,0,1,1,0,0,0,1,1,0,0,0,0,0,1,0,0,0,0,10,0.435,Intermediate,0
ISO-00539,Human,Human,🧑,Campylobacter jejuni,Negative,Campylobacteraceae,1,Very High,4,Community,South Africa,Female,45,0,0,0,0,0,0,2024,0,0,1,1,1,0,1,1,0,0,0,1,0,0,0,0,0,0,1,0,0,0,0,7,0.304,Intermediate,0
ISO-00540,Wild Boar,Wildlife,🐗,Escherichia coli,Negative,Enterobacteriaceae,1,High,3,Nature reserve,South Africa,Female,5,0,0,0,0,0,0,2017,1,1,0,1,0,1,0,0,0,0,0,1,1,0,0,0,0,0,0,0,0,1,0,7,0.304,Intermediate,0
ISO-00541,Food,Environment,🥩,Salmonella spp.,Negative,Enterobacteriaceae,1,High,3,Retail,South Africa,N/A,-1,0,0,0,0,0,0,2015,0,0,0,0,0,0,0,0,0,0,1,0,0,0,0,0,0,0,0,0,0,0,0,1,0.043,Intermediate,0
ISO-00542,Poultry,Livestock,🐔,Salmonella spp.,Negative,Enterobacteriaceae,1,High,3,Abattoir,South Africa,Female,4,1,1,0,0,0,0,2022,0,0,1,1,0,1,1,1,0,0,0,1,1,0,0,0,0,0,0,0,1,1,0,9,0.391,Intermediate,0
ISO-00543,Wild Boar,Wildlife,🐗,Escherichia coli,Negative,Enterobacteriaceae,1,High,3,Nature reserve,Portugal,Female,0,0,0,0,0,0,0,2015,0,0,0,0,1,0,0,0,0,0,0,0,1,0,0,0,0,1,0,0,0,0,0,3,0.13,Intermediate,0
ISO-00544,Food,Environment,🥩,Escherichia coli,Negative,Enterobacteriaceae,1,High,3,Processing plant,South Africa,N/A,-1,0,0,1,0,0,0,2021,1,0,0,1,1,1,1,1,0,0,1,0,0,0,0,1,0,0,0,0,0,0,0,8,0.348,Intermediate,0
ISO-00545,Human,Human,🧑,Acinetobacter baumannii,Negative,Moraxellaceae,0,Low,1,Community,Germany,Female,64,1,0,0,0,0,0,2022,1,1,1,1,1,1,0,1,0,1,1,0,1,1,0,0,1,1,1,1,0,1,1,17,0.739,MDR,1
ISO-00546,Porcine,Livestock,🐷,Escherichia coli,Negative,Enterobacteriaceae,1,High,3,Abattoir,Portugal,Female,0,1,0,0,0,0,0,2024,1,1,0,0,0,0,0,1,0,1,0,1,1,0,0,0,0,0,1,0,0,1,0,8,0.348,Intermediate,0
ISO-00547,Porcine,Livestock,🐷,Enterococcus faecalis,Positive,Enterococcaceae,1,Low,1,Pig farm,Netherlands,Female,0,1,0,0,0,0,0,2020,1,0,0,1,1,1,1,1,1,0,1,0,0,0,0,0,1,1,1,0,1,0,0,12,0.522,MDR,1
ISO-00548,Human,Human,🧑,Pseudomonas aeruginosa,Negative,Pseudomonadaceae,0,Low,1,Long-term care,Italy,Male,79,0,0,0,0,0,0,2022,1,1,0,1,1,1,0,0,0,0,1,1,0,0,0,0,1,1,1,1,0,1,1,13,0.565,MDR,1
ISO-00549,Equine,Companion,🐎,Acinetobacter baumannii,Negative,Moraxellaceae,0,Low,1,Equine clinic,Netherlands,Male,6,1,0,0,0,0,0,2023,1,1,1,1,1,1,1,1,1,1,1,0,0,1,1,1,1,1,1,0,0,1,1,19,0.826,MDR,1
ISO-00550,Porcine,Livestock,🐷,Enterococcus faecium,Positive,Enterococcaceae,1,Moderate,2,Abattoir,Netherlands,Male,16,1,0,0,0,0,0,2024,1,1,1,1,1,1,1,1,1,1,1,1,1,1,1,1,0,0,1,0,1,1,0,19,0.826,MDR,1
ISO-00551,Porcine,Livestock,🐷,Enterococcus faecalis,Positive,Enterococcaceae,1,Low,1,Pig farm,Germany,Unknown,0,1,0,0,0,0,0,2017,0,0,0,1,1,1,1,1,1,1,1,1,0,1,0,1,0,1,1,1,1,1,0,16,0.696,MDR,1
ISO-00552,Human,Human,🧑,Pasteurella multocida,Negative,Pasteurellaceae,1,Moderate,2,Hospital,United Kingdom,Male,37,0,0,0,0,0,0,2023,0,0,0,1,0,0,0,0,0,0,0,0,0,0,0,0,0,0,0,0,0,0,0,1,0.043,Intermediate,0
ISO-00553,Human,Human,🧑,Salmonella spp.,Negative,Enterobacteriaceae,1,High,3,Long-term care,Italy,Female,60,1,0,0,0,0,0,2017,1,0,1,0,0,1,0,0,0,0,0,0,0,0,0,0,1,0,1,0,0,1,0,6,0.261,Intermediate,0
ISO-00554,Water,Environment,💧,Escherichia coli,Negative,Enterobacteriaceae,1,High,3,Drinking water,South Africa,N/A,-1,0,0,0,0,0,0,2023,1,0,0,1,0,0,1,0,0,0,0,0,1,1,1,0,0,0,0,0,1,0,0,7,0.304,Intermediate,0
ISO-00555,Human,Human,🧑,Campylobacter jejuni,Negative,Campylobacteraceae,1,Very High,4,Community,Poland,Female,63,1,0,0,0,0,0,2018,0,0,1,1,1,0,0,0,1,1,0,0,0,0,0,0,0,0,1,0,0,0,0,6,0.261,Intermediate,0
ISO-00556,Human,Human,🧑,Pseudomonas aeruginosa,Negative,Pseudomonadaceae,0,Low,1,Long-term care,USA,Male,31,0,0,0,0,0,0,2019,1,1,1,1,1,1,0,1,0,0,1,0,1,1,0,0,1,1,1,0,1,1,1,16,0.696,MDR,1
ISO-00557,Bovine,Livestock,🐄,Escherichia coli,Negative,Enterobacteriaceae,1,High,3,Veterinary clinic,France,Male,9,1,0,0,0,0,0,2022,1,0,0,0,0,1,0,1,1,0,0,1,0,0,1,0,1,0,1,1,0,0,0,9,0.391,Intermediate,0
ISO-00558,Poultry,Livestock,🐔,Pasteurella multocida,Negative,Pasteurellaceae,1,Moderate,2,Abattoir,USA,Unknown,2,1,0,0,0,0,0,2024,1,0,0,0,0,0,0,1,0,0,0,0,0,0,0,0,0,0,0,1,0,1,0,4,0.174,Intermediate,0
ISO-00559,Canine,Companion,🐕,Pseudomonas aeruginosa,Negative,Pseudomonadaceae,0,Low,1,Home,South Africa,Female,0,0,0,0,0,0,0,2015,1,1,1,1,1,1,1,0,0,0,1,0,0,1,0,0,1,1,1,0,0,1,1,14,0.609,MDR,1
ISO-00560,Poultry,Livestock,🐔,Campylobacter jejuni,Negative,Campylobacteraceae,1,Very High,4,Layer farm,France,Female,0,0,0,0,0,0,0,2018,1,0,1,0,1,0,1,1,0,0,1,0,0,1,0,0,1,0,0,0,0,0,0,8,0.348,Intermediate,0
ISO-00561,Human,Human,🧑,Enterococcus faecalis,Positive,Enterococcaceae,1,Low,1,Long-term care,South Africa,Female,49,1,0,0,0,0,0,2015,0,0,0,1,1,1,1,1,1,1,1,0,0,1,1,0,0,0,1,0,1,0,0,12,0.522,MDR,1
ISO-00562,Human,Human,🧑,Pasteurella multocida,Negative,Pasteurellaceae,1,Moderate,2,Community,Italy,Female,66,0,0,0,0,0,0,2021,0,0,0,0,0,0,0,0,0,0,0,1,0,0,0,0,0,0,1,0,0,0,0,2,0.087,Intermediate,0
ISO-00563,Wild Boar,Wildlife,🐗,Salmonella spp.,Negative,Enterobacteriaceae,1,High,3,Research station,France,Male,2,1,0,0,0,0,0,2023,0,0,0,0,0,0,0,0,1,0,0,0,1,0,1,0,0,0,1,0,0,0,0,4,0.174,Intermediate,0
ISO-00564,Canine,Companion,🐕,Enterococcus faecium,Positive,Enterococcaceae,1,Moderate,2,Animal shelter,Brazil,Male,7,0,0,0,0,0,0,2022,1,0,1,1,1,1,1,1,1,0,1,1,0,0,0,1,0,0,0,1,1,0,0,13,0.565,MDR,1
ISO-00565,Canine,Companion,🐕,Enterococcus faecium,Positive,Enterococcaceae,1,Moderate,2,Veterinary clinic,Germany,Female,1,0,0,0,0,0,0,2015,1,0,1,1,1,1,1,1,1,0,1,0,0,1,0,0,1,1,0,0,1,1,0,14,0.609,MDR,1
ISO-00566,Feline,Companion,🐈,Pseudomonas aeruginosa,Negative,Pseudomonadaceae,0,Low,1,Veterinary clinic,Brazil,Female,9,0,0,0,0,0,0,2019,1,1,0,1,1,1,1,0,0,0,1,0,0,0,1,0,1,1,1,1,0,1,1,14,0.609,MDR,1
ISO-00567,Wild Bird,Wildlife,🦅,Salmonella spp.,Negative,Enterobacteriaceae,1,High,3,Nature reserve,Italy,Unknown,3,1,0,0,0,0,0,2023,1,0,0,0,1,0,0,0,1,0,0,1,1,0,1,0,0,0,0,0,0,1,0,7,0.304,Intermediate,0
ISO-00568,Human,Human,🧑,Pasteurella multocida,Negative,Pasteurellaceae,1,Moderate,2,Community,Spain,Female,47,1,0,0,0,0,0,2018,0,0,0,0,1,0,0,0,0,0,0,0,0,0,0,0,0,0,1,0,0,1,0,3,0.13,Intermediate,0
ISO-00569,Bovine,Livestock,🐄,Pasteurella multocida,Negative,Pasteurellaceae,1,Moderate,2,Beef farm,Netherlands,Female,1,1,0,0,0,0,0,2024,0,1,0,0,0,0,0,0,0,0,0,0,0,0,1,1,1,0,1,0,0,1,0,6,0.261,Intermediate,0
ISO-00570,Poultry,Livestock,🐔,Pasteurella multocida,Negative,Pasteurellaceae,1,Moderate,2,Layer farm,United Kingdom,Unknown,5,1,0,0,0,0,0,2021,0,1,0,0,0,0,0,0,0,0,0,0,0,0,0,0,0,0,1,0,1,0,1,4,0.174,Intermediate,0
ISO-00571,Bovine,Livestock,🐄,Enterococcus faecalis,Positive,Enterococcaceae,1,Low,1,Veterinary clinic,Netherlands,Male,2,1,0,0,0,0,0,2021,0,0,0,1,1,1,1,1,0,0,1,0,0,1,0,0,1,0,0,0,1,1,0,10,0.435,Intermediate,0
ISO-00572,Wild Boar,Wildlife,🐗,Escherichia coli,Negative,Enterobacteriaceae,1,High,3,Research station,United Kingdom,Male,0,0,0,1,0,0,0,2023,1,1,1,1,1,1,1,1,0,0,0,0,1,0,0,1,0,0,1,0,0,0,0,11,0.478,Intermediate,0
ISO-00573,Poultry,Livestock,🐔,Campylobacter jejuni,Negative,Campylobacteraceae,1,Very High,4,Abattoir,South Africa,Male,4,1,0,0,0,0,0,2020,1,0,1,1,1,0,1,1,0,0,0,1,1,0,1,0,0,1,0,1,0,1,0,12,0.522,MDR,1
ISO-00574,Wild Bird,Wildlife,🦅,Escherichia coli,Negative,Enterobacteriaceae,1,High,3,Research station,France,Unknown,0,0,0,0,0,0,0,2022,0,0,0,1,0,0,0,0,0,0,0,0,0,0,0,0,0,0,1,0,0,0,0,2,0.087,Intermediate,0
ISO-00575,Wild Boar,Wildlife,🐗,Escherichia coli,Negative,Enterobacteriaceae,1,High,3,Hunting area,Spain,Male,1,1,0,0,0,0,0,2020,1,0,0,0,0,0,1,0,1,1,1,0,1,1,0,1,0,0,0,1,1,0,0,10,0.435,Intermediate,0
ISO-00576,Poultry,Livestock,🐔,Enterococcus faecium,Positive,Enterococcaceae,1,Moderate,2,Broiler farm,Portugal,Unknown,3,1,0,0,0,0,0,2018,1,1,0,1,1,1,1,1,0,0,1,1,0,0,1,1,0,1,1,0,1,1,0,15,0.652,MDR,1
ISO-00577,Water,Environment,💧,Pseudomonas aeruginosa,Negative,Pseudomonadaceae,0,Low,1,Wastewater treatment,Brazil,N/A,-1,1,0,0,0,0,0,2018,1,1,0,1,1,1,1,1,0,0,1,0,0,0,0,1,1,1,1,1,0,1,1,15,0.652,MDR,1
ISO-00578,Canine,Companion,🐕,Staphylococcus pseudintermedius,Positive,Staphylococcaceae,1,Low,1,Veterinary clinic,France,Female,8,0,0,0,0,0,0,2019,1,0,0,1,0,0,1,0,0,0,0,0,0,0,0,0,0,0,0,0,1,0,0,4,0.174,Intermediate,0
ISO-00579,Wild Boar,Wildlife,🐗,Salmonella spp.,Negative,Enterobacteriaceae,1,High,3,Nature reserve,Spain,Male,0,0,0,0,0,0,0,2015,0,1,0,0,0,0,0,0,0,0,0,0,1,0,0,0,0,0,1,0,0,0,0,3,0.13,Intermediate,0
ISO-00580,Bovine,Livestock,🐄,Escherichia coli,Negative,Enterobacteriaceae,1,High,3,Beef farm,Brazil,Male,12,1,0,0,0,0,0,2021,1,1,0,0,1,1,0,1,0,0,0,1,0,1,1,0,1,0,1,0,0,0,0,10,0.435,Intermediate,0
ISO-00581,Poultry,Livestock,🐔,Escherichia coli,Negative,Enterobacteriaceae,1,High,3,Layer farm,Netherlands,Unknown,2,0,0,1,0,0,0,2017,0,0,0,1,1,1,1,1,0,0,0,1,0,1,0,0,0,0,0,1,0,0,0,8,0.348,Intermediate,0
ISO-00582,Poultry,Livestock,🐔,Pasteurella multocida,Negative,Pasteurellaceae,1,Moderate,2,Broiler farm,India,Male,2,0,0,0,0,0,0,2022,0,0,0,0,0,0,0,0,0,0,0,0,0,0,0,0,0,0,0,0,0,0,0,0,0.0,Susceptible,0
ISO-00583,Human,Human,🧑,Enterococcus faecalis,Positive,Enterococcaceae,1,Low,1,Long-term care,Italy,Male,72,0,1,0,0,0,0,2023,0,0,0,1,1,1,1,1,1,0,1,0,0,1,0,0,0,0,0,0,1,1,0,10,0.435,Intermediate,0
ISO-00584,Porcine,Livestock,🐷,Pasteurella multocida,Negative,Pasteurellaceae,1,Moderate,2,Pig farm,USA,Female,3,1,1,0,0,0,0,2015,0,1,0,0,0,0,0,1,0,1,0,0,0,0,0,0,0,1,1,0,0,1,0,6,0.261,Intermediate,0
ISO-00585,Water,Environment,💧,Pseudomonas aeruginosa,Negative,Pseudomonadaceae,0,Low,1,River,Germany,N/A,-1,0,0,0,0,0,0,2016,1,1,0,1,1,1,0,0,1,0,0,0,0,1,1,1,1,1,1,1,1,1,1,16,0.696,MDR,1
ISO-00586,Canine,Companion,🐕,Acinetobacter baumannii,Negative,Moraxellaceae,0,Low,1,Veterinary clinic,Netherlands,Female,13,0,0,0,0,0,0,2019,1,1,1,1,1,0,1,1,1,1,1,1,1,0,0,0,1,1,0,0,0,1,1,16,0.696,MDR,1
ISO-00587,Human,Human,🧑,Staphylococcus aureus,Positive,Staphylococcaceae,1,Moderate,2,Long-term care,South Africa,Male,42,0,0,0,0,0,0,2021,1,0,0,0,0,0,0,0,1,0,1,1,0,0,0,0,0,0,1,0,1,0,0,6,0.261,Intermediate,0
ISO-00588,Bovine,Livestock,🐄,Mannheimia haemolytica,Negative,Pasteurellaceae,0,Negligible,0,Beef farm,Poland,Male,1,0,0,0,0,0,0,2020,0,1,0,0,0,1,0,0,0,1,0,1,0,0,0,0,0,0,1,0,0,0,0,5,0.217,Intermediate,0
ISO-00589,Human,Human,🧑,Pasteurella multocida,Negative,Pasteurellaceae,1,Moderate,2,Community,Germany,Female,52,0,0,0,0,0,0,2019,0,0,0,0,1,0,0,0,0,0,0,0,0,0,0,0,0,0,0,0,0,1,0,2,0.087,Intermediate,0
ISO-00590,Human,Human,🧑,Clostridioides difficile,Positive,Clostridiaceae,1,Moderate,2,Hospital,United Kingdom,Female,75,0,0,0,0,0,0,2021,0,0,1,1,1,1,1,1,0,0,0,0,1,0,0,0,0,0,0,0,1,0,0,8,0.348,Intermediate,0
ISO-00591,Soil,Environment,🌱,Acinetobacter baumannii,Negative,Moraxellaceae,0,Low,1,Urban soil,Brazil,N/A,-1,0,0,0,0,0,0,2024,1,1,1,1,1,1,1,1,1,1,1,1,1,1,0,0,1,1,1,1,0,0,1,19,0.826,MDR,1
ISO-00592,Porcine,Livestock,🐷,Enterococcus faecium,Positive,Enterococcaceae,1,Moderate,2,Veterinary clinic,USA,Unknown,0,0,0,0,0,0,1,2015,0,1,0,1,1,1,1,1,1,1,1,0,1,1,1,0,1,1,0,0,1,0,0,15,0.652,MDR,1
ISO-00593,Bovine,Livestock,🐄,Campylobacter jejuni,Negative,Campylobacteraceae,1,Very High,4,Beef farm,Spain,Female,1,0,0,0,0,0,0,2024,0,0,1,1,1,0,0,1,0,0,0,1,0,0,0,0,0,0,1,0,0,1,1,8,0.348,Intermediate,0
ISO-00594,Canine,Companion,🐕,Enterococcus faecium,Positive,Enterococcaceae,1,Moderate,2,Veterinary clinic,Brazil,Female,2,0,1,0,0,0,0,2021,1,1,1,1,1,1,1,1,1,0,1,0,1,1,0,1,0,0,1,1,1,0,0,16,0.696,MDR,1
ISO-00595,Human,Human,🧑,Staphylococcus pseudintermedius,Positive,Staphylococcaceae,1,Low,1,Long-term care,Netherlands,Male,89,1,0,0,0,0,0,2015,1,1,1,0,0,1,1,0,1,0,1,0,0,1,0,0,0,0,0,0,1,1,0,10,0.435,Intermediate,0
ISO-00596,Human,Human,🧑,Staphylococcus pseudintermedius,Positive,Staphylococcaceae,1,Low,1,Community,Spain,Male,29,0,0,0,0,0,0,2022,1,0,1,1,0,0,1,0,0,0,0,0,0,1,0,0,0,0,0,0,1,0,0,6,0.261,Intermediate,0
ISO-00597,Feline,Companion,🐈,Staphylococcus aureus,Positive,Staphylococcaceae,1,Moderate,2,Animal shelter,South Africa,Female,7,1,0,0,0,0,0,2017,1,0,0,0,0,1,0,0,0,0,1,1,1,0,0,0,0,0,0,0,1,0,0,6,0.261,Intermediate,0
ISO-00598,Canine,Companion,🐕,Acinetobacter baumannii,Negative,Moraxellaceae,0,Low,1,Home,France,Female,2,0,0,0,0,0,0,2017,1,1,0,1,1,1,1,1,1,0,1,1,0,1,1,1,1,1,1,0,0,1,1,18,0.783,MDR,1
ISO-00599,Food,Environment,🥩,Salmonella spp.,Negative,Enterobacteriaceae,1,High,3,Retail,Germany,N/A,-1,1,0,0,0,0,0,2021,0,1,0,1,0,0,0,0,1,0,0,1,0,1,0,0,1,0,1,0,0,1,0,8,0.348,Intermediate,0
ISO-00600,Canine,Companion,🐕,Enterococcus faecalis,Positive,Enterococcaceae,1,Low,1,Animal shelter,Germany,Male,6,1,0,0,0,0,0,2021,0,0,1,1,1,1,1,1,0,1,1,0,1,1,1,0,0,0,1,0,1,1,0,14,0.609,MDR,1
ISO-00601,Porcine,Livestock,🐷,Staphylococcus aureus,Positive,Staphylococcaceae,1,Moderate,2,Pig farm,USA,Female,0,1,0,0,0,1,0,2022,1,1,0,0,0,0,1,1,0,0,1,1,1,0,0,0,0,0,1,0,1,0,0,9,0.391,Intermediate,0
ISO-00602,Wild Bird,Wildlife,🦅,Salmonella spp.,Negative,Enterobacteriaceae,1,High,3,Wildlife rescue,Poland,Unknown,0,0,0,0,0,0,0,2017,0,0,0,0,0,0,0,0,0,0,0,0,0,1,0,0,0,0,1,0,0,1,0,3,0.13,Intermediate,0
ISO-00603,Water,Environment,💧,Escherichia coli,Negative,Enterobacteriaceae,1,High,3,Wastewater treatment,Portugal,N/A,-1,0,0,0,0,0,0,2020,1,1,0,0,1,0,1,0,0,0,0,0,0,0,0,1,0,0,0,0,0,1,0,6,0.261,Intermediate,0
ISO-00604,Equine,Companion,🐎,Staphylococcus aureus,Positive,Staphylococcaceae,1,Moderate,2,Farm,Poland,Female,9,1,0,0,0,0,0,2015,1,0,0,1,1,0,1,0,0,0,0,0,0,0,0,0,0,0,0,0,1,0,0,5,0.217,Intermediate,0
ISO-00605,Food,Environment,🥩,Enterococcus faecium,Positive,Enterococcaceae,1,Moderate,2,Processing plant,Spain,N/A,-1,0,0,0,0,0,0,2024,1,1,1,1,1,1,1,1,1,0,1,0,1,1,0,0,0,0,1,0,1,0,0,14,0.609,MDR,1
ISO-00606,Wild Bird,Wildlife,🦅,Escherichia coli,Negative,Enterobacteriaceae,1,High,3,Research station,Italy,Unknown,2,0,0,0,0,0,0,2020,0,0,1,0,1,0,1,0,0,0,0,0,0,1,0,0,0,0,0,0,0,0,0,4,0.174,Intermediate,0
ISO-00607,Water,Environment,💧,Pseudomonas aeruginosa,Negative,Pseudomonadaceae,0,Low,1,River,South Africa,N/A,-1,0,0,0,0,0,0,2018,1,0,0,1,1,1,1,0,1,0,1,0,1,0,1,0,1,1,1,1,1,1,1,16,0.696,MDR,1
ISO-00608,Human,Human,🧑,Staphylococcus pseudintermedius,Positive,Staphylococcaceae,1,Low,1,Community,South Africa,Female,2,0,1,0,0,0,0,2024,0,0,0,1,1,0,0,0,1,0,1,0,0,1,0,0,0,0,0,0,1,0,1,7,0.304,Intermediate,0
ISO-00609,Equine,Companion,🐎,Mannheimia haemolytica,Negative,Pasteurellaceae,0,Negligible,0,Racing stable,France,Male,0,1,0,0,0,0,0,2015,1,0,0,1,0,0,0,0,0,0,0,0,0,0,0,0,0,0,0,0,0,0,0,2,0.087,Intermediate,0
ISO-00610,Porcine,Livestock,🐷,Pasteurella multocida,Negative,Pasteurellaceae,1,Moderate,2,Abattoir,United Kingdom,Female,3,1,0,0,0,0,0,2020,0,0,0,0,0,1,0,0,1,0,0,0,0,0,0,1,0,0,1,0,1,1,0,6,0.261,Intermediate,0
ISO-00611,Poultry,Livestock,🐔,Staphylococcus aureus,Positive,Staphylococcaceae,1,Moderate,2,Layer farm,Italy,Male,0,0,0,0,0,0,0,2022,1,0,0,0,1,0,1,1,0,0,0,0,0,0,0,1,0,0,1,0,1,0,0,7,0.304,Intermediate,0
ISO-00612,Canine,Companion,🐕,Enterococcus faecalis,Positive,Enterococcaceae,1,Low,1,Home,USA,Male,6,0,0,0,0,0,0,2022,1,0,1,1,1,1,1,1,1,1,1,0,0,0,0,0,1,0,0,0,1,1,0,13,0.565,MDR,1
ISO-00613,Food,Environment,🥩,Escherichia coli,Negative,Enterobacteriaceae,1,High,3,Slaughterhouse,France,N/A,-1,1,0,0,0,0,0,2020,1,0,1,0,0,0,1,0,0,0,0,0,1,1,1,0,0,1,1,1,0,1,0,10,0.435,Intermediate,0
ISO-00614,Food,Environment,🥩,Campylobacter jejuni,Negative,Campylobacteraceae,1,Very High,4,Slaughterhouse,Brazil,N/A,-1,0,0,0,0,0,0,2015,1,0,0,1,1,0,1,1,1,0,0,0,1,0,0,0,0,0,1,1,0,1,0,10,0.435,Intermediate,0
ISO-00615,Bovine,Livestock,🐄,Enterococcus faecium,Positive,Enterococcaceae,1,Moderate,2,Beef farm,India,Male,11,1,1,0,0,0,0,2017,1,1,1,1,1,1,1,1,1,1,1,1,1,0,0,0,0,1,1,0,1,1,1,18,0.783,MDR,1
ISO-00616,Equine,Companion,🐎,Escherichia coli,Negative,Enterobacteriaceae,1,High,3,Racing stable,Portugal,Female,4,1,0,0,0,0,0,2019,1,0,0,0,0,0,0,0,0,0,0,1,0,0,0,1,0,1,1,0,0,1,0,6,0.261,Intermediate,0
ISO-00617,Equine,Companion,🐎,Pseudomonas aeruginosa,Negative,Pseudomonadaceae,0,Low,1,Farm,Poland,Male,2,0,0,0,0,0,0,2020,1,1,0,1,1,0,0,0,0,0,1,0,0,0,1,0,1,1,1,1,0,1,1,12,0.522,MDR,1
ISO-00618,Bovine,Livestock,🐄,Staphylococcus aureus,Positive,Staphylococcaceae,1,Moderate,2,Veterinary clinic,India,Female,4,0,0,0,0,0,0,2016,1,0,1,0,0,0,1,0,0,0,0,0,0,1,1,0,0,1,1,0,1,0,0,8,0.348,Intermediate,0
ISO-00619,Human,Human,🧑,Enterobacter cloacae,Negative,Enterobacteriaceae,0,Low,1,Long-term care,South Africa,Male,62,1,1,0,0,0,0,2018,1,1,0,1,1,1,0,0,0,1,0,1,1,0,0,1,0,0,1,0,1,1,0,12,0.522,MDR,1
ISO-00620,Human,Human,🧑,Escherichia coli,Negative,Enterobacteriaceae,1,High,3,Hospital,Portugal,Female,67,0,0,0,0,0,0,2021,0,0,0,0,0,0,1,1,0,0,0,0,1,0,0,0,0,0,0,0,0,0,0,3,0.13,Intermediate,0
ISO-00621,Wild Bird,Wildlife,🦅,Campylobacter jejuni,Negative,Campylobacteraceae,1,Very High,4,Nature reserve,Portugal,Unknown,1,0,0,0,0,0,0,2022,0,0,0,1,1,0,1,1,0,0,0,0,0,0,0,0,0,0,1,0,0,1,0,6,0.261,Intermediate,0
ISO-00622,Poultry,Livestock,🐔,Salmonella spp.,Negative,Enterobacteriaceae,1,High,3,Abattoir,Portugal,Female,16,0,0,0,0,0,0,2018,0,0,0,0,1,0,0,0,1,1,1,1,0,0,0,1,0,0,1,0,0,1,1,9,0.391,Intermediate,0
ISO-00623,Food,Environment,🥩,Salmonella spp.,Negative,Enterobacteriaceae,1,High,3,Processing plant,Germany,N/A,-1,0,0,0,0,0,0,2019,0,0,0,0,0,0,0,0,0,0,0,0,0,0,1,0,0,0,0,0,0,0,0,1,0.043,Intermediate,0
ISO-00624,Porcine,Livestock,🐷,Enterococcus faecalis,Positive,Enterococcaceae,1,Low,1,Pig farm,France,Unknown,4,1,0,0,0,0,0,2020,1,0,0,1,1,1,1,1,1,1,1,1,0,0,0,1,0,0,1,0,1,0,0,13,0.565,MDR,1
ISO-00625,Food,Environment,🥩,Escherichia coli,Negative,Enterobacteriaceae,1,High,3,Processing plant,India,N/A,-1,0,1,0,0,0,0,2016,0,0,0,1,0,0,0,0,1,0,0,1,0,1,0,1,0,0,1,0,0,1,0,7,0.304,Intermediate,0
ISO-00626,Porcine,Livestock,🐷,Pasteurella multocida,Negative,Pasteurellaceae,1,Moderate,2,Abattoir,Spain,Male,4,0,0,0,0,0,0,2021,0,0,0,0,1,0,0,0,0,1,0,0,0,0,0,0,0,0,0,0,0,0,1,3,0.13,Intermediate,0
ISO-00627,Wild Bird,Wildlife,🦅,Campylobacter jejuni,Negative,Campylobacteraceae,1,Very High,4,Research station,Netherlands,Unknown,7,0,0,0,0,0,0,2023,0,1,0,1,0,0,0,0,0,0,0,0,1,0,0,0,0,0,1,0,0,1,0,5,0.217,Intermediate,0
ISO-00628,Human,Human,🧑,Enterobacter cloacae,Negative,Enterobacteriaceae,0,Low,1,Community,USA,Male,44,1,0,0,0,0,0,2024,1,1,1,1,1,0,0,0,1,0,0,0,1,0,0,0,0,0,1,0,1,1,0,10,0.435,Intermediate,0
ISO-00629,Poultry,Livestock,🐔,Pasteurella multocida,Negative,Pasteurellaceae,1,Moderate,2,Broiler farm,USA,Unknown,0,1,0,0,0,0,0,2022,0,0,1,0,0,0,1,0,1,0,0,0,0,0,0,0,0,1,0,0,0,0,0,4,0.174,Intermediate,0
ISO-00630,Wild Bird,Wildlife,🦅,Campylobacter jejuni,Negative,Campylobacteraceae,1,Very High,4,Wildlife rescue,Italy,Unknown,0,0,1,0,0,0,0,2019,0,1,0,1,1,1,1,1,0,0,0,1,1,0,0,0,0,0,1,0,0,0,0,9,0.391,Intermediate,0
ISO-00631,Soil,Environment,🌱,Escherichia coli,Negative,Enterobacteriaceae,1,High,3,Urban soil,United Kingdom,N/A,-1,1,0,0,0,0,0,2024,1,0,1,1,0,0,0,0,0,0,0,0,0,0,0,0,0,0,0,0,1,1,0,5,0.217,Intermediate,0
ISO-00632,Wild Boar,Wildlife,🐗,Clostridioides difficile,Positive,Clostridiaceae,1,Moderate,2,Nature reserve,Portugal,Unknown,0,0,0,0,0,0,0,2020,1,1,1,1,1,1,0,1,0,0,1,0,0,0,1,0,0,0,0,0,1,0,0,10,0.435,Intermediate,0
ISO-00633,Human,Human,🧑,Staphylococcus aureus,Positive,Staphylococcaceae,1,Moderate,2,Long-term care,Spain,Female,40,1,0,0,0,0,0,2021,0,0,0,0,0,0,1,0,1,0,0,0,0,0,0,0,0,0,0,1,1,0,0,4,0.174,Intermediate,0
ISO-00634,Bovine,Livestock,🐄,Salmonella spp.,Negative,Enterobacteriaceae,1,High,3,Beef farm,USA,Female,0,1,0,0,0,0,0,2023,0,0,0,0,0,0,0,0,0,0,0,0,1,0,0,0,0,0,0,0,1,1,0,3,0.13,Intermediate,0
ISO-00635,Human,Human,🧑,Clostridioides difficile,Positive,Clostridiaceae,1,Moderate,2,Long-term care,South Africa,Male,59,0,0,0,0,0,0,2015,1,1,1,1,0,1,1,1,0,0,0,0,0,0,0,0,0,0,1,0,1,0,0,9,0.391,Intermediate,0
ISO-00636,Human,Human,🧑,Acinetobacter baumannii,Negative,Moraxellaceae,0,Low,1,Hospital,Portugal,Female,68,0,1,0,0,0,0,2024,1,1,1,1,1,1,0,1,0,1,0,0,1,1,0,1,1,1,0,0,0,1,1,15,0.652,MDR,1
ISO-00637,Feline,Companion,🐈,Enterococcus faecalis,Positive,Enterococcaceae,1,Low,1,Animal shelter,Italy,Female,2,0,0,0,0,0,0,2022,0,0,0,1,1,1,1,1,0,0,1,0,0,1,0,1,1,0,0,0,1,0,0,10,0.435,Intermediate,0
ISO-00638,Feline,Companion,🐈,Escherichia coli,Negative,Enterobacteriaceae,1,High,3,Home,Germany,Male,3,0,0,0,0,0,0,2022,0,0,0,0,0,0,0,1,0,0,0,1,0,0,0,0,0,0,1,0,0,0,0,3,0.13,Intermediate,0
ISO-00639,Wild Bird,Wildlife,🦅,Escherichia coli,Negative,Enterobacteriaceae,1,High,3,Wildlife rescue,Netherlands,Unknown,4,0,0,0,0,0,0,2019,0,0,0,0,0,1,0,0,0,0,0,0,0,1,0,0,0,0,0,0,0,1,0,3,0.13,Intermediate,0
ISO-00640,Water,Environment,💧,Enterobacter cloacae,Negative,Enterobacteriaceae,0,Low,1,Drinking water,France,N/A,-1,0,0,0,0,0,0,2021,1,1,1,1,1,0,0,0,0,0,0,0,1,0,0,0,0,0,0,0,0,1,0,7,0.304,Intermediate,0
ISO-00641,Equine,Companion,🐎,Escherichia coli,Negative,Enterobacteriaceae,1,High,3,Equine clinic,United Kingdom,Male,4,0,0,1,0,0,0,2021,1,0,1,1,1,1,1,1,0,0,1,0,0,0,0,0,0,0,1,0,0,1,0,10,0.435,Intermediate,0
ISO-00642,Wild Bird,Wildlife,🦅,Salmonella spp.,Negative,Enterobacteriaceae,1,High,3,Research station,Spain,Unknown,1,0,0,0,0,0,0,2021,1,0,0,0,0,0,0,0,0,0,0,0,0,0,0,0,0,0,0,0,0,0,0,1,0.043,Intermediate,0
ISO-00643,Human,Human,🧑,Enterococcus faecalis,Positive,Enterococcaceae,1,Low,1,Long-term care,Spain,Male,62,1,0,0,0,0,0,2024,0,0,0,1,1,1,1,1,1,1,1,0,0,0,1,0,0,1,0,0,1,0,0,11,0.478,Intermediate,0
ISO-00644,Human,Human,🧑,Klebsiella pneumoniae,Negative,Enterobacteriaceae,1,Moderate,2,Long-term care,USA,Male,85,0,0,1,0,0,0,2020,1,1,0,1,1,1,1,1,0,0,0,0,0,0,0,0,0,0,0,0,0,0,0,7,0.304,Intermediate,0
ISO-00645,Canine,Companion,🐕,Escherichia coli,Negative,Enterobacteriaceae,1,High,3,Home,USA,Male,8,0,0,0,0,0,0,2020,1,0,0,1,0,0,0,0,0,0,0,0,0,1,0,0,0,0,0,0,0,0,0,3,0.13,Intermediate,0
ISO-00646,Wild Boar,Wildlife,🐗,Clostridioides difficile,Positive,Clostridiaceae,1,Moderate,2,Nature reserve,USA,Female,2,0,0,0,0,0,0,2016,1,1,0,1,1,1,1,1,0,1,0,1,0,0,0,0,1,0,1,0,0,1,0,12,0.522,MDR,1
ISO-00647,Human,Human,🧑,Staphylococcus aureus,Positive,Staphylococcaceae,1,Moderate,2,Long-term care,Portugal,Male,15,1,0,0,0,0,0,2024,1,1,0,0,0,0,1,0,0,0,0,0,0,0,1,0,0,0,0,1,1,1,0,7,0.304,Intermediate,0
ISO-00648,Poultry,Livestock,🐔,Salmonella spp.,Negative,Enterobacteriaceae,1,High,3,Abattoir,Brazil,Unknown,6,1,0,0,0,0,0,2015,1,0,0,0,0,1,0,0,0,0,1,1,0,0,0,0,0,0,1,1,0,1,0,7,0.304,Intermediate,0
ISO-00649,Feline,Companion,🐈,Staphylococcus pseudintermedius,Positive,Staphylococcaceae,1,Low,1,Animal shelter,USA,Female,3,0,0,0,0,0,0,2023,1,0,0,0,0,1,1,0,0,1,0,0,0,1,0,0,0,0,0,0,1,0,0,6,0.261,Intermediate,0
ISO-00650,Human,Human,🧑,Pseudomonas aeruginosa,Negative,Pseudomonadaceae,0,Low,1,Long-term care,Spain,Female,73,1,0,0,0,0,0,2016,1,1,0,1,1,1,0,1,0,1,1,0,1,0,1,0,1,1,1,1,0,1,1,16,0.696,MDR,1
ISO-00651,Porcine,Livestock,🐷,Staphylococcus aureus,Positive,Staphylococcaceae,1,Moderate,2,Pig farm,Netherlands,Female,0,1,0,0,0,0,0,2015,1,1,0,0,0,0,1,0,0,1,0,1,1,1,0,0,0,0,0,0,1,1,1,10,0.435,Intermediate,0
ISO-00652,Water,Environment,💧,Escherichia coli,Negative,Enterobacteriaceae,1,High,3,River,South Africa,N/A,-1,1,0,0,0,0,0,2016,1,1,1,1,1,0,0,0,0,0,0,0,1,0,1,0,0,0,0,0,0,0,0,7,0.304,Intermediate,0
ISO-00653,Feline,Companion,🐈,Enterococcus faecalis,Positive,Enterococcaceae,1,Low,1,Home,Netherlands,Female,8,0,0,0,0,0,0,2023,0,0,0,1,1,1,1,1,0,0,1,0,0,0,0,0,0,0,0,0,1,0,0,7,0.304,Intermediate,0
ISO-00654,Human,Human,🧑,Enterococcus faecium,Positive,Enterococcaceae,1,Moderate,2,Community,France,Male,78,0,1,0,0,0,0,2017,1,1,0,1,1,1,1,1,1,1,1,1,1,1,0,0,0,1,0,0,1,1,0,16,0.696,MDR,1
ISO-00655,Wild Boar,Wildlife,🐗,Clostridioides difficile,Positive,Clostridiaceae,1,Moderate,2,Research station,USA,Unknown,0,0,0,0,0,0,0,2023,1,1,0,1,1,1,1,1,0,0,0,0,1,0,1,0,0,0,0,0,1,0,0,10,0.435,Intermediate,0
ISO-00656,Bovine,Livestock,🐄,Pasteurella multocida,Negative,Pasteurellaceae,1,Moderate,2,Veterinary clinic,Netherlands,Male,0,0,0,0,0,0,0,2024,0,0,0,1,0,0,0,1,1,0,0,1,1,1,0,0,0,0,0,0,0,0,0,6,0.261,Intermediate,0
ISO-00657,Wild Boar,Wildlife,🐗,Clostridioides difficile,Positive,Clostridiaceae,1,Moderate,2,Research station,Netherlands,Male,3,1,0,0,0,0,0,2020,0,1,1,1,1,1,1,1,0,0,0,0,0,1,0,0,0,1,1,0,1,1,0,12,0.522,MDR,1
ISO-00658,Bovine,Livestock,🐄,Enterococcus faecium,Positive,Enterococcaceae,1,Moderate,2,Dairy farm,Poland,Female,2,1,1,0,0,0,0,2024,1,1,1,1,1,1,1,1,1,1,1,1,0,0,1,1,0,1,1,1,1,0,1,19,0.826,MDR,1
ISO-00659,Canine,Companion,🐕,Acinetobacter baumannii,Negative,Moraxellaceae,0,Low,1,Animal shelter,Brazil,Male,1,0,0,0,0,0,0,2023,1,1,1,1,1,1,0,0,0,1,1,0,1,1,1,0,1,1,0,0,0,1,1,15,0.652,MDR,1
ISO-00660,Porcine,Livestock,🐷,Pasteurella multocida,Negative,Pasteurellaceae,1,Moderate,2,Pig farm,Netherlands,Unknown,4,1,0,0,0,0,0,2016,0,0,1,0,0,0,1,0,1,0,1,0,1,0,0,0,0,0,0,0,0,1,0,6,0.261,Intermediate,0
ISO-00661,Human,Human,🧑,Staphylococcus aureus,Positive,Staphylococcaceae,1,Moderate,2,Long-term care,Spain,Female,39,0,0,0,0,0,0,2020,1,0,0,0,0,0,0,0,0,0,0,0,0,0,0,0,0,0,0,0,1,0,0,2,0.087,Intermediate,0
ISO-00662,Water,Environment,💧,Escherichia coli,Negative,Enterobacteriaceae,1,High,3,Drinking water,India,N/A,-1,0,0,0,0,0,0,2024,0,0,0,0,0,0,0,0,0,0,0,1,0,1,1,0,0,1,1,0,1,0,0,6,0.261,Intermediate,0
ISO-00663,Human,Human,🧑,Escherichia coli,Negative,Enterobacteriaceae,1,High,3,Community,Netherlands,Female,42,0,1,1,0,0,0,2020,1,1,1,1,1,1,1,1,0,0,0,0,0,0,0,0,0,0,1,0,0,0,0,9,0.391,Intermediate,0
ISO-00664,Human,Human,🧑,Salmonella spp.,Negative,Enterobacteriaceae,1,High,3,Community,Poland,Male,88,0,0,0,0,0,0,2015,1,0,0,1,0,0,0,0,0,0,0,0,0,0,0,0,0,0,0,0,0,0,0,2,0.087,Intermediate,0
ISO-00665,Bovine,Livestock,🐄,Enterococcus faecium,Positive,Enterococcaceae,1,Moderate,2,Veterinary clinic,United Kingdom,Female,0,1,0,0,0,0,0,2024,1,1,1,1,1,1,1,1,0,0,1,1,0,1,1,1,1,0,1,0,1,1,0,17,0.739,MDR,1
ISO-00666,Feline,Companion,🐈,Staphylococcus pseudintermedius,Positive,Staphylococcaceae,1,Low,1,Veterinary clinic,USA,Male,5,0,0,0,0,0,0,2020,1,0,0,1,0,0,0,0,0,0,0,1,1,0,0,0,0,0,0,0,1,1,0,6,0.261,Intermediate,0
ISO-00667,Wild Bird,Wildlife,🦅,Salmonella spp.,Negative,Enterobacteriaceae,1,High,3,Nature reserve,Brazil,Unknown,3,0,0,0,0,0,0,2017,1,0,0,0,1,1,0,0,0,0,0,1,0,0,0,0,0,0,0,0,0,0,0,4,0.174,Intermediate,0
ISO-00668,Food,Environment,🥩,Escherichia coli,Negative,Enterobacteriaceae,1,High,3,Slaughterhouse,France,N/A,-1,0,0,1,0,0,0,2017,0,0,0,1,1,1,1,1,0,0,0,0,0,0,0,0,0,0,0,0,0,1,0,6,0.261,Intermediate,0
ISO-00669,Bovine,Livestock,🐄,Klebsiella pneumoniae,Negative,Enterobacteriaceae,1,Moderate,2,Dairy farm,France,Male,2,1,0,0,0,0,0,2017,1,0,1,1,1,0,0,0,1,0,0,0,0,0,0,0,0,0,0,1,0,0,0,6,0.261,Intermediate,0
ISO-00670,Porcine,Livestock,🐷,Pasteurella multocida,Negative,Pasteurellaceae,1,Moderate,2,Veterinary clinic,United Kingdom,Female,3,1,0,0,0,0,0,2019,1,0,0,0,0,0,0,0,0,0,0,0,1,1,0,0,0,0,1,0,0,0,0,4,0.174,Intermediate,0
ISO-00671,Human,Human,🧑,Enterobacter cloacae,Negative,Enterobacteriaceae,0,Low,1,Hospital,Poland,Male,63,0,0,0,0,0,0,2024,0,1,1,1,1,1,0,0,0,0,0,1,0,1,0,0,0,0,1,0,0,0,0,8,0.348,Intermediate,0
ISO-00672,Poultry,Livestock,🐔,Enterococcus faecalis,Positive,Enterococcaceae,1,Low,1,Broiler farm,France,Female,2,0,1,0,0,0,0,2023,1,0,1,1,1,1,1,1,1,0,1,1,0,0,0,0,0,0,0,0,1,0,0,11,0.478,Intermediate,0
ISO-00673,Food,Environment,🥩,Escherichia coli,Negative,Enterobacteriaceae,1,High,3,Processing plant,India,N/A,-1,1,0,0,0,0,0,2015,0,0,1,1,1,0,0,1,0,0,0,0,1,1,0,1,0,0,1,0,0,0,0,8,0.348,Intermediate,0
ISO-00674,Feline,Companion,🐈,Escherichia coli,Negative,Enterobacteriaceae,1,High,3,Home,United Kingdom,Male,8,1,0,0,0,0,0,2019,0,1,0,0,1,1,0,0,0,0,1,0,0,1,0,0,0,0,0,0,1,1,0,7,0.304,Intermediate,0
ISO-00675,Canine,Companion,🐕,Pasteurella multocida,Negative,Pasteurellaceae,1,Moderate,2,Veterinary clinic,USA,Male,13,1,0,0,0,0,0,2017,1,0,0,0,0,1,1,0,0,0,0,0,0,0,0,0,1,0,1,0,0,0,0,5,0.217,Intermediate,0
ISO-00676,Porcine,Livestock,🐷,Clostridioides difficile,Positive,Clostridiaceae,1,Moderate,2,Veterinary clinic,Italy,Male,2,1,0,0,0,0,0,2016,1,1,1,1,1,1,1,1,0,0,0,1,1,0,1,1,0,0,0,1,0,1,0,14,0.609,MDR,1
ISO-00677,Water,Environment,💧,Escherichia coli,Negative,Enterobacteriaceae,1,High,3,Wastewater treatment,France,N/A,-1,0,0,0,0,0,0,2020,1,0,1,0,1,0,1,0,0,0,1,1,1,0,0,0,0,0,1,1,0,0,0,9,0.391,Intermediate,0
ISO-00678,Poultry,Livestock,🐔,Escherichia coli,Negative,Enterobacteriaceae,1,High,3,Abattoir,Portugal,Female,11,1,0,0,0,0,0,2016,1,1,0,1,0,1,1,1,0,0,0,0,0,0,0,0,0,0,1,0,1,1,0,9,0.391,Intermediate,0
ISO-00679,Human,Human,🧑,Staphylococcus pseudintermedius,Positive,Staphylococcaceae,1,Low,1,Community,South Africa,Male,46,0,0,0,0,0,0,2018,1,0,0,0,0,0,0,0,0,0,0,0,0,0,0,0,0,0,0,0,1,1,0,3,0.13,Intermediate,0
ISO-00680,Bovine,Livestock,🐄,Escherichia coli,Negative,Enterobacteriaceae,1,High,3,Dairy farm,South Africa,Male,3,1,0,0,0,0,0,2023,1,0,0,0,0,1,1,0,0,0,0,0,0,1,1,0,1,0,0,0,0,0,0,6,0.261,Intermediate,0
ISO-00681,Human,Human,🧑,Enterococcus faecium,Positive,Enterococcaceae,1,Moderate,2,Long-term care,Brazil,Female,98,0,0,0,0,0,0,2015,1,1,1,1,1,1,1,1,0,1,1,0,0,1,0,1,0,0,1,0,1,1,0,15,0.652,MDR,1
ISO-00682,Human,Human,🧑,Enterococcus faecalis,Positive,Enterococcaceae,1,Low,1,Long-term care,India,Male,75,1,0,0,0,0,0,2019,0,0,0,1,1,1,1,1,1,0,1,1,0,0,0,0,0,0,1,0,1,0,0,10,0.435,Intermediate,0
ISO-00683,Human,Human,🧑,Escherichia coli,Negative,Enterobacteriaceae,1,High,3,Long-term care,Spain,Male,87,0,0,0,0,0,0,2023,1,0,1,0,0,0,0,0,0,0,0,1,1,1,0,0,0,0,0,0,0,0,0,5,0.217,Intermediate,0
ISO-00684,Porcine,Livestock,🐷,Enterococcus faecium,Positive,Enterococcaceae,1,Moderate,2,Pig farm,South Africa,Unknown,10,0,0,0,0,0,1,2018,1,1,1,1,1,1,1,1,1,0,1,1,1,1,0,0,1,1,1,1,1,0,1,19,0.826,MDR,1
ISO-00685,Canine,Companion,🐕,Staphylococcus aureus,Positive,Staphylococcaceae,1,Moderate,2,Veterinary clinic,Germany,Female,9,1,0,0,0,0,0,2021,1,0,0,1,0,1,0,1,0,1,0,0,0,1,0,0,0,1,1,0,1,1,0,10,0.435,Intermediate,0
ISO-00686,Bovine,Livestock,🐄,Mannheimia haemolytica,Negative,Pasteurellaceae,0,Negligible,0,Beef farm,Portugal,Female,2,1,0,0,0,0,0,2024,0,0,0,1,0,1,0,0,1,0,0,1,1,1,0,0,0,0,0,0,0,0,0,6,0.261,Intermediate,0
ISO-00687,Porcine,Livestock,🐷,Enterococcus faecium,Positive,Enterococcaceae,1,Moderate,2,Pig farm,India,Male,3,0,0,0,0,0,0,2016,0,1,1,1,1,1,1,1,1,1,1,1,0,1,0,0,0,0,1,0,1,0,1,15,0.652,MDR,1
ISO-00688,Soil,Environment,🌱,Escherichia coli,Negative,Enterobacteriaceae,1,High,3,Agricultural field,Portugal,N/A,-1,1,0,0,0,0,0,2020,1,1,0,0,0,1,0,0,1,1,0,0,1,1,0,0,0,0,0,0,0,1,0,8,0.348,Intermediate,0
ISO-00689,Equine,Companion,🐎,Mannheimia haemolytica,Negative,Pasteurellaceae,0,Negligible,0,Farm,India,Male,2,0,0,0,0,0,0,2021,0,1,0,0,0,0,0,0,0,0,0,0,0,0,0,0,0,0,1,0,0,0,0,2,0.087,Intermediate,0
ISO-00690,Poultry,Livestock,🐔,Salmonella spp.,Negative,Enterobacteriaceae,1,High,3,Abattoir,USA,Unknown,2,0,0,0,0,0,0,2017,1,0,0,0,0,0,0,0,0,0,0,0,0,0,0,1,0,0,1,0,0,1,0,4,0.174,Intermediate,0
ISO-00691,Bovine,Livestock,🐄,Pasteurella multocida,Negative,Pasteurellaceae,1,Moderate,2,Veterinary clinic,Poland,Male,3,1,0,0,0,0,0,2019,1,0,0,0,1,0,0,1,0,0,0,0,1,0,1,0,0,0,1,0,0,0,0,6,0.261,Intermediate,0
ISO-00692,Water,Environment,💧,Escherichia coli,Negative,Enterobacteriaceae,1,High,3,Wastewater treatment,France,N/A,-1,0,0,0,0,0,0,2022,1,0,0,0,0,1,0,0,0,1,0,0,0,1,0,0,0,0,0,0,0,0,0,4,0.174,Intermediate,0
ISO-00693,Human,Human,🧑,Klebsiella pneumoniae,Negative,Enterobacteriaceae,1,Moderate,2,Long-term care,United Kingdom,Female,65,1,1,1,0,0,0,2020,1,0,0,1,1,1,1,1,1,0,1,1,1,0,1,0,1,0,1,0,0,0,0,13,0.565,MDR,1
ISO-00694,Bovine,Livestock,🐄,Klebsiella pneumoniae,Negative,Enterobacteriaceae,1,Moderate,2,Dairy farm,USA,Unknown,4,0,1,0,0,0,0,2016,1,1,1,1,0,0,0,0,0,0,0,1,0,0,0,0,1,0,0,0,0,1,0,7,0.304,Intermediate,0
ISO-00695,Water,Environment,💧,Pseudomonas aeruginosa,Negative,Pseudomonadaceae,0,Low,1,Wastewater treatment,Portugal,N/A,-1,0,0,0,0,0,0,2024,1,1,0,1,1,1,0,0,0,0,1,0,0,0,0,0,1,1,1,1,0,1,1,12,0.522,MDR,1
ISO-00696,Poultry,Livestock,🐔,Pasteurella multocida,Negative,Pasteurellaceae,1,Moderate,2,Abattoir,Portugal,Female,8,0,0,0,0,0,0,2020,1,0,0,0,0,1,0,0,0,0,0,0,0,0,0,0,0,0,1,1,0,0,0,4,0.174,Intermediate,0
ISO-00697,Equine,Companion,🐎,Klebsiella pneumoniae,Negative,Enterobacteriaceae,1,Moderate,2,Racing stable,Poland,Male,7,1,0,0,0,0,0,2020,1,0,0,0,0,1,0,1,0,0,0,1,0,0,1,0,0,0,1,0,1,0,1,8,0.348,Intermediate,0
ISO-00698,Canine,Companion,🐕,Staphylococcus pseudintermedius,Positive,Staphylococcaceae,1,Low,1,Home,USA,Female,6,0,0,0,0,0,0,2021,1,0,1,0,1,0,0,1,1,0,0,0,0,0,0,0,0,0,1,0,1,1,0,8,0.348,Intermediate,0
ISO-00699,Canine,Companion,🐕,Pasteurella multocida,Negative,Pasteurellaceae,1,Moderate,2,Veterinary clinic,Spain,Female,15,0,0,0,0,0,0,2019,0,1,0,0,1,0,1,0,1,0,0,0,0,0,0,0,0,0,1,0,0,0,0,5,0.217,Intermediate,0
ISO-00700,Bovine,Livestock,🐄,Campylobacter jejuni,Negative,Campylobacteraceae,1,Very High,4,Veterinary clinic,Portugal,Female,7,1,0,0,0,0,0,2017,1,1,1,1,1,0,1,1,0,1,0,1,0,0,0,0,0,1,0,0,0,1,0,11,0.478,Intermediate,0
ISO-00701,Human,Human,🧑,Staphylococcus pseudintermedius,Positive,Staphylococcaceae,1,Low,1,Community,Germany,Female,47,0,0,0,0,0,0,2019,1,0,0,0,0,0,0,1,0,0,0,0,1,0,0,0,0,0,0,0,1,1,0,5,0.217,Intermediate,0
ISO-00702,Bovine,Livestock,🐄,Klebsiella pneumoniae,Negative,Enterobacteriaceae,1,Moderate,2,Veterinary clinic,Italy,Male,1,0,0,0,0,0,0,2015,1,1,1,0,0,1,0,0,0,0,0,1,0,0,0,0,0,0,1,0,0,1,0,7,0.304,Intermediate,0
ISO-00703,Human,Human,🧑,Staphylococcus pseudintermedius,Positive,Staphylococcaceae,1,Low,1,Long-term care,Spain,Male,71,1,0,0,0,0,0,2023,1,1,1,1,0,0,0,0,0,0,0,0,1,1,0,0,0,0,1,0,1,0,0,8,0.348,Intermediate,0
ISO-00704,Water,Environment,💧,Pseudomonas aeruginosa,Negative,Pseudomonadaceae,0,Low,1,Wastewater treatment,Germany,N/A,-1,0,0,0,0,0,0,2022,1,1,0,1,1,1,1,1,0,1,1,0,0,0,1,0,1,1,1,1,0,1,1,16,0.696,MDR,1
ISO-00705,Bovine,Livestock,🐄,Staphylococcus aureus,Positive,Staphylococcaceae,1,Moderate,2,Beef farm,France,Unknown,0,0,0,0,0,0,0,2021,1,1,0,0,1,0,1,0,0,0,0,0,0,0,0,0,0,0,0,0,1,0,0,5,0.217,Intermediate,0
ISO-00706,Poultry,Livestock,🐔,Enterococcus faecium,Positive,Enterococcaceae,1,Moderate,2,Abattoir,United Kingdom,Unknown,1,1,0,0,0,0,0,2022,1,1,1,1,1,1,1,1,1,1,1,1,0,1,1,1,1,0,1,0,1,0,0,18,0.783,MDR,1
ISO-00707,Wild Bird,Wildlife,🦅,Campylobacter jejuni,Negative,Campylobacteraceae,1,Very High,4,Nature reserve,United Kingdom,Unknown,4,0,0,0,0,0,0,2023,0,0,0,1,0,0,1,0,0,0,1,1,1,0,0,0,0,0,0,0,0,0,0,5,0.217,Intermediate,0
ISO-00708,Wild Bird,Wildlife,🦅,Salmonella spp.,Negative,Enterobacteriaceae,1,High,3,Wildlife rescue,Poland,Unknown,1,0,0,0,0,0,0,2016,1,0,0,1,0,0,0,0,0,0,0,0,0,1,1,0,0,0,1,0,0,0,0,5,0.217,Intermediate,0
ISO-00709,Porcine,Livestock,🐷,Staphylococcus aureus,Positive,Staphylococcaceae,1,Moderate,2,Abattoir,Poland,Male,1,1,0,0,0,0,0,2021,1,0,1,1,1,0,1,0,0,0,0,1,0,1,0,1,0,0,0,0,1,1,1,11,0.478,Intermediate,0
ISO-00710,Porcine,Livestock,🐷,Staphylococcus aureus,Positive,Staphylococcaceae,1,Moderate,2,Veterinary clinic,Brazil,Male,0,1,0,0,0,0,0,2015,1,0,0,0,0,0,0,0,0,0,0,0,1,1,0,0,1,0,1,0,1,0,0,6,0.261,Intermediate,0
ISO-00711,Food,Environment,🥩,Campylobacter jejuni,Negative,Campylobacteraceae,1,Very High,4,Slaughterhouse,Brazil,N/A,-1,1,0,0,0,0,0,2019,1,0,0,1,1,1,1,1,0,0,0,0,0,1,1,0,0,0,1,0,1,0,0,10,0.435,Intermediate,0
ISO-00712,Feline,Companion,🐈,Pseudomonas aeruginosa,Negative,Pseudomonadaceae,0,Low,1,Veterinary clinic,Brazil,Female,14,0,1,0,0,0,0,2020,1,1,0,1,1,1,0,1,1,0,1,1,0,1,0,0,1,1,1,1,0,1,1,16,0.696,MDR,1
ISO-00713,Wild Bird,Wildlife,🦅,Salmonella spp.,Negative,Enterobacteriaceae,1,High,3,Nature reserve,France,Unknown,3,0,0,0,0,0,0,2024,1,1,0,1,0,0,1,0,0,0,0,0,0,0,0,0,0,0,1,0,0,0,0,5,0.217,Intermediate,0
ISO-00714,Water,Environment,💧,Pseudomonas aeruginosa,Negative,Pseudomonadaceae,0,Low,1,River,Poland,N/A,-1,0,0,0,0,0,0,2021,1,1,0,1,1,1,0,1,1,0,1,0,0,0,1,0,1,1,1,1,0,1,1,15,0.652,MDR,1
ISO-00715,Wild Bird,Wildlife,🦅,Salmonella spp.,Negative,Enterobacteriaceae,1,High,3,Wildlife rescue,Portugal,Unknown,1,0,0,0,0,0,0,2023,1,0,0,1,0,0,0,0,0,0,0,1,0,0,0,0,0,0,1,0,0,1,0,5,0.217,Intermediate,0
ISO-00716,Human,Human,🧑,Escherichia coli,Negative,Enterobacteriaceae,1,High,3,Hospital,Brazil,Female,55,0,0,1,0,0,0,2018,1,1,0,1,1,1,1,1,0,0,0,1,0,0,0,0,0,0,0,0,0,1,0,9,0.391,Intermediate,0
ISO-00717,Poultry,Livestock,🐔,Enterococcus faecium,Positive,Enterococcaceae,1,Moderate,2,Layer farm,Italy,Female,0,1,0,0,0,0,0,2022,1,1,0,1,1,1,1,1,1,1,1,1,1,1,0,1,1,1,1,1,1,1,0,20,0.87,MDR,1
ISO-00718,Human,Human,🧑,Pseudomonas aeruginosa,Negative,Pseudomonadaceae,0,Low,1,Community,India,Female,49,0,1,0,0,0,0,2020,1,1,0,1,1,1,0,1,1,0,1,0,0,0,0,0,1,1,1,1,0,1,1,14,0.609,MDR,1
ISO-00719,Canine,Companion,🐕,Enterococcus faecium,Positive,Enterococcaceae,1,Moderate,2,Home,Portugal,Male,10,0,0,0,0,0,0,2020,1,1,1,1,1,1,1,1,0,0,1,1,0,1,0,1,1,0,1,0,1,1,0,16,0.696,MDR,1
ISO-00720,Soil,Environment,🌱,Acinetobacter baumannii,Negative,Moraxellaceae,0,Low,1,Forest,South Africa,N/A,-1,0,1,0,0,0,0,2018,1,1,0,1,1,1,1,0,0,0,1,0,1,0,1,0,1,1,1,0,0,1,1,14,0.609,MDR,1
ISO-00721,Poultry,Livestock,🐔,Campylobacter jejuni,Negative,Campylobacteraceae,1,Very High,4,Layer farm,Brazil,Male,1,1,0,0,0,0,0,2019,0,0,0,1,1,0,1,1,1,0,0,0,1,0,0,0,0,1,1,1,1,1,1,12,0.522,MDR,1
ISO-00722,Porcine,Livestock,🐷,Pasteurella multocida,Negative,Pasteurellaceae,1,Moderate,2,Abattoir,United Kingdom,Unknown,3,1,0,0,0,0,0,2024,1,0,0,0,0,0,1,1,0,0,0,0,0,1,0,1,0,0,1,0,0,1,0,7,0.304,Intermediate,0
ISO-00723,Human,Human,🧑,Pasteurella multocida,Negative,Pasteurellaceae,1,Moderate,2,Hospital,Netherlands,Female,68,0,0,0,0,0,0,2017,0,0,0,0,0,0,0,0,0,0,0,1,0,0,0,0,0,0,1,0,0,0,0,2,0.087,Intermediate,0
ISO-00724,Soil,Environment,🌱,Enterobacter cloacae,Negative,Enterobacteriaceae,0,Low,1,Agricultural field,Portugal,N/A,-1,1,0,1,0,0,0,2021,1,1,0,1,1,1,1,1,0,0,0,0,0,0,0,1,1,0,1,0,0,0,0,10,0.435,Intermediate,0
ISO-00725,Human,Human,🧑,Enterococcus faecalis,Positive,Enterococcaceae,1,Low,1,Community,Italy,Male,47,0,0,0,0,0,0,2024,0,1,0,1,1,1,1,1,0,1,1,0,0,0,0,0,0,0,1,0,1,0,0,10,0.435,Intermediate,0
ISO-00726,Human,Human,🧑,Enterococcus faecalis,Positive,Enterococcaceae,1,Low,1,Community,Italy,Male,62,0,0,0,0,0,0,2021,0,0,0,1,1,1,1,1,1,0,1,0,0,1,1,0,0,0,1,0,1,0,0,11,0.478,Intermediate,0
ISO-00727,Human,Human,🧑,Escherichia coli,Negative,Enterobacteriaceae,1,High,3,Hospital,Germany,Male,29,1,0,0,0,0,0,2023,1,1,0,1,0,0,0,0,0,1,0,1,1,0,0,0,0,0,0,0,0,1,0,7,0.304,Intermediate,0
ISO-00728,Human,Human,🧑,Pseudomonas aeruginosa,Negative,Pseudomonadaceae,0,Low,1,Long-term care,United Kingdom,Male,53,0,0,0,0,0,0,2023,0,1,1,1,1,1,0,0,1,0,0,0,0,0,0,0,1,1,1,1,0,1,1,12,0.522,MDR,1
ISO-00729,Porcine,Livestock,🐷,Salmonella spp.,Negative,Enterobacteriaceae,1,High,3,Pig farm,Italy,Male,0,0,0,0,0,0,0,2024,1,0,0,0,0,0,0,0,0,0,0,1,1,1,0,1,0,0,0,0,0,0,0,5,0.217,Intermediate,0
ISO-00730,Poultry,Livestock,🐔,Campylobacter jejuni,Negative,Campylobacteraceae,1,Very High,4,Layer farm,United Kingdom,Female,1,0,0,0,0,0,0,2023,0,0,0,0,1,1,1,0,0,0,0,0,0,0,0,0,0,0,1,0,0,1,0,5,0.217,Intermediate,0
ISO-00731,Bovine,Livestock,🐄,Escherichia coli,Negative,Enterobacteriaceae,1,High,3,Beef farm,Germany,Unknown,0,1,0,0,0,0,0,2024,0,1,1,0,1,1,0,1,1,0,0,0,0,1,0,0,1,0,1,1,0,1,0,11,0.478,Intermediate,0
ISO-00732,Human,Human,🧑,Enterococcus faecium,Positive,Enterococcaceae,1,Moderate,2,Hospital,Portugal,Male,75,0,0,0,0,0,0,2020,1,1,1,1,1,1,1,1,1,0,1,0,1,0,1,0,0,0,0,0,1,0,0,13,0.565,MDR,1
ISO-00733,Human,Human,🧑,Staphylococcus pseudintermedius,Positive,Staphylococcaceae,1,Low,1,Long-term care,India,Female,54,0,0,0,0,0,0,2021,1,1,0,0,0,1,1,0,0,0,0,0,1,0,0,0,0,0,0,0,1,0,0,6,0.261,Intermediate,0
ISO-00734,Porcine,Livestock,🐷,Salmonella spp.,Negative,Enterobacteriaceae,1,High,3,Pig farm,United Kingdom,Female,0,0,0,0,0,0,0,2019,1,0,0,0,0,1,0,0,0,0,0,0,0,0,1,0,0,0,0,0,0,1,0,4,0.174,Intermediate,0
ISO-00735,Human,Human,🧑,Escherichia coli,Negative,Enterobacteriaceae,1,High,3,Long-term care,Portugal,Female,76,1,0,1,0,0,0,2024,0,1,0,1,1,1,1,1,0,0,0,0,0,1,0,0,0,0,0,0,0,1,0,8,0.348,Intermediate,0
ISO-00736,Feline,Companion,🐈,Pseudomonas aeruginosa,Negative,Pseudomonadaceae,0,Low,1,Home,Germany,Male,4,0,0,0,0,0,0,2016,1,1,0,1,1,1,1,1,0,0,1,0,0,0,0,0,1,1,1,1,1,1,1,15,0.652,MDR,1
ISO-00737,Human,Human,🧑,Salmonella spp.,Negative,Enterobacteriaceae,1,High,3,Long-term care,Portugal,Male,48,0,0,1,0,0,0,2024,1,0,0,1,1,1,1,1,0,0,0,0,1,0,0,0,0,0,1,0,0,0,0,8,0.348,Intermediate,0
ISO-00738,Bovine,Livestock,🐄,Klebsiella pneumoniae,Negative,Enterobacteriaceae,1,Moderate,2,Veterinary clinic,Netherlands,Female,1,0,0,0,0,0,0,2017,1,1,1,1,1,1,1,1,0,0,0,0,1,1,0,0,0,0,0,0,1,0,1,12,0.522,MDR,1
ISO-00739,Porcine,Livestock,🐷,Enterococcus faecium,Positive,Enterococcaceae,1,Moderate,2,Abattoir,Netherlands,Male,2,1,0,0,0,0,0,2017,1,1,1,1,1,1,1,1,1,0,1,0,1,1,1,1,0,1,1,0,1,1,0,18,0.783,MDR,1
ISO-00740,Porcine,Livestock,🐷,Staphylococcus aureus,Positive,Staphylococcaceae,1,Moderate,2,Pig farm,Portugal,Female,1,1,1,0,0,0,0,2024,1,1,0,1,1,0,0,1,0,0,0,0,1,0,1,1,0,1,1,0,1,1,1,13,0.565,MDR,1
ISO-00741,Human,Human,🧑,Staphylococcus pseudintermedius,Positive,Staphylococcaceae,1,Low,1,Community,Brazil,Male,34,0,1,0,0,0,0,2020,0,0,0,0,0,1,1,0,0,0,0,1,0,0,0,0,0,0,1,0,1,0,0,5,0.217,Intermediate,0
ISO-00742,Human,Human,🧑,Pseudomonas aeruginosa,Negative,Pseudomonadaceae,0,Low,1,Long-term care,United Kingdom,Male,84,0,0,0,0,0,0,2021,1,1,0,1,1,0,0,0,1,1,1,0,0,0,0,0,1,1,1,0,0,1,1,12,0.522,MDR,1
ISO-00743,Water,Environment,💧,Salmonella spp.,Negative,Enterobacteriaceae,1,High,3,River,Brazil,N/A,-1,0,0,0,0,0,0,2024,0,1,0,0,0,0,0,0,0,0,0,0,0,0,0,0,0,0,1,0,0,0,0,2,0.087,Intermediate,0
ISO-00744,Human,Human,🧑,Pasteurella multocida,Negative,Pasteurellaceae,1,Moderate,2,Hospital,South Africa,Male,73,1,0,0,0,0,0,2015,0,1,1,0,0,0,0,0,0,0,0,1,0,0,0,0,0,0,0,0,0,0,0,3,0.13,Intermediate,0
ISO-00745,Poultry,Livestock,🐔,Staphylococcus aureus,Positive,Staphylococcaceae,1,Moderate,2,Layer farm,Poland,Male,3,1,0,0,0,0,0,2020,1,0,1,0,0,0,0,1,0,1,0,0,0,0,0,0,0,1,1,0,1,0,0,7,0.304,Intermediate,0
ISO-00746,Poultry,Livestock,🐔,Campylobacter jejuni,Negative,Campylobacteraceae,1,Very High,4,Layer farm,USA,Male,2,1,0,0,0,0,0,2019,1,0,0,1,1,1,1,0,0,1,0,1,0,0,0,0,0,0,1,0,0,1,0,9,0.391,Intermediate,0
ISO-00747,Bovine,Livestock,🐄,Salmonella spp.,Negative,Enterobacteriaceae,1,High,3,Beef farm,Italy,Female,1,1,0,1,0,0,0,2022,0,0,1,1,1,1,1,1,1,0,1,1,1,1,0,0,1,0,1,1,1,1,0,16,0.696,MDR,1
ISO-00748,Porcine,Livestock,🐷,Staphylococcus aureus,Positive,Staphylococcaceae,1,Moderate,2,Pig farm,Spain,Unknown,1,0,0,0,0,1,0,2020,1,1,0,0,1,0,1,0,0,0,0,0,0,0,0,1,0,0,1,0,1,1,0,8,0.348,Intermediate,0
ISO-00749,Wild Bird,Wildlife,🦅,Escherichia coli,Negative,Enterobacteriaceae,1,High,3,Wildlife rescue,USA,Unknown,3,0,0,0,0,0,0,2022,1,0,0,0,0,0,0,0,0,0,0,0,1,0,1,0,0,0,0,0,0,0,0,3,0.13,Intermediate,0
ISO-00750,Wild Boar,Wildlife,🐗,Clostridioides difficile,Positive,Clostridiaceae,1,Moderate,2,Research station,France,Male,0,0,0,0,0,0,0,2015,1,1,1,1,1,1,1,1,0,0,1,0,1,0,0,0,0,0,0,0,1,0,0,11,0.478,Intermediate,0
ISO-00751,Human,Human,🧑,Campylobacter jejuni,Negative,Campylobacteraceae,1,Very High,4,Community,Italy,Male,10,0,0,0,0,0,0,2016,0,1,0,1,1,0,1,1,0,0,0,0,1,0,0,0,0,0,1,0,0,0,0,7,0.304,Intermediate,0
ISO-00752,Bovine,Livestock,🐄,Escherichia coli,Negative,Enterobacteriaceae,1,High,3,Beef farm,Poland,Unknown,2,1,0,1,0,0,0,2024,1,0,0,1,1,1,1,1,0,0,0,0,0,1,1,0,0,0,1,1,0,1,0,11,0.478,Intermediate,0
ISO-00753,Human,Human,🧑,Pseudomonas aeruginosa,Negative,Pseudomonadaceae,0,Low,1,Hospital,India,Male,54,1,0,0,0,0,0,2020,1,1,0,1,1,1,0,0,0,0,1,1,0,1,0,1,1,1,1,1,0,1,1,15,0.652,MDR,1
ISO-00754,Porcine,Livestock,🐷,Enterococcus faecium,Positive,Enterococcaceae,1,Moderate,2,Pig farm,Brazil,Male,2,1,0,0,0,0,0,2017,1,1,1,1,1,1,1,1,1,1,1,1,0,1,1,0,0,0,1,0,1,1,0,17,0.739,MDR,1
ISO-00755,Feline,Companion,🐈,Staphylococcus pseudintermedius,Positive,Staphylococcaceae,1,Low,1,Animal shelter,Italy,Female,1,1,0,0,0,0,0,2023,1,0,0,0,1,1,1,0,0,0,0,1,0,0,1,0,1,0,1,0,1,0,0,9,0.391,Intermediate,0
ISO-00756,Human,Human,🧑,Clostridioides difficile,Positive,Clostridiaceae,1,Moderate,2,Community,France,Male,66,1,0,0,0,0,0,2022,1,1,1,1,1,1,1,0,0,0,0,0,0,1,0,0,0,0,0,0,1,0,0,9,0.391,Intermediate,0
ISO-00757,Bovine,Livestock,🐄,Escherichia coli,Negative,Enterobacteriaceae,1,High,3,Veterinary clinic,Netherlands,Female,0,0,0,0,0,0,0,2019,0,0,1,0,0,0,0,1,0,0,0,0,0,0,1,0,0,0,0,0,0,1,0,4,0.174,Intermediate,0
ISO-00758,Soil,Environment,🌱,Acinetobacter baumannii,Negative,Moraxellaceae,0,Low,1,Forest,Netherlands,N/A,-1,1,0,0,0,0,0,2024,1,1,1,1,1,0,1,1,1,1,1,0,1,1,0,1,1,1,1,0,0,1,1,18,0.783,MDR,1
ISO-00759,Human,Human,🧑,Enterobacter cloacae,Negative,Enterobacteriaceae,0,Low,1,Community,Italy,Female,45,1,0,1,0,0,0,2021,1,0,0,1,1,1,1,1,0,1,1,0,0,1,0,1,0,0,0,0,0,0,0,10,0.435,Intermediate,0
ISO-00760,Porcine,Livestock,🐷,Enterococcus faecalis,Positive,Enterococcaceae,1,Low,1,Abattoir,Portugal,Unknown,6,0,0,0,0,0,0,2020,0,0,0,1,1,1,1,1,1,1,1,1,1,0,0,1,0,1,1,0,1,0,0,14,0.609,MDR,1
ISO-00761,Feline,Companion,🐈,Staphylococcus aureus,Positive,Staphylococcaceae,1,Moderate,2,Home,United Kingdom,Male,3,0,0,0,0,0,0,2023,0,0,0,0,0,0,0,0,0,0,1,0,1,1,0,1,0,0,0,0,1,0,0,5,0.217,Intermediate,0
ISO-00762,Human,Human,🧑,Pseudomonas aeruginosa,Negative,Pseudomonadaceae,0,Low,1,Community,Germany,Female,83,0,0,0,0,0,0,2021,1,1,0,1,1,0,0,0,1,0,1,0,0,0,0,0,1,1,1,1,0,1,1,12,0.522,MDR,1
ISO-00763,Human,Human,🧑,Acinetobacter baumannii,Negative,Moraxellaceae,0,Low,1,Community,Italy,Female,49,1,0,0,0,0,0,2024,1,1,1,1,1,0,1,0,0,1,1,0,0,0,1,1,1,1,0,0,0,1,1,14,0.609,MDR,1
ISO-00764,Human,Human,🧑,Klebsiella pneumoniae,Negative,Enterobacteriaceae,1,Moderate,2,Community,South Africa,Male,75,1,0,1,0,0,0,2019,1,1,0,1,1,1,1,1,1,1,0,1,0,0,1,1,0,0,1,0,0,0,0,13,0.565,MDR,1
ISO-00765,Water,Environment,💧,Pseudomonas aeruginosa,Negative,Pseudomonadaceae,0,Low,1,Wastewater treatment,Portugal,N/A,-1,0,0,0,0,0,0,2023,1,1,0,1,1,1,0,0,0,0,1,1,0,0,0,0,1,1,1,1,0,1,1,13,0.565,MDR,1
ISO-00766,Human,Human,🧑,Acinetobacter baumannii,Negative,Moraxellaceae,0,Low,1,Community,USA,Female,37,0,0,0,0,0,0,2022,1,1,1,1,1,1,0,1,1,1,1,0,1,1,0,0,1,1,1,0,0,1,1,17,0.739,MDR,1
ISO-00767,Human,Human,🧑,Enterococcus faecium,Positive,Enterococcaceae,1,Moderate,2,Community,India,Male,33,0,0,0,0,0,0,2016,0,1,0,1,1,1,1,1,1,1,1,1,0,1,0,1,0,0,0,0,1,1,0,14,0.609,MDR,1
ISO-00768,Human,Human,🧑,Salmonella spp.,Negative,Enterobacteriaceae,1,High,3,Community,USA,Male,54,0,0,0,0,0,0,2021,1,0,0,1,0,1,0,0,0,0,0,0,0,0,0,0,0,0,1,0,0,0,0,4,0.174,Intermediate,0
ISO-00769,Human,Human,🧑,Clostridioides difficile,Positive,Clostridiaceae,1,Moderate,2,Long-term care,Spain,Male,59,1,0,0,0,0,0,2023,1,1,1,1,1,1,0,0,1,0,0,1,1,0,0,1,0,0,0,1,0,0,0,11,0.478,Intermediate,0
ISO-00770,Canine,Companion,🐕,Pseudomonas aeruginosa,Negative,Pseudomonadaceae,0,Low,1,Animal shelter,USA,Male,1,0,0,0,0,0,0,2021,1,1,1,1,1,1,1,1,0,0,1,0,0,1,0,0,1,1,1,1,0,1,1,16,0.696,MDR,1
ISO-00771,Human,Human,🧑,Enterococcus faecium,Positive,Enterococcaceae,1,Moderate,2,Long-term care,France,Female,43,1,0,0,0,0,1,2015,1,1,1,1,1,1,1,1,1,1,1,0,1,0,1,1,1,1,1,1,1,1,1,21,0.913,MDR,1
ISO-00772,Poultry,Livestock,🐔,Salmonella spp.,Negative,Enterobacteriaceae,1,High,3,Abattoir,Portugal,Male,0,1,0,0,0,0,0,2023,1,0,1,0,0,0,0,0,1,0,0,0,0,0,0,0,0,0,1,1,1,1,0,7,0.304,Intermediate,0
ISO-00773,Canine,Companion,🐕,Staphylococcus pseudintermedius,Positive,Staphylococcaceae,1,Low,1,Home,India,Male,7,0,0,0,0,0,0,2016,1,0,1,0,1,0,1,0,0,0,0,0,1,0,1,0,0,0,1,0,1,1,0,9,0.391,Intermediate,0
ISO-00774,Wild Boar,Wildlife,🐗,Escherichia coli,Negative,Enterobacteriaceae,1,High,3,Nature reserve,India,Male,0,0,1,0,0,0,0,2017,1,1,0,1,0,0,0,0,0,1,0,1,0,0,1,0,0,0,0,0,0,1,0,7,0.304,Intermediate,0
ISO-00775,Human,Human,🧑,Enterococcus faecium,Positive,Enterococcaceae,1,Moderate,2,Hospital,Portugal,Female,54,0,0,0,0,0,0,2020,1,1,1,1,1,1,1,1,1,0,1,1,0,0,0,0,1,0,0,0,1,1,0,14,0.609,MDR,1
ISO-00776,Wild Boar,Wildlife,🐗,Clostridioides difficile,Positive,Clostridiaceae,1,Moderate,2,Research station,Brazil,Male,2,0,1,0,0,0,0,2023,1,1,1,1,1,1,1,1,0,0,0,1,0,0,0,0,0,0,0,1,1,1,1,13,0.565,MDR,1
ISO-00777,Canine,Companion,🐕,Staphylococcus pseudintermedius,Positive,Staphylococcaceae,1,Low,1,Veterinary clinic,India,Female,15,0,1,0,0,0,0,2024,1,1,0,0,1,0,0,0,0,0,0,0,0,0,1,1,0,1,1,0,1,1,0,9,0.391,Intermediate,0
ISO-00778,Human,Human,🧑,Salmonella spp.,Negative,Enterobacteriaceae,1,High,3,Community,India,Female,56,0,0,0,0,0,0,2019,1,0,1,0,0,0,0,0,0,0,0,0,0,0,0,0,0,0,0,0,0,0,0,2,0.087,Intermediate,0
ISO-00779,Wild Bird,Wildlife,🦅,Escherichia coli,Negative,Enterobacteriaceae,1,High,3,Research station,India,Unknown,1,0,0,0,0,0,0,2020,0,0,1,1,0,0,0,1,0,1,0,0,1,0,0,0,0,0,0,0,0,0,0,5,0.217,Intermediate,0
ISO-00780,Wild Boar,Wildlife,🐗,Salmonella spp.,Negative,Enterobacteriaceae,1,High,3,Hunting area,Germany,Male,2,1,0,0,0,0,0,2017,0,1,1,0,0,0,0,0,0,0,0,0,1,1,0,1,0,0,1,0,0,0,0,6,0.261,Intermediate,0
ISO-00781,Human,Human,🧑,Salmonella spp.,Negative,Enterobacteriaceae,1,High,3,Long-term care,Portugal,Male,47,0,0,0,0,0,0,2016,0,1,0,0,0,0,0,0,1,1,0,0,0,1,0,0,0,0,1,0,0,0,0,5,0.217,Intermediate,0
ISO-00782,Water,Environment,💧,Enterobacter cloacae,Negative,Enterobacteriaceae,0,Low,1,Drinking water,South Africa,N/A,-1,0,0,1,0,0,0,2016,1,1,0,1,1,1,1,1,1,0,0,0,0,1,0,0,0,0,1,0,0,0,0,10,0.435,Intermediate,0
ISO-00783,Porcine,Livestock,🐷,Pasteurella multocida,Negative,Pasteurellaceae,1,Moderate,2,Abattoir,France,Female,4,1,0,0,0,0,0,2023,1,0,0,0,0,0,0,0,0,0,0,1,1,0,0,0,0,1,0,0,0,0,1,5,0.217,Intermediate,0
ISO-00784,Canine,Companion,🐕,Staphylococcus aureus,Positive,Staphylococcaceae,1,Moderate,2,Veterinary clinic,Spain,Male,7,0,0,0,0,0,0,2019,1,0,0,0,0,0,0,0,0,0,0,0,0,0,1,0,0,0,1,0,1,0,0,4,0.174,Intermediate,0
ISO-00785,Food,Environment,🥩,Escherichia coli,Negative,Enterobacteriaceae,1,High,3,Slaughterhouse,Portugal,N/A,-1,1,1,0,0,0,0,2017,0,0,0,1,0,0,0,0,0,1,1,1,1,0,1,0,0,1,1,0,0,1,1,10,0.435,Intermediate,0
ISO-00786,Bovine,Livestock,🐄,Mannheimia haemolytica,Negative,Pasteurellaceae,0,Negligible,0,Dairy farm,USA,Unknown,0,0,0,0,0,0,0,2019,1,1,0,0,0,0,0,0,0,0,0,0,0,0,0,0,0,0,0,0,0,0,0,2,0.087,Intermediate,0
ISO-00787,Wild Bird,Wildlife,🦅,Campylobacter jejuni,Negative,Campylobacteraceae,1,Very High,4,Nature reserve,Germany,Unknown,0,0,0,0,0,0,0,2023,1,0,0,1,1,0,0,1,0,0,1,0,0,0,0,0,0,0,1,0,0,0,0,6,0.261,Intermediate,0
ISO-00788,Bovine,Livestock,🐄,Salmonella spp.,Negative,Enterobacteriaceae,1,High,3,Beef farm,France,Unknown,0,0,0,0,0,0,0,2018,1,0,0,0,0,0,0,0,1,1,0,0,1,1,0,0,0,0,0,0,0,0,0,5,0.217,Intermediate,0
ISO-00789,Wild Bird,Wildlife,🦅,Campylobacter jejuni,Negative,Campylobacteraceae,1,Very High,4,Wildlife rescue,Portugal,Unknown,0,1,0,0,0,0,0,2022,0,0,0,1,0,1,1,1,0,0,0,1,0,0,0,0,0,0,1,0,1,1,0,8,0.348,Intermediate,0
ISO-00790,Canine,Companion,🐕,Staphylococcus pseudintermedius,Positive,Staphylococcaceae,1,Low,1,Animal shelter,Italy,Female,7,1,0,0,0,0,0,2015,1,0,0,0,0,1,1,0,0,1,0,0,1,0,0,0,1,0,0,0,1,1,0,8,0.348,Intermediate,0
ISO-00791,Human,Human,🧑,Enterococcus faecalis,Positive,Enterococcaceae,1,Low,1,Community,USA,Male,29,0,0,0,0,0,0,2020,0,0,0,1,1,1,1,1,0,1,1,0,0,0,1,1,0,0,0,0,1,0,0,10,0.435,Intermediate,0
ISO-00792,Porcine,Livestock,🐷,Staphylococcus aureus,Positive,Staphylococcaceae,1,Moderate,2,Pig farm,Germany,Unknown,1,1,0,0,0,0,0,2021,1,1,0,0,1,1,1,1,0,0,0,0,1,0,0,1,1,0,1,0,1,0,0,11,0.478,Intermediate,0
ISO-00793,Bovine,Livestock,🐄,Staphylococcus aureus,Positive,Staphylococcaceae,1,Moderate,2,Beef farm,Brazil,Female,0,1,0,0,0,0,0,2021,1,0,0,0,0,0,1,0,0,0,0,0,0,0,0,0,0,0,0,0,1,0,0,3,0.13,Intermediate,0
ISO-00794,Human,Human,🧑,Escherichia coli,Negative,Enterobacteriaceae,1,High,3,Community,Spain,Male,53,1,1,1,0,0,0,2023,1,1,1,1,1,1,1,1,0,0,1,1,1,0,1,1,0,0,1,0,0,1,0,15,0.652,MDR,1
ISO-00795,Human,Human,🧑,Enterococcus faecalis,Positive,Enterococcaceae,1,Low,1,Community,Netherlands,Female,39,0,0,0,0,0,0,2015,0,0,0,1,1,1,1,1,0,1,1,0,0,1,0,0,0,0,1,0,1,0,0,10,0.435,Intermediate,0
ISO-00796,Bovine,Livestock,🐄,Enterococcus faecalis,Positive,Enterococcaceae,1,Low,1,Dairy farm,Italy,Female,0,1,1,0,0,0,0,2016,1,0,1,1,1,1,1,1,1,1,1,1,0,0,0,0,0,0,0,0,1,0,0,12,0.522,MDR,1
ISO-00797,Human,Human,🧑,Staphylococcus pseudintermedius,Positive,Staphylococcaceae,1,Low,1,Community,India,Male,98,0,0,0,0,0,0,2019,1,0,0,0,1,1,1,0,0,0,1,1,0,0,1,0,0,0,1,0,1,0,0,9,0.391,Intermediate,0
ISO-00798,Human,Human,🧑,Campylobacter jejuni,Negative,Campylobacteraceae,1,Very High,4,Hospital,Brazil,Male,30,0,0,0,0,0,0,2019,1,0,0,1,1,0,1,1,0,0,0,0,0,0,0,0,0,0,1,0,0,0,0,6,0.261,Intermediate,0
ISO-00799,Equine,Companion,🐎,Mannheimia haemolytica,Negative,Pasteurellaceae,0,Negligible,0,Racing stable,Germany,Female,0,0,0,0,0,0,0,2017,0,0,0,0,0,0,0,0,0,0,0,0,0,1,0,0,0,0,0,0,0,1,0,2,0.087,Intermediate,0
ISO-00800,Feline,Companion,🐈,Enterococcus faecalis,Positive,Enterococcaceae,1,Low,1,Animal shelter,Netherlands,Female,2,0,1,0,0,0,0,2021,0,0,0,1,1,1,1,1,1,0,1,0,0,1,0,0,0,1,0,0,1,0,1,11,0.478,Intermediate,0
ISO-00801,Equine,Companion,🐎,Acinetobacter baumannii,Negative,Moraxellaceae,0,Low,1,Equine clinic,Italy,Male,0,0,0,0,0,0,0,2022,1,1,0,1,1,1,1,1,0,1,1,1,1,0,1,0,1,1,0,0,0,1,1,16,0.696,MDR,1
ISO-00802,Bovine,Livestock,🐄,Pasteurella multocida,Negative,Pasteurellaceae,1,Moderate,2,Dairy farm,Netherlands,Female,1,1,0,0,0,0,0,2022,0,0,0,0,0,0,0,1,0,1,0,0,0,0,0,0,0,0,1,0,0,1,0,4,0.174,Intermediate,0
ISO-00803,Water,Environment,💧,Salmonella spp.,Negative,Enterobacteriaceae,1,High,3,River,South Africa,N/A,-1,0,0,0,0,0,0,2021,1,0,0,0,0,0,0,0,0,0,0,0,1,1,0,1,1,0,0,0,0,1,0,6,0.261,Intermediate,0
ISO-00804,Canine,Companion,🐕,Pasteurella multocida,Negative,Pasteurellaceae,1,Moderate,2,Home,Poland,Female,0,0,1,0,0,0,0,2017,0,0,0,0,0,1,0,0,0,0,0,0,0,1,0,0,0,0,0,1,0,1,0,4,0.174,Intermediate,0
ISO-00805,Human,Human,🧑,Enterococcus faecalis,Positive,Enterococcaceae,1,Low,1,Community,Poland,Male,21,0,0,0,0,0,0,2016,1,0,0,1,1,1,1,0,1,0,1,1,0,1,0,1,0,0,0,0,1,0,0,11,0.478,Intermediate,0
ISO-00806,Human,Human,🧑,Pasteurella multocida,Negative,Pasteurellaceae,1,Moderate,2,Hospital,Portugal,Male,66,0,0,0,0,0,0,2020,0,0,1,0,0,0,0,0,0,0,0,0,0,0,1,0,0,0,0,0,0,0,0,2,0.087,Intermediate,0
ISO-00807,Feline,Companion,🐈,Escherichia coli,Negative,Enterobacteriaceae,1,High,3,Home,Spain,Female,6,0,0,0,0,0,0,2022,1,1,1,0,0,0,0,0,0,0,0,0,0,0,0,0,0,0,0,0,0,0,0,3,0.13,Intermediate,0
ISO-00808,Human,Human,🧑,Pseudomonas aeruginosa,Negative,Pseudomonadaceae,0,Low,1,Hospital,Germany,Male,45,0,0,0,0,0,0,2017,1,1,0,1,1,1,0,0,0,0,0,0,1,0,0,0,1,1,1,1,0,1,1,12,0.522,MDR,1
ISO-00809,Poultry,Livestock,🐔,Pasteurella multocida,Negative,Pasteurellaceae,1,Moderate,2,Abattoir,Italy,Female,1,0,0,0,0,0,0,2016,0,0,0,1,0,0,0,0,0,0,0,0,0,0,1,0,0,0,1,0,0,0,0,3,0.13,Intermediate,0
ISO-00810,Food,Environment,🥩,Salmonella spp.,Negative,Enterobacteriaceae,1,High,3,Slaughterhouse,Germany,N/A,-1,0,0,0,0,0,0,2016,1,0,1,0,0,1,0,0,0,0,0,1,1,0,0,0,0,0,1,1,0,1,0,8,0.348,Intermediate,0
ISO-00811,Human,Human,🧑,Clostridioides difficile,Positive,Clostridiaceae,1,Moderate,2,Long-term care,France,Male,40,0,0,0,0,0,0,2020,1,1,1,1,1,1,1,1,0,0,0,1,0,0,0,0,0,0,1,0,1,0,0,11,0.478,Intermediate,0
ISO-00812,Human,Human,🧑,Salmonella spp.,Negative,Enterobacteriaceae,1,High,3,Hospital,Portugal,Male,54,0,0,0,0,0,0,2017,0,0,0,1,1,0,0,0,0,0,0,0,0,0,0,0,0,0,0,0,0,0,0,2,0.087,Intermediate,0
ISO-00813,Food,Environment,🥩,Salmonella spp.,Negative,Enterobacteriaceae,1,High,3,Slaughterhouse,South Africa,N/A,-1,0,0,0,0,0,0,2021,0,1,0,0,0,0,0,0,0,0,0,0,1,0,1,0,0,0,0,0,0,0,0,3,0.13,Intermediate,0
ISO-00814,Canine,Companion,🐕,Pasteurella multocida,Negative,Pasteurellaceae,1,Moderate,2,Home,South Africa,Female,7,0,0,0,0,0,0,2017,0,0,0,0,0,0,0,0,0,0,1,0,1,0,0,0,0,1,0,0,0,0,0,3,0.13,Intermediate,0
ISO-00815,Human,Human,🧑,Campylobacter jejuni,Negative,Campylobacteraceae,1,Very High,4,Hospital,South Africa,Male,75,0,0,0,0,0,0,2023,0,0,0,1,1,0,1,1,0,0,0,1,0,1,0,0,0,0,1,0,0,0,0,7,0.304,Intermediate,0
ISO-00816,Water,Environment,💧,Salmonella spp.,Negative,Enterobacteriaceae,1,High,3,River,France,N/A,-1,0,0,0,0,0,0,2023,0,0,1,0,0,0,0,0,0,0,0,0,0,0,0,0,0,0,1,0,1,0,0,3,0.13,Intermediate,0
ISO-00817,Water,Environment,💧,Salmonella spp.,Negative,Enterobacteriaceae,1,High,3,Wastewater treatment,Germany,N/A,-1,0,0,0,0,0,0,2018,0,1,1,0,0,0,0,0,0,0,0,1,1,0,0,0,0,0,0,0,0,0,0,4,0.174,Intermediate,0
ISO-00818,Poultry,Livestock,🐔,Enterococcus faecalis,Positive,Enterococcaceae,1,Low,1,Abattoir,Italy,Male,0,0,0,0,0,0,0,2024,0,1,0,1,1,1,1,1,1,1,1,0,0,1,1,1,0,1,1,1,1,0,0,16,0.696,MDR,1
ISO-00819,Canine,Companion,🐕,Escherichia coli,Negative,Enterobacteriaceae,1,High,3,Veterinary clinic,Poland,Male,4,0,0,0,0,0,0,2018,0,1,1,0,0,1,0,0,0,0,0,0,0,0,0,0,0,0,1,0,0,0,0,4,0.174,Intermediate,0
ISO-00820,Human,Human,🧑,Klebsiella pneumoniae,Negative,Enterobacteriaceae,1,Moderate,2,Hospital,Netherlands,Male,78,1,0,1,0,0,0,2016,1,1,0,1,1,1,1,1,0,0,0,0,0,0,1,0,0,0,1,0,0,1,0,10,0.435,Intermediate,0
ISO-00821,Human,Human,🧑,Enterobacter cloacae,Negative,Enterobacteriaceae,0,Low,1,Long-term care,France,Male,61,0,0,0,0,0,0,2024,1,0,0,1,1,0,1,0,0,0,0,1,0,0,1,0,0,0,1,0,0,1,0,8,0.348,Intermediate,0
ISO-00822,Canine,Companion,🐕,Enterococcus faecalis,Positive,Enterococcaceae,1,Low,1,Animal shelter,United Kingdom,Male,8,0,0,0,0,0,0,2024,0,0,0,1,1,1,1,1,0,1,1,1,0,0,0,0,0,0,1,0,1,0,0,10,0.435,Intermediate,0
ISO-00823,Bovine,Livestock,🐄,Campylobacter jejuni,Negative,Campylobacteraceae,1,Very High,4,Dairy farm,Germany,Female,1,0,0,0,0,0,0,2022,0,0,0,1,0,1,1,1,1,0,0,1,0,0,0,0,0,0,0,0,0,0,0,6,0.261,Intermediate,0
ISO-00824,Feline,Companion,🐈,Staphylococcus pseudintermedius,Positive,Staphylococcaceae,1,Low,1,Veterinary clinic,Portugal,Male,4,1,0,0,0,0,0,2019,1,0,0,1,0,1,1,1,1,0,0,0,1,1,1,0,0,0,1,0,1,1,0,12,0.522,MDR,1
ISO-00825,Wild Boar,Wildlife,🐗,Salmonella spp.,Negative,Enterobacteriaceae,1,High,3,Nature reserve,India,Female,0,0,0,0,0,0,0,2015,1,0,0,0,0,0,0,0,0,0,0,0,1,0,1,0,0,0,0,0,0,0,0,3,0.13,Intermediate,0
ISO-00826,Human,Human,🧑,Clostridioides difficile,Positive,Clostridiaceae,1,Moderate,2,Community,Brazil,Male,73,0,0,0,0,0,0,2023,1,1,1,1,1,1,1,1,0,0,0,1,0,0,0,0,0,0,0,0,0,0,0,9,0.391,Intermediate,0
ISO-00827,Canine,Companion,🐕,Clostridioides difficile,Positive,Clostridiaceae,1,Moderate,2,Home,France,Female,5,0,0,0,0,0,0,2018,1,1,0,1,1,1,1,1,0,0,0,0,0,0,0,0,0,0,0,0,1,0,0,8,0.348,Intermediate,0
ISO-00828,Human,Human,🧑,Clostridioides difficile,Positive,Clostridiaceae,1,Moderate,2,Hospital,France,Female,41,1,0,0,0,0,0,2022,1,1,1,1,1,1,1,1,0,0,0,0,1,1,0,0,1,0,0,0,1,0,0,12,0.522,MDR,1
ISO-00829,Water,Environment,💧,Escherichia coli,Negative,Enterobacteriaceae,1,High,3,Drinking water,USA,N/A,-1,0,0,0,0,0,0,2021,0,1,1,0,1,0,0,0,0,0,0,1,0,0,0,0,0,1,0,0,0,1,0,6,0.261,Intermediate,0
ISO-00830,Human,Human,🧑,Escherichia coli,Negative,Enterobacteriaceae,1,High,3,Community,United Kingdom,Female,61,0,0,0,0,0,0,2024,1,0,0,1,1,0,0,0,0,0,0,1,0,0,0,0,0,0,0,0,0,0,0,4,0.174,Intermediate,0
ISO-00831,Canine,Companion,🐕,Enterococcus faecium,Positive,Enterococcaceae,1,Moderate,2,Home,Poland,Male,4,0,0,0,0,0,0,2023,1,1,1,1,1,1,1,1,1,0,1,0,0,1,1,1,0,0,1,0,1,1,0,16,0.696,MDR,1
ISO-00832,Poultry,Livestock,🐔,Enterococcus faecium,Positive,Enterococcaceae,1,Moderate,2,Abattoir,Germany,Male,2,1,0,0,0,0,0,2015,1,1,1,1,1,1,1,1,1,1,1,1,1,1,1,0,0,0,0,0,1,1,0,17,0.739,MDR,1
ISO-00833,Porcine,Livestock,🐷,Clostridioides difficile,Positive,Clostridiaceae,1,Moderate,2,Veterinary clinic,France,Unknown,1,1,0,0,0,0,0,2015,1,1,1,1,1,1,1,1,0,0,1,1,1,0,0,1,1,0,0,1,0,0,0,14,0.609,MDR,1
ISO-00834,Feline,Companion,🐈,Klebsiella pneumoniae,Negative,Enterobacteriaceae,1,Moderate,2,Animal shelter,Spain,Female,7,0,0,1,0,0,0,2018,1,1,0,1,1,1,1,1,0,0,1,0,0,0,0,0,0,0,0,0,0,1,0,9,0.391,Intermediate,0
ISO-00835,Equine,Companion,🐎,Staphylococcus aureus,Positive,Staphylococcaceae,1,Moderate,2,Racing stable,Portugal,Female,0,0,0,0,0,0,0,2023,1,0,0,0,0,0,0,0,0,0,0,0,1,0,0,0,0,0,0,0,1,0,0,3,0.13,Intermediate,0
ISO-00836,Poultry,Livestock,🐔,Escherichia coli,Negative,Enterobacteriaceae,1,High,3,Abattoir,USA,Unknown,2,1,0,0,0,0,0,2019,1,1,1,0,1,1,0,0,0,0,0,1,1,0,1,0,0,0,0,0,0,1,0,9,0.391,Intermediate,0
ISO-00837,Equine,Companion,🐎,Mannheimia haemolytica,Negative,Pasteurellaceae,0,Negligible,0,Farm,South Africa,Female,2,0,0,0,0,0,0,2018,0,0,0,1,0,0,0,1,0,0,0,0,0,0,0,0,0,0,0,0,0,0,0,2,0.087,Intermediate,0
ISO-00838,Food,Environment,🥩,Escherichia coli,Negative,Enterobacteriaceae,1,High,3,Processing plant,Spain,N/A,-1,0,0,0,0,0,0,2015,1,0,1,0,0,0,0,0,0,0,0,1,0,0,0,0,0,0,1,0,0,1,0,5,0.217,Intermediate,0
ISO-00839,Porcine,Livestock,🐷,Clostridioides difficile,Positive,Clostridiaceae,1,Moderate,2,Abattoir,France,Male,11,1,0,0,0,0,0,2018,1,1,1,1,1,1,1,1,1,0,0,0,1,1,0,0,0,0,0,0,1,1,0,13,0.565,MDR,1
ISO-00840,Poultry,Livestock,🐔,Campylobacter jejuni,Negative,Campylobacteraceae,1,Very High,4,Broiler farm,United Kingdom,Female,1,1,0,0,0,0,0,2017,1,1,0,1,1,0,1,1,1,0,0,0,1,0,0,0,0,1,1,0,0,1,1,12,0.522,MDR,1
ISO-00841,Human,Human,🧑,Enterococcus faecium,Positive,Enterococcaceae,1,Moderate,2,Long-term care,Italy,Male,69,0,0,0,0,0,0,2015,1,1,1,1,1,1,1,1,1,1,1,1,0,0,1,0,0,1,0,0,1,1,1,17,0.739,MDR,1
ISO-00842,Wild Bird,Wildlife,🦅,Escherichia coli,Negative,Enterobacteriaceae,1,High,3,Wildlife rescue,Germany,Unknown,1,0,0,0,0,0,0,2022,1,0,0,0,0,0,0,0,0,0,0,1,0,0,1,0,0,0,0,0,0,0,0,3,0.13,Intermediate,0
ISO-00843,Poultry,Livestock,🐔,Escherichia coli,Negative,Enterobacteriaceae,1,High,3,Abattoir,Netherlands,Male,0,0,0,0,0,0,0,2020,0,1,0,0,0,0,0,0,0,0,1,1,1,0,0,0,0,0,0,0,0,1,1,6,0.261,Intermediate,0
ISO-00844,Porcine,Livestock,🐷,Enterococcus faecalis,Positive,Enterococcaceae,1,Low,1,Pig farm,United Kingdom,Unknown,4,0,1,0,0,0,0,2022,0,0,0,1,1,1,1,1,1,0,1,0,0,0,1,0,0,1,1,0,1,1,0,12,0.522,MDR,1
ISO-00845,Human,Human,🧑,Enterobacter cloacae,Negative,Enterobacteriaceae,0,Low,1,Hospital,Germany,Female,72,0,0,1,0,0,0,2023,1,0,0,1,1,1,1,1,0,0,0,0,1,0,0,0,0,0,1,0,0,0,0,8,0.348,Intermediate,0
ISO-00846,Water,Environment,💧,Enterobacter cloacae,Negative,Enterobacteriaceae,0,Low,1,River,Spain,N/A,-1,1,0,0,0,0,0,2022,1,1,0,1,1,1,1,0,0,0,0,1,1,0,0,0,0,0,1,0,0,0,0,9,0.391,Intermediate,0
ISO-00847,Porcine,Livestock,🐷,Staphylococcus aureus,Positive,Staphylococcaceae,1,Moderate,2,Abattoir,Portugal,Male,0,1,0,0,0,1,0,2015,1,1,0,1,0,0,0,1,0,0,0,1,0,0,1,0,0,1,1,0,1,0,0,9,0.391,Intermediate,0
ISO-00848,Feline,Companion,🐈,Klebsiella pneumoniae,Negative,Enterobacteriaceae,1,Moderate,2,Home,Poland,Male,9,0,0,0,0,0,0,2016,1,0,0,0,0,0,0,0,0,0,0,0,0,0,0,0,0,0,1,0,0,1,0,3,0.13,Intermediate,0
ISO-00849,Human,Human,🧑,Klebsiella pneumoniae,Negative,Enterobacteriaceae,1,Moderate,2,Long-term care,Poland,Male,98,0,0,0,0,0,0,2019,0,1,0,0,1,0,0,1,1,1,0,0,0,0,0,0,0,0,0,0,0,1,0,6,0.261,Intermediate,0
ISO-00850,Food,Environment,🥩,Salmonella spp.,Negative,Enterobacteriaceae,1,High,3,Retail,South Africa,N/A,-1,0,0,0,0,0,0,2023,0,0,0,0,0,0,0,1,0,0,0,1,1,0,0,0,0,0,1,0,0,0,0,4,0.174,Intermediate,0
ISO-00851,Human,Human,🧑,Enterococcus faecalis,Positive,Enterococcaceae,1,Low,1,Community,Italy,Female,56,0,0,0,0,0,0,2016,0,0,0,1,1,1,1,1,0,0,1,0,0,0,0,0,0,0,1,0,1,0,0,8,0.348,Intermediate,0
ISO-00852,Human,Human,🧑,Escherichia coli,Negative,Enterobacteriaceae,1,High,3,Long-term care,Germany,Male,53,0,0,0,0,0,0,2023,1,1,1,0,0,1,0,0,0,0,0,0,0,0,0,0,0,0,0,0,0,1,0,5,0.217,Intermediate,0
ISO-00853,Wild Boar,Wildlife,🐗,Clostridioides difficile,Positive,Clostridiaceae,1,Moderate,2,Hunting area,United Kingdom,Female,1,1,0,0,0,0,0,2015,1,1,0,1,1,1,1,1,1,1,0,1,1,0,0,1,0,0,0,1,0,0,0,13,0.565,MDR,1
ISO-00854,Water,Environment,💧,Enterobacter cloacae,Negative,Enterobacteriaceae,0,Low,1,River,India,N/A,-1,1,0,0,0,0,0,2019,1,1,0,1,1,0,1,0,0,0,0,0,1,1,0,0,0,0,1,0,0,0,0,8,0.348,Intermediate,0
ISO-00855,Human,Human,🧑,Klebsiella pneumoniae,Negative,Enterobacteriaceae,1,Moderate,2,Long-term care,Portugal,Female,73,1,0,0,0,0,0,2019,1,1,1,1,1,1,1,1,0,0,0,0,0,1,0,0,0,0,1,0,0,0,0,10,0.435,Intermediate,0
ISO-00856,Porcine,Livestock,🐷,Pasteurella multocida,Negative,Pasteurellaceae,1,Moderate,2,Pig farm,United Kingdom,Female,3,1,0,0,0,0,0,2015,0,1,0,0,0,0,0,0,0,0,0,0,0,1,1,0,1,0,1,0,1,0,0,6,0.261,Intermediate,0
ISO-00857,Equine,Companion,🐎,Staphylococcus aureus,Positive,Staphylococcaceae,1,Moderate,2,Equine clinic,Italy,Male,1,0,0,0,0,0,0,2024,1,0,0,0,0,0,1,0,0,0,0,0,0,0,1,0,0,0,0,0,1,1,0,5,0.217,Intermediate,0
ISO-00858,Water,Environment,💧,Salmonella spp.,Negative,Enterobacteriaceae,1,High,3,Drinking water,Netherlands,N/A,-1,0,0,0,0,0,0,2024,1,0,0,0,0,0,0,0,0,0,0,0,0,0,0,0,0,0,0,0,0,0,0,1,0.043,Intermediate,0
ISO-00859,Bovine,Livestock,🐄,Escherichia coli,Negative,Enterobacteriaceae,1,High,3,Beef farm,USA,Female,1,1,0,1,0,0,0,2018,0,0,0,1,1,1,1,1,0,0,0,1,1,0,0,0,0,0,1,1,0,1,0,10,0.435,Intermediate,0
ISO-00860,Poultry,Livestock,🐔,Escherichia coli,Negative,Enterobacteriaceae,1,High,3,Abattoir,Spain,Female,2,0,0,0,0,0,0,2016,1,1,0,0,0,1,0,0,0,0,0,0,0,0,0,1,0,0,0,0,0,1,1,6,0.261,Intermediate,0
ISO-00861,Equine,Companion,🐎,Pseudomonas aeruginosa,Negative,Pseudomonadaceae,0,Low,1,Equine clinic,South Africa,Male,0,0,0,0,0,0,0,2018,1,1,1,1,1,1,0,0,1,0,1,0,1,0,0,0,1,1,1,1,0,1,1,15,0.652,MDR,1
ISO-00862,Equine,Companion,🐎,Escherichia coli,Negative,Enterobacteriaceae,1,High,3,Racing stable,Brazil,Female,1,1,0,0,0,0,0,2017,0,1,0,0,0,0,0,1,0,0,1,0,0,1,0,1,0,0,1,1,0,0,0,7,0.304,Intermediate,0
ISO-00863,Wild Bird,Wildlife,🦅,Escherichia coli,Negative,Enterobacteriaceae,1,High,3,Research station,United Kingdom,Unknown,1,0,0,0,0,0,0,2020,0,0,0,1,1,0,0,0,0,0,0,0,1,1,0,0,0,0,1,0,0,1,0,6,0.261,Intermediate,0
ISO-00864,Poultry,Livestock,🐔,Salmonella spp.,Negative,Enterobacteriaceae,1,High,3,Broiler farm,Brazil,Unknown,0,1,0,0,0,0,0,2015,0,1,0,0,1,0,0,0,0,0,0,0,0,0,1,0,0,0,0,0,0,1,1,5,0.217,Intermediate,0
ISO-00865,Human,Human,🧑,Clostridioides difficile,Positive,Clostridiaceae,1,Moderate,2,Long-term care,Brazil,Female,64,0,1,0,0,0,0,2017,1,0,0,1,1,1,1,0,0,0,0,1,0,0,1,0,1,0,1,0,0,0,1,10,0.435,Intermediate,0
ISO-00866,Water,Environment,💧,Enterobacter cloacae,Negative,Enterobacteriaceae,0,Low,1,Wastewater treatment,India,N/A,-1,0,0,1,0,0,0,2024,0,1,1,1,1,1,1,1,0,0,0,1,0,0,0,0,0,0,0,0,0,0,1,9,0.391,Intermediate,0
ISO-00867,Water,Environment,💧,Salmonella spp.,Negative,Enterobacteriaceae,1,High,3,Drinking water,Italy,N/A,-1,0,0,0,0,0,0,2024,0,0,0,0,0,0,0,0,0,0,0,0,0,1,0,0,0,0,0,0,0,0,0,1,0.043,Intermediate,0
ISO-00868,Wild Bird,Wildlife,🦅,Escherichia coli,Negative,Enterobacteriaceae,1,High,3,Wildlife rescue,United Kingdom,Unknown,2,0,0,0,0,0,0,2024,0,0,0,1,1,0,1,1,0,0,0,1,0,1,0,0,0,0,1,0,0,1,0,8,0.348,Intermediate,0
ISO-00869,Human,Human,🧑,Enterobacter cloacae,Negative,Enterobacteriaceae,0,Low,1,Community,India,Male,73,0,0,0,0,0,0,2016,1,1,0,1,0,1,1,0,0,0,0,0,0,0,0,0,0,0,0,0,0,0,0,5,0.217,Intermediate,0
ISO-00870,Human,Human,🧑,Acinetobacter baumannii,Negative,Moraxellaceae,0,Low,1,Long-term care,Germany,Male,71,0,0,0,0,0,0,2018,0,1,1,0,1,0,1,1,1,0,1,0,1,1,0,0,1,1,1,1,0,1,1,15,0.652,MDR,1
ISO-00871,Equine,Companion,🐎,Staphylococcus aureus,Positive,Staphylococcaceae,1,Moderate,2,Racing stable,India,Female,0,0,0,0,0,0,0,2022,0,1,0,0,0,1,0,0,0,0,0,0,0,0,0,0,0,0,0,0,1,0,0,3,0.13,Intermediate,0
ISO-00872,Human,Human,🧑,Campylobacter jejuni,Negative,Campylobacteraceae,1,Very High,4,Hospital,United Kingdom,Female,1,1,0,0,0,0,0,2018,0,1,1,1,1,0,1,1,1,0,0,1,1,0,0,0,0,0,0,0,0,1,0,10,0.435,Intermediate,0
ISO-00873,Food,Environment,🥩,Enterococcus faecium,Positive,Enterococcaceae,1,Moderate,2,Retail,USA,N/A,-1,0,0,0,0,0,0,2024,1,1,1,1,1,1,1,1,1,0,1,1,0,0,0,0,1,0,1,0,1,1,0,15,0.652,MDR,1
ISO-00874,Bovine,Livestock,🐄,Klebsiella pneumoniae,Negative,Enterobacteriaceae,1,Moderate,2,Dairy farm,Spain,Male,2,0,0,0,0,0,0,2018,1,0,1,0,1,0,0,1,0,0,0,0,1,0,1,0,0,0,0,0,0,0,0,6,0.261,Intermediate,0
ISO-00875,Feline,Companion,🐈,Pseudomonas aeruginosa,Negative,Pseudomonadaceae,0,Low,1,Animal shelter,United Kingdom,Female,10,0,0,0,0,0,0,2017,1,1,0,1,1,1,0,1,0,0,1,0,0,0,0,1,1,1,1,0,0,1,1,13,0.565,MDR,1
ISO-00876,Water,Environment,💧,Pseudomonas aeruginosa,Negative,Pseudomonadaceae,0,Low,1,River,Brazil,N/A,-1,1,0,0,0,0,0,2024,1,1,0,1,1,0,1,0,0,0,1,0,1,0,0,1,1,1,1,1,1,1,1,15,0.652,MDR,1
ISO-00877,Porcine,Livestock,🐷,Enterococcus faecium,Positive,Enterococcaceae,1,Moderate,2,Pig farm,France,Female,2,1,0,0,0,0,0,2021,1,1,1,1,1,1,1,1,1,0,1,1,0,1,1,1,0,0,1,1,1,1,0,18,0.783,MDR,1
ISO-00878,Bovine,Livestock,🐄,Pasteurella multocida,Negative,Pasteurellaceae,1,Moderate,2,Beef farm,United Kingdom,Female,5,0,0,0,0,0,0,2022,0,0,0,0,0,0,0,0,0,0,0,0,0,0,0,0,0,0,0,1,0,1,0,2,0.087,Intermediate,0
ISO-00879,Canine,Companion,🐕,Enterococcus faecalis,Positive,Enterococcaceae,1,Low,1,Veterinary clinic,India,Male,6,0,0,0,0,0,0,2022,0,0,0,1,1,1,1,1,1,1,1,0,0,0,1,1,0,1,0,0,1,0,0,12,0.522,MDR,1
ISO-00880,Canine,Companion,🐕,Enterococcus faecalis,Positive,Enterococcaceae,1,Low,1,Animal shelter,United Kingdom,Male,14,0,0,0,0,0,0,2024,0,1,0,1,1,1,1,1,1,1,1,0,1,1,0,0,1,0,0,0,1,0,0,13,0.565,MDR,1
ISO-00881,Porcine,Livestock,🐷,Pasteurella multocida,Negative,Pasteurellaceae,1,Moderate,2,Veterinary clinic,Spain,Unknown,3,0,0,0,0,0,0,2019,0,0,0,0,0,0,1,0,0,0,1,0,0,0,0,0,0,0,0,0,0,0,0,2,0.087,Intermediate,0
ISO-00882,Canine,Companion,🐕,Pseudomonas aeruginosa,Negative,Pseudomonadaceae,0,Low,1,Animal shelter,India,Male,2,0,0,0,0,0,0,2023,1,1,1,1,1,1,1,1,1,0,1,1,0,0,0,1,1,1,1,1,0,1,1,18,0.783,MDR,1
ISO-00883,Soil,Environment,🌱,Acinetobacter baumannii,Negative,Moraxellaceae,0,Low,1,Forest,Brazil,N/A,-1,0,0,0,0,0,0,2016,1,1,1,1,1,1,1,1,0,0,1,1,1,0,1,0,1,1,1,0,0,1,1,17,0.739,MDR,1
ISO-00884,Porcine,Livestock,🐷,Salmonella spp.,Negative,Enterobacteriaceae,1,High,3,Abattoir,Poland,Male,6,0,0,0,0,0,0,2024,0,0,0,1,0,0,0,0,0,0,0,0,1,0,0,0,0,0,1,0,0,1,0,4,0.174,Intermediate,0
ISO-00885,Human,Human,🧑,Pasteurella multocida,Negative,Pasteurellaceae,1,Moderate,2,Hospital,Portugal,Female,69,0,0,0,0,0,0,2016,0,1,0,0,0,0,0,0,0,0,0,0,1,0,0,0,0,0,1,0,0,0,0,3,0.13,Intermediate,0
ISO-00886,Bovine,Livestock,🐄,Pasteurella multocida,Negative,Pasteurellaceae,1,Moderate,2,Veterinary clinic,Italy,Male,2,1,0,0,0,0,0,2017,0,0,0,0,0,0,0,1,0,0,1,1,0,0,0,0,0,0,1,0,1,0,0,5,0.217,Intermediate,0
ISO-00887,Porcine,Livestock,🐷,Salmonella spp.,Negative,Enterobacteriaceae,1,High,3,Pig farm,Germany,Unknown,0,1,0,0,0,0,0,2017,0,0,1,0,0,1,1,0,0,0,0,1,1,0,0,1,0,0,1,0,0,1,0,8,0.348,Intermediate,0
ISO-00888,Human,Human,🧑,Staphylococcus pseudintermedius,Positive,Staphylococcaceae,1,Low,1,Long-term care,Netherlands,Male,36,0,0,0,0,0,0,2017,0,0,0,1,1,0,0,0,0,0,0,1,1,0,0,0,0,0,1,0,1,1,0,7,0.304,Intermediate,0
ISO-00889,Human,Human,🧑,Acinetobacter baumannii,Negative,Moraxellaceae,0,Low,1,Community,Poland,Female,53,0,0,0,0,0,0,2018,1,1,1,1,1,1,1,1,0,1,0,0,1,0,0,0,1,1,1,0,0,1,1,15,0.652,MDR,1
ISO-00890,Feline,Companion,🐈,Staphylococcus aureus,Positive,Staphylococcaceae,1,Moderate,2,Animal shelter,India,Female,5,1,0,0,0,0,0,2016,1,1,0,0,0,1,1,1,0,0,1,0,1,0,1,1,0,0,0,0,1,0,0,10,0.435,Intermediate,0
ISO-00891,Bovine,Livestock,🐄,Salmonella spp.,Negative,Enterobacteriaceae,1,High,3,Beef farm,USA,Unknown,6,0,0,1,0,0,0,2020,1,1,0,1,1,1,1,1,1,1,0,0,0,0,1,0,0,0,0,1,0,1,0,12,0.522,MDR,1
ISO-00892,Soil,Environment,🌱,Enterobacter cloacae,Negative,Enterobacteriaceae,0,Low,1,Urban soil,Poland,N/A,-1,0,1,0,0,0,0,2019,1,1,1,1,1,1,0,0,0,0,0,1,1,0,0,0,0,0,0,0,0,1,0,9,0.391,Intermediate,0
ISO-00893,Human,Human,🧑,Clostridioides difficile,Positive,Clostridiaceae,1,Moderate,2,Long-term care,USA,Male,48,1,0,0,0,0,0,2022,1,1,0,1,1,1,1,1,0,0,0,1,1,0,0,1,0,1,1,0,0,0,0,12,0.522,MDR,1
ISO-00894,Human,Human,🧑,Klebsiella pneumoniae,Negative,Enterobacteriaceae,1,Moderate,2,Hospital,Netherlands,Male,87,0,0,0,0,0,0,2021,1,0,0,0,0,0,0,1,0,0,0,0,0,0,0,0,0,0,0,0,0,0,0,2,0.087,Intermediate,0
ISO-00895,Equine,Companion,🐎,Mannheimia haemolytica,Negative,Pasteurellaceae,0,Negligible,0,Farm,United Kingdom,Male,6,1,0,0,0,0,0,2022,0,0,0,0,0,0,0,0,0,0,0,0,0,1,0,0,1,0,1,0,0,0,0,3,0.13,Intermediate,0
ISO-00896,Water,Environment,💧,Escherichia coli,Negative,Enterobacteriaceae,1,High,3,River,Germany,N/A,-1,0,0,0,0,0,0,2020,0,0,1,1,0,0,0,1,0,0,0,0,0,0,0,0,0,0,0,1,0,0,0,4,0.174,Intermediate,0
ISO-00897,Human,Human,🧑,Enterobacter cloacae,Negative,Enterobacteriaceae,0,Low,1,Community,USA,Male,26,1,0,0,0,0,0,2017,1,1,1,1,1,1,0,0,0,0,0,0,1,1,0,0,0,0,1,0,1,0,0,10,0.435,Intermediate,0
ISO-00898,Human,Human,🧑,Campylobacter jejuni,Negative,Campylobacteraceae,1,Very High,4,Hospital,Germany,Female,74,1,0,0,0,0,0,2022,1,0,0,1,1,0,1,1,1,0,0,0,1,0,1,0,0,0,1,0,0,0,0,9,0.391,Intermediate,0
ISO-00899,Human,Human,🧑,Acinetobacter baumannii,Negative,Moraxellaceae,0,Low,1,Hospital,Germany,Female,57,0,0,0,0,0,0,2017,1,0,1,0,1,1,1,1,0,1,1,1,1,0,1,1,1,1,1,1,0,1,1,18,0.783,MDR,1
ISO-00900,Poultry,Livestock,🐔,Salmonella spp.,Negative,Enterobacteriaceae,1,High,3,Abattoir,Spain,Male,4,0,0,0,0,0,0,2016,0,0,0,0,1,1,0,0,0,0,0,0,0,0,0,0,0,0,1,0,0,0,1,4,0.174,Intermediate,0
ISO-00901,Porcine,Livestock,🐷,Staphylococcus aureus,Positive,Staphylococcaceae,1,Moderate,2,Veterinary clinic,United Kingdom,Female,1,0,0,0,0,0,0,2019,1,0,0,0,0,1,0,0,0,0,0,0,0,0,0,0,0,0,0,0,1,0,0,3,0.13,Intermediate,0
ISO-00902,Human,Human,🧑,Escherichia coli,Negative,Enterobacteriaceae,1,High,3,Hospital,Portugal,Female,81,1,0,0,0,0,0,2022,1,0,0,0,1,0,0,0,0,0,0,1,0,1,0,0,0,1,0,0,0,0,0,5,0.217,Intermediate,0
ISO-00903,Human,Human,🧑,Staphylococcus aureus,Positive,Staphylococcaceae,1,Moderate,2,Community,USA,Male,51,0,0,0,0,0,0,2017,1,1,1,0,1,0,0,1,0,0,0,0,1,0,0,0,1,0,1,0,1,0,0,9,0.391,Intermediate,0
ISO-00904,Poultry,Livestock,🐔,Enterococcus faecium,Positive,Enterococcaceae,1,Moderate,2,Layer farm,USA,Male,0,1,0,0,0,0,0,2022,1,1,1,1,1,1,1,1,0,0,1,1,1,0,1,1,1,0,1,0,1,1,0,17,0.739,MDR,1
ISO-00905,Soil,Environment,🌱,Acinetobacter baumannii,Negative,Moraxellaceae,0,Low,1,Forest,Italy,N/A,-1,1,0,0,0,0,0,2018,1,1,1,1,1,1,1,1,1,0,0,1,1,1,1,1,1,1,1,1,0,1,1,20,0.87,MDR,1
ISO-00906,Canine,Companion,🐕,Clostridioides difficile,Positive,Clostridiaceae,1,Moderate,2,Animal shelter,Germany,Male,12,0,0,0,0,0,0,2020,1,1,0,1,1,1,1,1,0,0,0,0,0,1,0,1,0,0,0,1,0,0,0,10,0.435,Intermediate,0
ISO-00907,Poultry,Livestock,🐔,Escherichia coli,Negative,Enterobacteriaceae,1,High,3,Broiler farm,France,Female,1,1,0,0,0,0,0,2018,1,0,1,0,0,0,0,0,0,0,1,1,1,0,0,0,0,0,1,0,0,1,0,7,0.304,Intermediate,0
ISO-00908,Human,Human,🧑,Salmonella spp.,Negative,Enterobacteriaceae,1,High,3,Hospital,Italy,Female,96,0,0,0,0,0,0,2024,1,1,0,0,1,0,0,0,0,0,0,0,0,0,0,0,0,0,0,1,0,1,0,5,0.217,Intermediate,0
ISO-00909,Human,Human,🧑,Staphylococcus pseudintermedius,Positive,Staphylococcaceae,1,Low,1,Long-term care,Germany,Male,46,1,1,0,0,0,0,2017,1,0,1,0,0,0,1,1,0,0,0,0,0,0,0,1,0,0,1,1,1,1,0,9,0.391,Intermediate,0
ISO-00910,Bovine,Livestock,🐄,Campylobacter jejuni,Negative,Campylobacteraceae,1,Very High,4,Dairy farm,United Kingdom,Male,1,1,1,0,0,0,0,2023,1,0,1,1,1,0,1,1,1,0,0,1,1,0,0,0,0,0,1,0,0,0,0,10,0.435,Intermediate,0
ISO-00911,Wild Bird,Wildlife,🦅,Campylobacter jejuni,Negative,Campylobacteraceae,1,Very High,4,Research station,Italy,Unknown,0,0,0,0,0,0,0,2019,0,1,0,1,1,0,1,1,0,0,0,1,0,0,0,0,0,0,1,0,0,0,0,7,0.304,Intermediate,0
ISO-00912,Water,Environment,💧,Escherichia coli,Negative,Enterobacteriaceae,1,High,3,River,United Kingdom,N/A,-1,0,0,0,0,0,0,2018,1,0,0,0,0,1,0,0,1,1,1,1,1,1,1,1,0,0,0,1,0,0,0,11,0.478,Intermediate,0
ISO-00913,Water,Environment,💧,Escherichia coli,Negative,Enterobacteriaceae,1,High,3,Wastewater treatment,Italy,N/A,-1,0,0,0,0,0,0,2024,1,1,0,0,0,0,0,1,0,0,0,0,1,1,0,0,0,0,1,0,0,0,0,6,0.261,Intermediate,0
ISO-00914,Food,Environment,🥩,Salmonella spp.,Negative,Enterobacteriaceae,1,High,3,Processing plant,United Kingdom,N/A,-1,1,1,0,0,0,0,2021,1,1,0,1,0,0,0,0,0,1,0,0,1,0,0,0,1,0,1,0,1,1,1,10,0.435,Intermediate,0
ISO-00915,Food,Environment,🥩,Escherichia coli,Negative,Enterobacteriaceae,1,High,3,Processing plant,United Kingdom,N/A,-1,0,0,0,0,0,0,2022,1,0,1,1,0,0,0,0,0,0,0,1,0,0,0,0,0,0,1,0,0,0,0,5,0.217,Intermediate,0
ISO-00916,Soil,Environment,🌱,Enterobacter cloacae,Negative,Enterobacteriaceae,0,Low,1,Urban soil,Poland,N/A,-1,0,0,0,0,0,0,2018,1,1,0,1,0,1,0,0,0,0,0,1,0,0,0,0,0,0,1,0,0,0,0,6,0.261,Intermediate,0
ISO-00917,Human,Human,🧑,Pseudomonas aeruginosa,Negative,Pseudomonadaceae,0,Low,1,Long-term care,USA,Female,29,0,0,0,0,0,0,2016,1,1,0,1,1,1,0,0,0,0,1,0,0,0,0,0,1,1,1,1,0,1,1,12,0.522,MDR,1
ISO-00918,Human,Human,🧑,Staphylococcus aureus,Positive,Staphylococcaceae,1,Moderate,2,Community,Italy,Male,34,1,0,0,0,0,0,2018,1,0,0,1,0,1,0,0,0,1,0,1,0,0,1,0,0,0,1,0,1,0,0,8,0.348,Intermediate,0
ISO-00919,Bovine,Livestock,🐄,Mannheimia haemolytica,Negative,Pasteurellaceae,0,Negligible,0,Dairy farm,Portugal,Male,8,1,0,0,0,0,0,2018,0,0,0,0,1,0,1,0,0,0,0,1,0,0,0,1,0,0,1,0,0,1,0,6,0.261,Intermediate,0
ISO-00920,Poultry,Livestock,🐔,Enterococcus faecalis,Positive,Enterococcaceae,1,Low,1,Layer farm,France,Female,2,1,0,0,0,0,0,2019,0,0,0,1,1,1,1,1,0,0,1,1,0,0,1,1,0,0,0,0,1,1,0,11,0.478,Intermediate,0
ISO-00921,Human,Human,🧑,Enterobacter cloacae,Negative,Enterobacteriaceae,0,Low,1,Hospital,United Kingdom,Male,64,0,0,0,0,0,0,2015,1,1,0,1,1,1,0,0,0,0,1,0,1,0,0,0,0,0,0,1,0,1,0,9,0.391,Intermediate,0
ISO-00922,Wild Boar,Wildlife,🐗,Salmonella spp.,Negative,Enterobacteriaceae,1,High,3,Hunting area,Spain,Male,0,0,0,0,0,0,0,2016,1,0,0,0,0,0,0,0,0,0,0,0,0,0,0,0,0,0,0,0,0,1,0,2,0.087,Intermediate,0
ISO-00923,Canine,Companion,🐕,Staphylococcus pseudintermedius,Positive,Staphylococcaceae,1,Low,1,Home,Spain,Male,8,1,0,0,0,0,0,2023,1,0,1,0,0,0,1,1,0,0,0,0,0,1,1,1,0,0,1,0,1,0,1,10,0.435,Intermediate,0
ISO-00924,Poultry,Livestock,🐔,Enterococcus faecalis,Positive,Enterococcaceae,1,Low,1,Broiler farm,Germany,Unknown,5,1,0,0,0,0,0,2023,0,0,0,1,1,1,1,1,0,1,1,0,0,0,1,0,0,0,0,0,1,0,1,10,0.435,Intermediate,0
ISO-00925,Human,Human,🧑,Salmonella spp.,Negative,Enterobacteriaceae,1,High,3,Long-term care,USA,Male,13,1,0,0,0,0,0,2017,0,1,0,0,0,0,0,0,0,0,0,0,1,0,1,0,1,0,1,0,0,1,1,7,0.304,Intermediate,0
ISO-00926,Human,Human,🧑,Acinetobacter baumannii,Negative,Moraxellaceae,0,Low,1,Community,Italy,Male,39,0,1,0,0,0,0,2020,1,1,1,1,1,1,1,1,0,1,0,0,1,1,0,1,1,1,1,1,0,1,1,18,0.783,MDR,1
ISO-00927,Human,Human,🧑,Escherichia coli,Negative,Enterobacteriaceae,1,High,3,Hospital,Brazil,Female,71,1,0,1,0,0,0,2020,1,1,0,1,1,1,1,1,0,0,0,1,1,0,0,0,0,0,0,0,0,0,0,9,0.391,Intermediate,0
ISO-00928,Wild Boar,Wildlife,🐗,Salmonella spp.,Negative,Enterobacteriaceae,1,High,3,Hunting area,Italy,Unknown,0,0,0,0,0,0,0,2016,1,0,0,0,0,0,0,0,0,0,0,0,0,0,0,0,0,0,1,0,0,0,0,2,0.087,Intermediate,0
ISO-00929,Canine,Companion,🐕,Enterococcus faecium,Positive,Enterococcaceae,1,Moderate,2,Animal shelter,South Africa,Female,5,0,0,0,0,0,0,2021,1,1,1,1,1,0,1,1,1,1,1,1,0,0,1,0,0,0,0,0,1,1,0,14,0.609,MDR,1
ISO-00930,Equine,Companion,🐎,Pseudomonas aeruginosa,Negative,Pseudomonadaceae,0,Low,1,Racing stable,USA,Female,0,0,0,0,0,0,0,2017,1,1,0,1,1,1,0,0,0,0,1,0,0,0,1,0,1,1,1,1,0,1,1,13,0.565,MDR,1
ISO-00931,Bovine,Livestock,🐄,Pasteurella multocida,Negative,Pasteurellaceae,1,Moderate,2,Beef farm,Poland,Male,2,1,0,0,0,0,0,2015,0,1,0,0,0,1,0,0,0,0,0,1,0,1,1,0,0,0,1,1,0,0,0,7,0.304,Intermediate,0
ISO-00932,Bovine,Livestock,🐄,Enterococcus faecalis,Positive,Enterococcaceae,1,Low,1,Veterinary clinic,Poland,Unknown,2,0,0,0,0,0,0,2024,0,1,0,1,1,0,1,1,1,0,1,0,0,0,0,0,0,0,1,0,1,0,0,9,0.391,Intermediate,0
ISO-00933,Porcine,Livestock,🐷,Pasteurella multocida,Negative,Pasteurellaceae,1,Moderate,2,Veterinary clinic,United Kingdom,Female,0,1,0,0,0,0,0,2017,1,1,0,0,0,0,0,0,0,0,0,0,0,0,1,0,1,0,1,0,1,1,0,7,0.304,Intermediate,0
ISO-00934,Wild Bird,Wildlife,🦅,Escherichia coli,Negative,Enterobacteriaceae,1,High,3,Nature reserve,India,Unknown,4,0,0,0,0,0,0,2017,0,0,1,0,0,1,1,0,0,0,0,0,0,0,0,0,0,0,1,0,0,0,0,4,0.174,Intermediate,0
ISO-00935,Wild Bird,Wildlife,🦅,Campylobacter jejuni,Negative,Campylobacteraceae,1,Very High,4,Research station,Italy,Unknown,1,1,0,0,0,0,0,2019,0,0,0,1,1,1,1,0,0,0,0,1,1,0,0,0,0,0,0,0,0,0,0,6,0.261,Intermediate,0
ISO-00936,Human,Human,🧑,Clostridioides difficile,Positive,Clostridiaceae,1,Moderate,2,Hospital,Spain,Female,47,1,0,0,0,0,0,2022,1,1,1,1,1,1,1,1,0,0,0,1,1,0,0,0,1,0,0,0,1,0,1,13,0.565,MDR,1
ISO-00937,Soil,Environment,🌱,Acinetobacter baumannii,Negative,Moraxellaceae,0,Low,1,Urban soil,United Kingdom,N/A,-1,0,0,0,0,0,0,2022,1,1,1,1,1,1,1,1,1,1,1,0,1,0,1,0,1,1,0,1,0,1,1,18,0.783,MDR,1
ISO-00938,Human,Human,🧑,Pasteurella multocida,Negative,Pasteurellaceae,1,Moderate,2,Community,United Kingdom,Female,34,1,0,0,0,0,0,2018,0,0,0,0,0,0,0,0,0,0,0,0,0,0,0,0,0,0,1,0,0,0,0,1,0.043,Intermediate,0
ISO-00939,Water,Environment,💧,Enterobacter cloacae,Negative,Enterobacteriaceae,0,Low,1,River,Netherlands,N/A,-1,0,0,1,0,0,0,2023,1,1,1,1,1,1,1,1,0,0,0,0,0,0,0,0,0,0,0,0,0,0,0,8,0.348,Intermediate,0
ISO-00940,Human,Human,🧑,Staphylococcus pseudintermedius,Positive,Staphylococcaceae,1,Low,1,Community,South Africa,Male,62,1,0,0,0,0,0,2016,0,1,0,1,0,1,0,0,0,0,0,1,0,1,1,0,0,0,1,0,1,0,0,8,0.348,Intermediate,0
ISO-00941,Human,Human,🧑,Salmonella spp.,Negative,Enterobacteriaceae,1,High,3,Community,Italy,Male,30,1,0,0,0,0,0,2019,0,1,0,0,0,0,0,1,0,0,1,1,0,1,0,0,0,0,1,0,0,1,0,7,0.304,Intermediate,0
ISO-00942,Wild Boar,Wildlife,🐗,Clostridioides difficile,Positive,Clostridiaceae,1,Moderate,2,Hunting area,South Africa,Male,3,0,0,0,0,0,0,2015,1,1,0,1,1,1,1,1,0,0,0,1,0,0,0,0,0,0,0,0,1,1,0,10,0.435,Intermediate,0
ISO-00943,Human,Human,🧑,Pseudomonas aeruginosa,Negative,Pseudomonadaceae,0,Low,1,Hospital,Brazil,Female,61,1,0,0,0,0,0,2018,1,1,1,0,1,1,0,0,0,1,1,1,0,0,0,0,1,1,1,1,0,1,1,14,0.609,MDR,1
ISO-00944,Porcine,Livestock,🐷,Enterococcus faecalis,Positive,Enterococcaceae,1,Low,1,Pig farm,South Africa,Male,0,0,0,0,0,0,0,2017,0,1,0,1,1,1,1,1,1,1,1,1,1,1,0,1,0,0,1,0,1,1,0,16,0.696,MDR,1
ISO-00945,Porcine,Livestock,🐷,Pasteurella multocida,Negative,Pasteurellaceae,1,Moderate,2,Pig farm,Poland,Female,4,0,0,0,0,0,0,2019,0,0,0,0,0,0,0,0,0,0,0,1,0,1,0,0,0,0,1,0,0,0,0,3,0.13,Intermediate,0
ISO-00946,Human,Human,🧑,Clostridioides difficile,Positive,Clostridiaceae,1,Moderate,2,Long-term care,Brazil,Female,56,0,0,0,0,0,0,2017,1,1,0,1,1,1,1,0,0,1,0,1,0,0,0,0,0,0,1,0,1,1,0,11,0.478,Intermediate,0
ISO-00947,Feline,Companion,🐈,Enterococcus faecalis,Positive,Enterococcaceae,1,Low,1,Veterinary clinic,Netherlands,Male,8,0,1,0,0,0,0,2024,0,0,0,1,1,1,1,1,0,0,1,1,1,1,0,1,0,0,0,1,1,0,0,12,0.522,MDR,1
ISO-00948,Wild Boar,Wildlife,🐗,Salmonella spp.,Negative,Enterobacteriaceae,1,High,3,Research station,Brazil,Male,5,0,0,0,0,0,0,2015,1,0,0,0,0,1,0,0,0,0,0,0,0,0,0,0,0,0,1,0,0,1,0,4,0.174,Intermediate,0
ISO-00949,Water,Environment,💧,Enterobacter cloacae,Negative,Enterobacteriaceae,0,Low,1,River,Italy,N/A,-1,0,0,1,0,0,0,2018,1,1,0,1,1,1,1,1,0,0,0,0,0,1,0,0,0,0,1,0,0,0,0,9,0.391,Intermediate,0
ISO-00950,Bovine,Livestock,🐄,Salmonella spp.,Negative,Enterobacteriaceae,1,High,3,Veterinary clinic,USA,Female,0,0,0,0,0,0,0,2022,0,1,1,0,0,0,0,0,0,0,0,0,0,0,0,0,0,0,1,1,0,1,0,5,0.217,Intermediate,0
ISO-00951,Poultry,Livestock,🐔,Salmonella spp.,Negative,Enterobacteriaceae,1,High,3,Layer farm,South Africa,Unknown,2,1,0,1,0,0,0,2020,0,1,0,1,1,1,1,1,0,0,0,0,0,1,0,0,0,0,1,0,1,1,0,10,0.435,Intermediate,0
ISO-00952,Human,Human,🧑,Enterococcus faecalis,Positive,Enterococcaceae,1,Low,1,Hospital,Spain,Female,55,1,1,0,0,0,0,2018,0,0,1,1,1,1,1,1,0,0,1,1,1,0,1,0,0,0,1,0,1,0,0,12,0.522,MDR,1
ISO-00953,Human,Human,🧑,Salmonella spp.,Negative,Enterobacteriaceae,1,High,3,Community,Portugal,Male,98,0,0,0,0,0,0,2018,0,0,0,0,0,0,0,0,0,0,0,1,1,0,1,0,0,0,0,0,0,1,0,4,0.174,Intermediate,0
ISO-00954,Human,Human,🧑,Enterococcus faecalis,Positive,Enterococcaceae,1,Low,1,Hospital,USA,Female,70,0,0,0,0,0,0,2019,0,0,0,1,1,1,1,1,0,0,0,0,0,0,0,0,0,0,1,1,1,1,0,9,0.391,Intermediate,0
ISO-00955,Soil,Environment,🌱,Escherichia coli,Negative,Enterobacteriaceae,1,High,3,Agricultural field,France,N/A,-1,0,0,0,0,0,0,2015,0,1,0,1,0,1,1,0,0,0,0,0,0,0,0,0,0,0,1,0,0,0,0,5,0.217,Intermediate,0
ISO-00956,Water,Environment,💧,Enterobacter cloacae,Negative,Enterobacteriaceae,0,Low,1,River,Poland,N/A,-1,1,0,0,0,0,0,2018,1,1,1,1,1,1,0,0,0,0,1,0,0,0,1,0,0,0,1,0,0,0,0,9,0.391,Intermediate,0
ISO-00957,Wild Bird,Wildlife,🦅,Campylobacter jejuni,Negative,Campylobacteraceae,1,Very High,4,Research station,Spain,Unknown,10,0,0,0,0,0,0,2020,1,0,0,1,0,0,1,1,0,0,0,1,0,0,0,0,0,0,0,0,0,0,0,5,0.217,Intermediate,0
ISO-00958,Poultry,Livestock,🐔,Enterococcus faecium,Positive,Enterococcaceae,1,Moderate,2,Broiler farm,Portugal,Female,4,1,0,0,0,0,0,2018,1,1,1,1,1,1,1,1,1,1,1,1,1,0,1,1,1,1,0,0,1,1,0,19,0.826,MDR,1
ISO-00959,Poultry,Livestock,🐔,Enterococcus faecalis,Positive,Enterococcaceae,1,Low,1,Broiler farm,Germany,Unknown,1,1,0,0,0,0,0,2020,0,0,0,1,1,1,1,1,1,0,1,1,1,0,0,1,0,1,1,0,1,1,0,14,0.609,MDR,1
ISO-00960,Poultry,Livestock,🐔,Enterococcus faecalis,Positive,Enterococcaceae,1,Low,1,Abattoir,India,Female,5,1,0,0,0,0,0,2021,1,1,0,1,1,1,1,1,1,1,1,0,0,0,1,1,1,0,0,0,1,0,0,14,0.609,MDR,1
ISO-00961,Poultry,Livestock,🐔,Staphylococcus aureus,Positive,Staphylococcaceae,1,Moderate,2,Broiler farm,Spain,Female,6,1,0,0,0,0,0,2018,1,0,0,0,0,1,1,0,0,0,0,1,1,1,0,0,0,0,0,0,1,1,0,8,0.348,Intermediate,0
ISO-00962,Porcine,Livestock,🐷,Escherichia coli,Negative,Enterobacteriaceae,1,High,3,Pig farm,Portugal,Male,1,0,0,0,0,0,0,2024,0,0,0,0,1,0,0,1,0,0,0,1,0,1,0,0,0,0,0,0,0,0,0,4,0.174,Intermediate,0
ISO-00963,Human,Human,🧑,Staphylococcus pseudintermedius,Positive,Staphylococcaceae,1,Low,1,Community,France,Male,54,0,0,0,0,0,0,2021,1,1,1,0,0,0,0,0,0,0,0,0,0,1,0,0,0,0,0,0,1,1,0,6,0.261,Intermediate,0
ISO-00964,Human,Human,🧑,Staphylococcus aureus,Positive,Staphylococcaceae,1,Moderate,2,Hospital,Poland,Male,49,1,1,0,0,0,0,2019,1,0,0,0,0,0,1,1,0,0,0,0,0,0,0,1,0,0,0,0,1,1,0,6,0.261,Intermediate,0
ISO-00965,Soil,Environment,🌱,Enterobacter cloacae,Negative,Enterobacteriaceae,0,Low,1,Agricultural field,France,N/A,-1,0,0,0,0,0,0,2017,1,1,0,1,1,0,0,1,0,0,0,0,0,0,1,0,0,0,1,0,0,1,1,9,0.391,Intermediate,0
ISO-00966,Poultry,Livestock,🐔,Salmonella spp.,Negative,Enterobacteriaceae,1,High,3,Broiler farm,India,Male,1,1,0,0,0,0,0,2022,1,1,0,0,0,0,0,0,0,0,0,0,1,0,0,0,0,0,0,0,0,1,0,4,0.174,Intermediate,0
ISO-00967,Soil,Environment,🌱,Acinetobacter baumannii,Negative,Moraxellaceae,0,Low,1,Agricultural field,France,N/A,-1,0,0,0,0,0,0,2022,1,1,1,1,1,1,1,1,0,0,0,1,1,0,0,0,1,1,0,0,0,0,1,13,0.565,MDR,1
ISO-00968,Human,Human,🧑,Campylobacter jejuni,Negative,Campylobacteraceae,1,Very High,4,Hospital,USA,Male,75,0,0,0,0,0,0,2023,0,0,0,1,1,0,1,1,0,0,0,0,0,1,0,0,0,0,0,0,0,0,0,5,0.217,Intermediate,0
ISO-00969,Poultry,Livestock,🐔,Staphylococcus aureus,Positive,Staphylococcaceae,1,Moderate,2,Layer farm,USA,Female,14,1,0,0,0,0,0,2024,1,1,1,0,0,1,1,0,0,0,0,0,0,1,0,0,0,0,0,0,1,1,0,8,0.348,Intermediate,0
ISO-00970,Human,Human,🧑,Enterococcus faecalis,Positive,Enterococcaceae,1,Low,1,Hospital,South Africa,Male,48,0,1,0,0,0,0,2017,0,1,0,1,1,1,1,1,1,0,0,0,0,1,0,1,0,0,1,0,1,1,0,12,0.522,MDR,1
ISO-00971,Human,Human,🧑,Salmonella spp.,Negative,Enterobacteriaceae,1,High,3,Long-term care,Netherlands,Female,54,1,0,0,0,0,0,2016,0,0,0,0,0,0,1,0,0,0,1,0,0,1,0,0,0,0,1,0,0,0,0,4,0.174,Intermediate,0
ISO-00972,Human,Human,🧑,Pasteurella multocida,Negative,Pasteurellaceae,1,Moderate,2,Community,Brazil,Female,54,0,1,0,0,0,0,2024,0,0,0,0,0,0,1,1,0,0,0,0,1,0,0,0,0,0,0,1,0,0,0,4,0.174,Intermediate,0
ISO-00973,Human,Human,🧑,Pasteurella multocida,Negative,Pasteurellaceae,1,Moderate,2,Community,Italy,Female,17,0,0,0,0,0,0,2017,0,0,0,0,0,0,0,0,0,0,0,0,0,0,1,0,0,0,0,0,0,0,0,1,0.043,Intermediate,0
ISO-00974,Water,Environment,💧,Salmonella spp.,Negative,Enterobacteriaceae,1,High,3,Wastewater treatment,Netherlands,N/A,-1,1,0,0,0,0,0,2015,1,0,0,1,0,0,0,0,0,0,0,1,0,0,1,0,1,0,1,0,1,1,0,8,0.348,Intermediate,0
ISO-00975,Bovine,Livestock,🐄,Salmonella spp.,Negative,Enterobacteriaceae,1,High,3,Dairy farm,United Kingdom,Unknown,0,1,0,0,0,0,0,2019,0,0,1,0,0,0,1,1,1,0,0,0,1,0,1,1,0,0,0,0,1,1,0,9,0.391,Intermediate,0
ISO-00976,Canine,Companion,🐕,Campylobacter jejuni,Negative,Campylobacteraceae,1,Very High,4,Veterinary clinic,USA,Male,5,0,0,0,0,0,0,2015,0,0,1,1,1,0,1,1,0,0,0,0,0,0,0,0,1,0,1,0,0,0,0,7,0.304,Intermediate,0
ISO-00977,Porcine,Livestock,🐷,Clostridioides difficile,Positive,Clostridiaceae,1,Moderate,2,Veterinary clinic,South Africa,Unknown,4,1,0,0,0,0,0,2023,1,0,1,1,1,1,1,1,0,0,0,1,0,0,0,0,0,1,0,0,0,1,0,10,0.435,Intermediate,0
ISO-00978,Porcine,Livestock,🐷,Escherichia coli,Negative,Enterobacteriaceae,1,High,3,Veterinary clinic,United Kingdom,Unknown,3,0,0,0,0,0,0,2016,1,1,0,0,0,1,0,0,0,1,1,1,0,0,0,0,0,0,1,0,0,0,0,7,0.304,Intermediate,0
ISO-00979,Poultry,Livestock,🐔,Staphylococcus aureus,Positive,Staphylococcaceae,1,Moderate,2,Abattoir,Spain,Male,1,0,0,0,0,0,0,2019,1,0,1,0,0,0,0,0,0,0,0,0,0,1,0,0,0,0,0,0,1,1,0,5,0.217,Intermediate,0
ISO-00980,Human,Human,🧑,Pseudomonas aeruginosa,Negative,Pseudomonadaceae,0,Low,1,Community,Brazil,Female,54,1,1,0,0,0,0,2022,1,1,1,1,1,1,0,0,0,0,1,1,1,0,0,0,1,1,1,0,0,1,1,14,0.609,MDR,1
ISO-00981,Food,Environment,🥩,Campylobacter jejuni,Negative,Campylobacteraceae,1,Very High,4,Processing plant,USA,N/A,-1,0,0,0,0,0,0,2024,0,0,0,1,1,0,1,1,0,0,0,0,0,0,0,0,0,0,1,0,0,0,1,6,0.261,Intermediate,0
ISO-00982,Wild Bird,Wildlife,🦅,Escherichia coli,Negative,Enterobacteriaceae,1,High,3,Research station,Italy,Unknown,6,0,0,0,0,0,0,2017,0,0,0,0,0,0,0,0,0,0,0,0,0,0,0,0,0,0,0,0,0,0,0,0,0.0,Susceptible,0
ISO-00983,Equine,Companion,🐎,Acinetobacter baumannii,Negative,Moraxellaceae,0,Low,1,Racing stable,Spain,Male,0,0,1,0,0,0,0,2022,1,1,1,1,1,1,1,1,1,1,1,1,1,1,1,0,1,1,1,0,0,1,1,20,0.87,MDR,1
ISO-00984,Porcine,Livestock,🐷,Escherichia coli,Negative,Enterobacteriaceae,1,High,3,Abattoir,India,Unknown,8,1,0,0,0,0,0,2022,1,1,0,1,1,1,0,1,0,0,0,0,1,0,0,0,1,0,0,0,0,0,0,8,0.348,Intermediate,0
ISO-00985,Human,Human,🧑,Enterococcus faecalis,Positive,Enterococcaceae,1,Low,1,Hospital,Portugal,Male,44,1,0,0,0,0,0,2016,1,0,0,1,1,1,1,1,1,0,1,1,0,0,1,0,0,0,0,0,1,1,0,12,0.522,MDR,1
ISO-00986,Soil,Environment,🌱,Escherichia coli,Negative,Enterobacteriaceae,1,High,3,Urban soil,Germany,N/A,-1,0,0,0,0,0,0,2017,0,0,1,0,0,0,0,0,0,0,0,0,0,1,0,0,0,0,0,0,0,0,0,2,0.087,Intermediate,0
ISO-00987,Bovine,Livestock,🐄,Pasteurella multocida,Negative,Pasteurellaceae,1,Moderate,2,Beef farm,India,Female,0,0,0,0,0,0,0,2023,0,0,0,0,0,0,0,1,0,0,0,1,0,0,0,0,0,1,0,0,0,0,1,4,0.174,Intermediate,0
ISO-00988,Human,Human,🧑,Enterobacter cloacae,Negative,Enterobacteriaceae,0,Low,1,Hospital,Poland,Female,72,0,0,0,0,0,0,2019,1,1,0,1,1,0,1,0,0,0,1,1,1,1,0,0,0,0,1,0,0,1,0,11,0.478,Intermediate,0
ISO-00989,Bovine,Livestock,🐄,Staphylococcus aureus,Positive,Staphylococcaceae,1,Moderate,2,Beef farm,Portugal,Unknown,0,1,0,0,0,0,0,2018,1,0,0,0,1,1,0,1,1,0,0,0,1,1,1,0,0,0,0,0,1,0,0,9,0.391,Intermediate,0
ISO-00990,Wild Bird,Wildlife,🦅,Campylobacter jejuni,Negative,Campylobacteraceae,1,Very High,4,Nature reserve,USA,Unknown,4,0,0,0,0,0,0,2024,0,0,0,1,1,0,1,1,0,0,0,0,0,0,0,0,0,0,1,0,0,1,0,6,0.261,Intermediate,0
ISO-00991,Canine,Companion,🐕,Enterococcus faecalis,Positive,Enterococcaceae,1,Low,1,Animal shelter,USA,Female,1,0,0,0,0,0,0,2022,0,0,0,1,1,1,1,1,1,1,1,0,0,0,0,0,0,0,1,0,1,0,0,10,0.435,Intermediate,0
ISO-00992,Equine,Companion,🐎,Pseudomonas aeruginosa,Negative,Pseudomonadaceae,0,Low,1,Equine clinic,France,Female,2,0,0,0,0,0,0,2015,1,1,0,1,1,1,0,0,0,0,1,0,0,0,0,0,1,1,1,1,0,1,1,12,0.522,MDR,1
ISO-00993,Wild Bird,Wildlife,🦅,Salmonella spp.,Negative,Enterobacteriaceae,1,High,3,Research station,Germany,Unknown,2,0,0,0,0,0,0,2020,0,0,0,1,0,0,0,0,0,0,0,0,0,0,0,0,0,0,0,0,0,0,0,1,0.043,Intermediate,0
ISO-00994,Human,Human,🧑,Staphylococcus aureus,Positive,Staphylococcaceae,1,Moderate,2,Hospital,USA,Male,54,1,0,0,0,0,0,2016,1,1,0,0,0,0,0,0,0,0,0,0,1,0,0,0,0,0,0,0,1,0,0,4,0.174,Intermediate,0
ISO-00995,Soil,Environment,🌱,Escherichia coli,Negative,Enterobacteriaceae,1,High,3,Forest,Italy,N/A,-1,0,0,0,0,0,0,2024,1,1,1,0,0,0,0,0,0,1,0,0,0,0,1,0,0,0,0,0,0,0,0,5,0.217,Intermediate,0
ISO-00996,Porcine,Livestock,🐷,Pasteurella multocida,Negative,Pasteurellaceae,1,Moderate,2,Veterinary clinic,France,Male,0,0,0,0,0,0,0,2016,0,0,0,1,0,0,0,0,0,0,0,0,0,0,0,0,0,0,1,0,0,0,0,2,0.087,Intermediate,0
ISO-00997,Canine,Companion,🐕,Enterococcus faecalis,Positive,Enterococcaceae,1,Low,1,Home,Brazil,Male,1,0,0,0,0,0,0,2018,0,0,0,1,1,1,1,1,0,1,0,1,0,1,0,1,0,0,1,0,1,1,0,12,0.522,MDR,1
ISO-00998,Human,Human,🧑,Acinetobacter baumannii,Negative,Moraxellaceae,0,Low,1,Community,Italy,Female,40,1,0,0,0,0,0,2021,1,1,0,1,1,1,1,1,0,1,1,1,1,1,0,0,1,1,1,1,1,1,1,19,0.826,MDR,1
ISO-00999,Food,Environment,🥩,Campylobacter jejuni,Negative,Campylobacteraceae,1,Very High,4,Slaughterhouse,India,N/A,-1,0,0,0,0,0,0,2019,0,0,0,0,0,0,1,1,0,1,0,1,0,0,0,0,0,0,1,0,1,0,1,7,0.304,Intermediate,0
ISO-01000,Bovine,Livestock,🐄,Klebsiella pneumoniae,Negative,Enterobacteriaceae,1,Moderate,2,Dairy farm,Italy,Male,9,0,0,0,0,0,0,2022,1,0,0,1,1,0,0,0,0,0,0,0,0,1,0,0,0,0,0,0,0,1,0,5,0.217,Intermediate,0
ISO-01001,Human,Human,🧑,Enterococcus faecalis,Positive,Enterococcaceae,1,Low,1,Hospital,Italy,Female,68,0,0,0,0,0,0,2020,0,0,0,1,1,1,1,1,0,0,0,0,0,0,0,0,0,0,0,0,1,0,0,6,0.261,Intermediate,0
ISO-01002,Porcine,Livestock,🐷,Staphylococcus aureus,Positive,Staphylococcaceae,1,Moderate,2,Pig farm,Germany,Unknown,0,1,0,0,0,0,0,2021,0,1,1,1,0,1,1,0,1,0,0,0,0,0,1,0,1,0,0,0,1,0,0,9,0.391,Intermediate,0
ISO-01003,Human,Human,🧑,Staphylococcus aureus,Positive,Staphylococcaceae,1,Moderate,2,Community,Portugal,Female,60,0,0,0,0,0,0,2018,1,1,0,0,1,0,1,1,0,0,0,0,1,0,0,0,0,0,1,0,1,1,0,9,0.391,Intermediate,0
ISO-01004,Human,Human,🧑,Staphylococcus pseudintermedius,Positive,Staphylococcaceae,1,Low,1,Community,Spain,Female,88,1,1,0,0,0,0,2020,1,1,0,1,1,0,1,0,0,0,0,1,1,1,0,1,0,1,1,0,1,0,0,12,0.522,MDR,1
ISO-01005,Canine,Companion,🐕,Escherichia coli,Negative,Enterobacteriaceae,1,High,3,Home,South Africa,Female,2,0,0,1,0,0,0,2018,1,0,0,1,1,1,1,1,0,0,0,1,0,0,0,0,0,0,1,0,0,1,0,9,0.391,Intermediate,0
ISO-01006,Porcine,Livestock,🐷,Staphylococcus aureus,Positive,Staphylococcaceae,1,Moderate,2,Pig farm,USA,Male,0,1,1,0,0,1,0,2021,1,1,1,1,0,0,0,0,0,1,0,1,0,1,0,1,0,0,1,1,1,1,0,12,0.522,MDR,1
ISO-01007,Soil,Environment,🌱,Enterobacter cloacae,Negative,Enterobacteriaceae,0,Low,1,Agricultural field,South Africa,N/A,-1,0,0,0,0,0,0,2024,1,1,1,0,1,1,0,0,0,0,0,0,1,0,0,0,0,0,1,0,0,0,0,7,0.304,Intermediate,0
ISO-01008,Bovine,Livestock,🐄,Mannheimia haemolytica,Negative,Pasteurellaceae,0,Negligible,0,Dairy farm,Spain,Male,3,1,0,0,0,0,0,2015,1,0,0,0,0,0,0,0,1,0,0,0,1,0,1,0,0,0,0,0,0,0,0,4,0.174,Intermediate,0
ISO-01009,Equine,Companion,🐎,Staphylococcus aureus,Positive,Staphylococcaceae,1,Moderate,2,Farm,Portugal,Female,3,0,0,0,0,0,0,2017,0,0,0,0,1,0,0,0,0,0,0,1,0,0,0,0,0,0,0,0,1,1,0,4,0.174,Intermediate,0
ISO-01010,Porcine,Livestock,🐷,Pasteurella multocida,Negative,Pasteurellaceae,1,Moderate,2,Abattoir,Netherlands,Male,3,1,0,0,0,0,0,2017,0,0,0,0,0,0,0,0,1,0,1,0,0,1,0,0,0,1,1,0,0,1,0,6,0.261,Intermediate,0
ISO-01011,Canine,Companion,🐕,Escherichia coli,Negative,Enterobacteriaceae,1,High,3,Home,Poland,Male,4,0,0,0,0,0,0,2016,0,1,0,0,0,0,0,1,0,0,0,0,1,0,0,0,0,0,1,0,0,0,0,4,0.174,Intermediate,0
ISO-01012,Canine,Companion,🐕,Pseudomonas aeruginosa,Negative,Pseudomonadaceae,0,Low,1,Home,Netherlands,Female,7,1,0,0,0,0,0,2021,1,1,0,1,1,1,1,1,0,0,1,0,1,1,0,0,1,1,1,1,0,1,1,16,0.696,MDR,1
ISO-01013,Porcine,Livestock,🐷,Escherichia coli,Negative,Enterobacteriaceae,1,High,3,Abattoir,France,Female,0,1,0,0,0,0,0,2018,1,0,0,1,1,1,1,1,0,0,0,0,0,0,0,1,0,0,1,0,0,0,0,8,0.348,Intermediate,0
ISO-01014,Soil,Environment,🌱,Acinetobacter baumannii,Negative,Moraxellaceae,0,Low,1,Urban soil,United Kingdom,N/A,-1,0,0,0,0,0,0,2020,1,1,1,1,1,1,1,1,1,1,0,1,1,1,1,0,1,1,1,0,0,1,1,19,0.826,MDR,1
ISO-01015,Bovine,Livestock,🐄,Campylobacter jejuni,Negative,Campylobacteraceae,1,Very High,4,Dairy farm,Poland,Unknown,2,1,0,0,0,0,0,2016,0,0,1,0,1,0,1,1,0,0,0,0,0,0,0,0,1,1,1,0,0,0,0,7,0.304,Intermediate,0
ISO-01016,Human,Human,🧑,Klebsiella pneumoniae,Negative,Enterobacteriaceae,1,Moderate,2,Long-term care,South Africa,Male,62,1,0,1,0,0,0,2016,1,1,0,1,1,1,1,1,0,0,0,0,1,0,0,0,0,0,0,0,0,1,0,9,0.391,Intermediate,0
ISO-01017,Feline,Companion,🐈,Staphylococcus aureus,Positive,Staphylococcaceae,1,Moderate,2,Animal shelter,India,Female,7,0,0,0,0,0,0,2022,1,0,0,0,0,0,0,0,0,0,0,0,0,0,1,0,0,0,0,0,0,0,0,2,0.087,Intermediate,0
ISO-01018,Wild Boar,Wildlife,🐗,Escherichia coli,Negative,Enterobacteriaceae,1,High,3,Nature reserve,India,Female,0,0,0,0,0,0,0,2018,1,0,0,0,0,0,0,0,0,0,0,0,1,0,1,0,0,0,0,0,0,1,0,4,0.174,Intermediate,0
ISO-01019,Human,Human,🧑,Staphylococcus pseudintermedius,Positive,Staphylococcaceae,1,Low,1,Long-term care,USA,Male,94,0,0,0,0,0,0,2015,1,1,1,1,0,0,1,0,0,1,1,1,1,0,0,0,0,0,1,0,1,0,0,11,0.478,Intermediate,0
ISO-01020,Porcine,Livestock,🐷,Staphylococcus aureus,Positive,Staphylococcaceae,1,Moderate,2,Pig farm,USA,Female,9,0,0,0,0,0,0,2019,1,1,0,0,0,0,1,0,0,0,1,0,0,1,0,0,0,0,0,0,1,1,0,7,0.304,Intermediate,0
ISO-01021,Water,Environment,💧,Salmonella spp.,Negative,Enterobacteriaceae,1,High,3,River,Brazil,N/A,-1,1,0,0,0,0,0,2024,0,0,1,0,0,1,1,0,1,0,0,0,0,0,0,0,0,0,0,0,0,0,0,4,0.174,Intermediate,0
ISO-01022,Equine,Companion,🐎,Escherichia coli,Negative,Enterobacteriaceae,1,High,3,Equine clinic,United Kingdom,Female,0,1,0,1,0,0,0,2020,1,1,0,1,1,1,1,1,0,1,0,0,1,0,1,0,0,0,0,0,1,0,0,11,0.478,Intermediate,0
ISO-01023,Food,Environment,🥩,Escherichia coli,Negative,Enterobacteriaceae,1,High,3,Slaughterhouse,Spain,N/A,-1,0,0,0,0,0,0,2016,1,0,0,0,0,0,0,0,0,0,0,1,1,1,0,0,1,0,0,0,0,0,0,5,0.217,Intermediate,0
ISO-01024,Poultry,Livestock,🐔,Pasteurella multocida,Negative,Pasteurellaceae,1,Moderate,2,Layer farm,United Kingdom,Unknown,3,1,0,0,0,0,0,2020,0,0,1,0,1,0,0,0,0,0,0,1,1,0,1,1,0,0,1,0,0,0,1,8,0.348,Intermediate,0
ISO-01025,Canine,Companion,🐕,Acinetobacter baumannii,Negative,Moraxellaceae,0,Low,1,Home,Brazil,Female,3,0,0,0,0,0,0,2019,1,1,0,1,1,1,1,1,1,1,1,1,1,1,0,0,1,1,1,1,0,1,1,19,0.826,MDR,1
ISO-01026,Bovine,Livestock,🐄,Pasteurella multocida,Negative,Pasteurellaceae,1,Moderate,2,Veterinary clinic,India,Unknown,0,0,0,0,0,0,0,2023,0,0,0,0,0,0,0,0,0,0,0,0,0,0,0,0,0,1,1,0,0,0,0,2,0.087,Intermediate,0
ISO-01027,Soil,Environment,🌱,Escherichia coli,Negative,Enterobacteriaceae,1,High,3,Urban soil,Brazil,N/A,-1,0,0,0,0,0,0,2019,0,0,0,0,0,0,1,0,0,0,0,1,1,0,0,0,0,0,1,0,0,1,1,6,0.261,Intermediate,0
ISO-01028,Bovine,Livestock,🐄,Staphylococcus aureus,Positive,Staphylococcaceae,1,Moderate,2,Veterinary clinic,Spain,Male,2,0,0,0,0,0,0,2022,0,0,0,0,1,0,0,0,0,0,0,0,1,1,0,1,0,0,1,0,1,1,0,7,0.304,Intermediate,0
ISO-01029,Equine,Companion,🐎,Pseudomonas aeruginosa,Negative,Pseudomonadaceae,0,Low,1,Racing stable,Spain,Female,0,0,0,0,0,0,0,2020,1,1,0,1,1,0,1,0,1,0,1,0,0,0,0,0,1,1,1,1,0,1,1,13,0.565,MDR,1
ISO-01030,Porcine,Livestock,🐷,Enterococcus faecium,Positive,Enterococcaceae,1,Moderate,2,Pig farm,India,Male,3,1,0,0,0,0,1,2020,1,1,1,1,1,1,1,1,1,1,1,1,1,1,1,1,1,1,1,0,1,1,0,21,0.913,MDR,1
ISO-01031,Poultry,Livestock,🐔,Campylobacter jejuni,Negative,Campylobacteraceae,1,Very High,4,Layer farm,Portugal,Unknown,7,1,0,0,0,0,0,2016,0,1,1,1,1,0,1,1,0,0,0,1,0,1,0,0,0,0,1,0,0,0,0,9,0.391,Intermediate,0
ISO-01032,Feline,Companion,🐈,Staphylococcus aureus,Positive,Staphylococcaceae,1,Moderate,2,Veterinary clinic,Italy,Male,0,1,0,0,0,0,0,2022,1,1,0,0,1,0,0,0,0,1,0,1,0,0,0,1,0,1,1,1,1,0,1,11,0.478,Intermediate,0
ISO-01033,Poultry,Livestock,🐔,Pasteurella multocida,Negative,Pasteurellaceae,1,Moderate,2,Layer farm,Spain,Unknown,3,0,0,0,0,0,0,2024,0,0,0,0,0,0,0,0,0,0,1,1,0,0,0,0,0,0,0,0,0,1,0,3,0.13,Intermediate,0
ISO-01034,Water,Environment,💧,Escherichia coli,Negative,Enterobacteriaceae,1,High,3,River,Portugal,N/A,-1,0,0,0,0,0,0,2015,0,0,0,1,1,0,1,0,0,0,0,0,1,0,0,0,0,0,0,0,0,0,0,4,0.174,Intermediate,0
ISO-01035,Porcine,Livestock,🐷,Pasteurella multocida,Negative,Pasteurellaceae,1,Moderate,2,Abattoir,France,Unknown,10,0,0,0,0,0,0,2017,0,0,0,0,0,0,0,0,0,0,1,1,1,0,1,0,0,0,1,0,1,0,0,6,0.261,Intermediate,0
ISO-01036,Canine,Companion,🐕,Staphylococcus pseudintermedius,Positive,Staphylococcaceae,1,Low,1,Home,Netherlands,Female,4,1,0,0,0,0,0,2020,1,0,1,0,0,0,0,1,0,0,0,0,1,1,0,0,0,1,0,0,1,1,0,8,0.348,Intermediate,0
ISO-01037,Bovine,Livestock,🐄,Pasteurella multocida,Negative,Pasteurellaceae,1,Moderate,2,Veterinary clinic,Poland,Unknown,1,1,0,0,0,0,0,2016,0,1,0,1,1,1,0,0,0,0,0,1,1,0,0,1,1,0,0,0,0,0,0,8,0.348,Intermediate,0
ISO-01038,Porcine,Livestock,🐷,Staphylococcus aureus,Positive,Staphylococcaceae,1,Moderate,2,Abattoir,Poland,Female,2,1,0,0,0,0,0,2017,0,1,1,0,0,1,0,0,1,0,0,1,1,1,0,0,0,1,1,1,1,1,0,12,0.522,MDR,1
ISO-01039,Porcine,Livestock,🐷,Salmonella spp.,Negative,Enterobacteriaceae,1,High,3,Veterinary clinic,Poland,Unknown,3,0,0,0,0,0,0,2023,0,1,0,0,0,0,0,1,0,0,0,1,0,1,0,0,0,0,1,0,0,1,1,7,0.304,Intermediate,0
ISO-01040,Human,Human,🧑,Staphylococcus aureus,Positive,Staphylococcaceae,1,Moderate,2,Long-term care,Spain,Female,82,0,0,0,0,0,0,2021,0,0,0,0,1,0,0,0,0,0,0,0,0,1,1,0,0,0,1,0,1,0,0,5,0.217,Intermediate,0
ISO-01041,Human,Human,🧑,Enterococcus faecium,Positive,Enterococcaceae,1,Moderate,2,Long-term care,USA,Male,34,1,0,0,0,0,0,2022,1,1,0,1,1,1,1,1,1,1,1,0,1,1,0,1,1,0,1,0,1,1,0,17,0.739,MDR,1
ISO-01042,Feline,Companion,🐈,Staphylococcus pseudintermedius,Positive,Staphylococcaceae,1,Low,1,Home,Netherlands,Female,10,0,0,0,0,0,0,2016,1,0,1,1,0,0,0,0,0,1,0,0,0,0,0,0,0,0,1,0,1,0,0,6,0.261,Intermediate,0
ISO-01043,Canine,Companion,🐕,Clostridioides difficile,Positive,Clostridiaceae,1,Moderate,2,Veterinary clinic,Netherlands,Male,9,0,0,0,0,0,0,2023,1,1,0,1,1,1,1,1,0,0,1,1,0,0,0,0,0,0,1,0,1,0,0,11,0.478,Intermediate,0
ISO-01044,Feline,Companion,🐈,Escherichia coli,Negative,Enterobacteriaceae,1,High,3,Home,India,Female,3,0,1,0,0,0,0,2017,0,0,0,1,0,0,0,1,1,0,0,0,1,0,0,0,0,0,1,0,0,1,0,6,0.261,Intermediate,0
ISO-01045,Human,Human,🧑,Enterobacter cloacae,Negative,Enterobacteriaceae,0,Low,1,Long-term care,USA,Female,75,0,0,0,0,0,0,2022,1,1,0,1,1,1,0,0,0,0,0,0,0,0,0,0,0,0,0,0,0,0,0,5,0.217,Intermediate,0
ISO-01046,Bovine,Livestock,🐄,Klebsiella pneumoniae,Negative,Enterobacteriaceae,1,Moderate,2,Veterinary clinic,USA,Male,3,0,0,0,0,0,0,2021,1,1,0,1,1,1,0,0,0,0,1,1,0,0,0,1,0,0,1,0,0,0,0,9,0.391,Intermediate,0
ISO-01047,Human,Human,🧑,Staphylococcus pseudintermedius,Positive,Staphylococcaceae,1,Low,1,Long-term care,United Kingdom,Female,61,0,0,0,0,0,0,2015,0,1,1,1,0,0,0,0,0,0,0,0,0,1,0,0,0,0,1,0,1,0,0,6,0.261,Intermediate,0
ISO-01048,Wild Bird,Wildlife,🦅,Escherichia coli,Negative,Enterobacteriaceae,1,High,3,Wildlife rescue,USA,Unknown,0,0,0,0,0,0,0,2017,0,0,0,1,0,0,0,0,0,0,0,0,0,0,0,0,0,0,0,0,0,0,0,1,0.043,Intermediate,0
ISO-01049,Water,Environment,💧,Escherichia coli,Negative,Enterobacteriaceae,1,High,3,Drinking water,Germany,N/A,-1,0,0,0,0,0,0,2021,1,0,0,1,0,0,0,1,0,0,0,0,0,0,0,0,0,0,0,0,0,1,0,4,0.174,Intermediate,0
ISO-01050,Human,Human,🧑,Escherichia coli,Negative,Enterobacteriaceae,1,High,3,Community,Germany,Female,95,0,0,0,0,0,0,2016,0,1,1,0,0,1,1,0,0,0,0,0,0,1,0,0,0,0,1,1,0,1,0,8,0.348,Intermediate,0
ISO-01051,Feline,Companion,🐈,Enterococcus faecalis,Positive,Enterococcaceae,1,Low,1,Animal shelter,Italy,Female,7,0,0,0,0,0,0,2022,0,0,1,1,1,1,1,1,0,1,1,0,1,0,0,0,0,1,0,0,1,0,0,11,0.478,Intermediate,0
ISO-01052,Human,Human,🧑,Enterococcus faecium,Positive,Enterococcaceae,1,Moderate,2,Community,Poland,Male,36,0,0,0,0,0,0,2016,1,1,1,1,1,1,1,1,0,0,0,1,1,0,0,1,0,0,1,0,1,1,0,14,0.609,MDR,1
ISO-01053,Human,Human,🧑,Staphylococcus pseudintermedius,Positive,Staphylococcaceae,1,Low,1,Hospital,Portugal,Male,28,0,1,0,0,0,0,2022,1,0,1,0,1,1,0,1,0,0,1,0,1,0,0,0,0,1,0,0,1,1,1,11,0.478,Intermediate,0
ISO-01054,Human,Human,🧑,Campylobacter jejuni,Negative,Campylobacteraceae,1,Very High,4,Hospital,France,Female,36,0,0,0,0,0,0,2024,0,1,0,1,0,0,1,0,0,0,0,0,0,1,0,0,0,0,1,0,0,1,0,6,0.261,Intermediate,0
ISO-01055,Bovine,Livestock,🐄,Pasteurella multocida,Negative,Pasteurellaceae,1,Moderate,2,Beef farm,India,Female,2,1,0,0,0,0,0,2016,0,0,1,0,0,0,0,1,0,0,0,1,0,0,0,1,0,0,1,0,0,1,0,6,0.261,Intermediate,0
ISO-01056,Feline,Companion,🐈,Pseudomonas aeruginosa,Negative,Pseudomonadaceae,0,Low,1,Veterinary clinic,Brazil,Female,0,0,0,0,0,0,0,2020,1,1,0,1,1,1,0,0,0,0,1,1,0,0,0,0,1,1,1,1,0,1,1,13,0.565,MDR,1
ISO-01057,Water,Environment,💧,Escherichia coli,Negative,Enterobacteriaceae,1,High,3,Drinking water,Netherlands,N/A,-1,0,0,0,0,0,0,2017,1,1,0,0,0,0,1,0,0,0,0,0,0,1,0,0,0,0,0,0,1,1,0,6,0.261,Intermediate,0
ISO-01058,Human,Human,🧑,Staphylococcus pseudintermedius,Positive,Staphylococcaceae,1,Low,1,Long-term care,Spain,Female,14,1,0,0,0,0,0,2017,0,0,0,0,0,1,0,0,0,0,1,1,1,1,0,0,1,0,0,0,1,0,0,7,0.304,Intermediate,0
ISO-01059,Poultry,Livestock,🐔,Enterococcus faecium,Positive,Enterococcaceae,1,Moderate,2,Layer farm,France,Female,4,0,0,0,0,0,0,2020,1,0,0,1,1,1,1,1,1,1,1,1,0,0,1,0,0,0,1,0,1,0,0,13,0.565,MDR,1
ISO-01060,Feline,Companion,🐈,Enterococcus faecalis,Positive,Enterococcaceae,1,Low,1,Home,Spain,Male,2,0,0,0,0,0,0,2024,0,0,0,1,1,1,1,1,1,1,1,0,1,1,0,0,0,0,1,1,1,0,0,13,0.565,MDR,1
ISO-01061,Soil,Environment,🌱,Acinetobacter baumannii,Negative,Moraxellaceae,0,Low,1,Forest,India,N/A,-1,0,1,0,0,0,0,2022,1,1,1,1,1,1,1,1,0,1,1,1,1,1,1,0,1,1,1,0,0,1,1,19,0.826,MDR,1
ISO-01062,Canine,Companion,🐕,Escherichia coli,Negative,Enterobacteriaceae,1,High,3,Veterinary clinic,South Africa,Female,13,0,0,0,0,0,0,2023,1,0,1,0,0,0,0,0,0,0,0,0,1,0,0,0,0,0,0,0,0,0,0,3,0.13,Intermediate,0
ISO-01063,Human,Human,🧑,Clostridioides difficile,Positive,Clostridiaceae,1,Moderate,2,Hospital,South Africa,Male,43,0,0,0,0,0,0,2024,1,0,0,1,1,1,1,1,0,0,1,0,0,0,0,0,0,0,1,0,1,1,0,10,0.435,Intermediate,0
ISO-01064,Canine,Companion,🐕,Klebsiella pneumoniae,Negative,Enterobacteriaceae,1,Moderate,2,Animal shelter,United Kingdom,Female,5,1,0,0,0,0,0,2019,1,1,0,0,0,1,1,1,0,0,1,0,0,1,0,0,0,0,1,0,0,1,0,9,0.391,Intermediate,0
ISO-01065,Bovine,Livestock,🐄,Pasteurella multocida,Negative,Pasteurellaceae,1,Moderate,2,Dairy farm,USA,Female,0,1,0,0,0,0,0,2023,1,0,1,0,0,1,0,0,0,0,0,0,0,0,0,0,0,0,0,0,0,0,0,3,0.13,Intermediate,0
ISO-01066,Food,Environment,🥩,Salmonella spp.,Negative,Enterobacteriaceae,1,High,3,Processing plant,Netherlands,N/A,-1,0,0,0,0,0,0,2016,1,0,0,0,0,0,0,1,0,0,0,0,0,0,0,0,0,0,1,0,0,1,0,4,0.174,Intermediate,0
ISO-01067,Porcine,Livestock,🐷,Enterococcus faecalis,Positive,Enterococcaceae,1,Low,1,Pig farm,India,Male,0,1,1,0,0,0,0,2024,0,1,1,1,1,1,1,1,0,0,1,0,1,0,1,1,1,1,1,0,1,0,0,15,0.652,MDR,1
ISO-01068,Feline,Companion,🐈,Staphylococcus pseudintermedius,Positive,Staphylococcaceae,1,Low,1,Veterinary clinic,South Africa,Female,4,1,0,0,0,0,0,2016,1,1,1,1,0,0,1,1,0,0,0,0,1,0,0,0,0,0,1,0,1,0,0,9,0.391,Intermediate,0
ISO-01069,Human,Human,🧑,Salmonella spp.,Negative,Enterobacteriaceae,1,High,3,Hospital,South Africa,Male,42,0,0,0,0,0,0,2019,0,0,0,0,0,1,0,0,0,0,0,1,0,1,0,0,0,0,1,0,0,0,0,4,0.174,Intermediate,0
ISO-01070,Porcine,Livestock,🐷,Enterococcus faecium,Positive,Enterococcaceae,1,Moderate,2,Pig farm,Spain,Unknown,0,0,0,0,0,0,0,2022,0,1,1,1,1,1,1,1,1,1,1,0,1,0,1,0,0,1,1,0,1,0,0,15,0.652,MDR,1
ISO-01071,Water,Environment,💧,Pseudomonas aeruginosa,Negative,Pseudomonadaceae,0,Low,1,Drinking water,USA,N/A,-1,0,0,0,0,0,0,2020,1,1,1,1,1,1,1,0,1,0,1,0,0,1,0,1,1,1,1,0,0,1,1,16,0.696,MDR,1
ISO-01072,Canine,Companion,🐕,Clostridioides difficile,Positive,Clostridiaceae,1,Moderate,2,Home,Poland,Female,3,0,0,0,0,0,0,2015,1,0,1,1,1,1,0,1,0,0,0,0,1,1,0,0,0,1,0,0,0,0,0,9,0.391,Intermediate,0
ISO-01073,Porcine,Livestock,🐷,Enterococcus faecium,Positive,Enterococcaceae,1,Moderate,2,Veterinary clinic,USA,Unknown,0,1,0,0,0,0,1,2016,1,1,1,1,1,1,1,1,1,1,1,0,0,1,0,1,1,1,1,1,1,0,0,18,0.783,MDR,1
ISO-01074,Soil,Environment,🌱,Escherichia coli,Negative,Enterobacteriaceae,1,High,3,Forest,USA,N/A,-1,0,0,1,0,0,0,2017,0,1,0,1,1,1,1,1,0,1,0,0,1,0,0,0,0,0,1,1,0,0,0,10,0.435,Intermediate,0
ISO-01075,Wild Boar,Wildlife,🐗,Clostridioides difficile,Positive,Clostridiaceae,1,Moderate,2,Nature reserve,Brazil,Unknown,0,0,0,0,0,0,0,2018,1,1,0,1,1,1,0,1,0,0,1,1,1,1,0,0,0,0,1,0,0,0,0,11,0.478,Intermediate,0
ISO-01076,Bovine,Livestock,🐄,Staphylococcus aureus,Positive,Staphylococcaceae,1,Moderate,2,Dairy farm,USA,Male,2,1,0,0,0,0,0,2018,1,1,0,1,0,0,1,0,0,0,0,0,1,0,0,0,1,1,1,0,1,0,0,9,0.391,Intermediate,0
ISO-01077,Poultry,Livestock,🐔,Escherichia coli,Negative,Enterobacteriaceae,1,High,3,Layer farm,South Africa,Female,0,1,0,0,0,0,0,2020,0,0,0,0,1,0,1,0,0,0,0,0,1,0,1,1,0,0,0,0,0,1,0,6,0.261,Intermediate,0
ISO-01078,Poultry,Livestock,🐔,Enterococcus faecalis,Positive,Enterococcaceae,1,Low,1,Broiler farm,Brazil,Female,0,1,0,0,0,0,0,2022,0,0,0,1,1,1,1,1,1,0,1,1,0,0,0,1,0,0,1,0,1,1,0,12,0.522,MDR,1
ISO-01079,Canine,Companion,🐕,Pseudomonas aeruginosa,Negative,Pseudomonadaceae,0,Low,1,Veterinary clinic,India,Female,0,0,0,0,0,0,0,2018,1,1,0,1,1,1,0,0,0,0,1,0,0,0,0,0,1,1,1,1,0,1,1,12,0.522,MDR,1
ISO-01080,Bovine,Livestock,🐄,Escherichia coli,Negative,Enterobacteriaceae,1,High,3,Beef farm,Portugal,Female,0,1,0,0,0,0,0,2016,1,0,0,0,1,0,1,1,0,0,1,1,0,1,0,0,0,0,1,0,1,0,0,9,0.391,Intermediate,0
ISO-01081,Human,Human,🧑,Campylobacter jejuni,Negative,Campylobacteraceae,1,Very High,4,Hospital,Portugal,Male,27,1,1,0,0,0,0,2016,1,1,1,1,1,1,1,1,0,0,0,1,1,0,0,0,0,1,1,0,0,0,0,12,0.522,MDR,1
ISO-01082,Water,Environment,💧,Pseudomonas aeruginosa,Negative,Pseudomonadaceae,0,Low,1,Wastewater treatment,Brazil,N/A,-1,0,0,0,0,0,0,2020,1,1,0,1,1,1,0,0,0,0,1,0,0,0,0,0,1,1,1,1,1,1,1,13,0.565,MDR,1
ISO-01083,Soil,Environment,🌱,Escherichia coli,Negative,Enterobacteriaceae,1,High,3,Agricultural field,Poland,N/A,-1,1,0,0,0,0,0,2017,1,1,0,0,0,1,0,1,0,0,0,0,1,0,0,0,0,0,0,1,0,0,1,7,0.304,Intermediate,0
ISO-01084,Wild Boar,Wildlife,🐗,Salmonella spp.,Negative,Enterobacteriaceae,1,High,3,Research station,Netherlands,Male,6,1,0,0,0,0,0,2024,0,0,0,1,1,0,0,0,0,1,0,0,0,0,0,1,0,0,0,0,0,0,0,4,0.174,Intermediate,0
ISO-01085,Food,Environment,🥩,Enterococcus faecium,Positive,Enterococcaceae,1,Moderate,2,Slaughterhouse,Portugal,N/A,-1,0,0,0,0,0,0,2018,1,1,1,1,1,1,1,1,1,1,1,0,0,1,0,0,1,0,1,0,1,1,0,16,0.696,MDR,1
ISO-01086,Equine,Companion,🐎,Mannheimia haemolytica,Negative,Pasteurellaceae,0,Negligible,0,Racing stable,South Africa,Male,3,1,0,0,0,0,0,2021,0,1,0,0,0,0,0,0,1,0,0,0,0,0,0,1,0,1,1,0,0,1,0,6,0.261,Intermediate,0
ISO-01087,Wild Bird,Wildlife,🦅,Salmonella spp.,Negative,Enterobacteriaceae,1,High,3,Wildlife rescue,Netherlands,Unknown,4,0,0,0,0,0,0,2017,1,1,0,0,1,0,0,0,0,0,0,0,0,0,1,0,0,0,1,0,0,0,0,5,0.217,Intermediate,0
ISO-01088,Wild Bird,Wildlife,🦅,Escherichia coli,Negative,Enterobacteriaceae,1,High,3,Nature reserve,Poland,Unknown,0,0,0,0,0,0,0,2015,0,0,0,0,1,0,1,0,0,0,0,0,0,0,0,0,0,0,0,0,0,1,0,3,0.13,Intermediate,0
ISO-01089,Poultry,Livestock,🐔,Enterococcus faecalis,Positive,Enterococcaceae,1,Low,1,Broiler farm,South Africa,Female,1,1,0,0,0,0,0,2015,1,0,0,1,1,1,1,1,0,1,1,0,1,1,1,1,0,0,1,0,1,0,0,14,0.609,MDR,1
ISO-01090,Porcine,Livestock,🐷,Clostridioides difficile,Positive,Clostridiaceae,1,Moderate,2,Veterinary clinic,Portugal,Female,3,1,0,0,0,0,0,2022,1,1,1,1,1,1,1,1,1,0,0,0,1,0,0,1,0,0,1,0,1,0,0,13,0.565,MDR,1
ISO-01091,Human,Human,🧑,Staphylococcus aureus,Positive,Staphylococcaceae,1,Moderate,2,Community,USA,Male,32,0,0,0,0,0,0,2020,1,0,0,0,0,1,0,0,0,1,0,0,0,0,0,0,0,0,1,0,1,0,0,5,0.217,Intermediate,0
ISO-01092,Canine,Companion,🐕,Klebsiella pneumoniae,Negative,Enterobacteriaceae,1,Moderate,2,Animal shelter,Brazil,Male,4,0,0,0,0,0,0,2023,1,0,1,1,0,1,1,0,0,0,0,0,0,0,0,0,0,1,0,0,0,1,0,7,0.304,Intermediate,0
ISO-01093,Bovine,Livestock,🐄,Enterococcus faecalis,Positive,Enterococcaceae,1,Low,1,Beef farm,France,Unknown,2,0,0,0,0,0,0,2024,0,0,0,1,1,1,1,1,0,0,1,1,0,0,1,0,0,0,0,0,1,0,0,9,0.391,Intermediate,0
ISO-01094,Human,Human,🧑,Enterobacter cloacae,Negative,Enterobacteriaceae,0,Low,1,Hospital,Germany,Male,71,1,1,1,0,0,0,2017,1,1,0,1,1,1,1,1,0,0,0,1,0,0,0,1,0,0,0,0,0,1,0,10,0.435,Intermediate,0
ISO-01095,Canine,Companion,🐕,Staphylococcus aureus,Positive,Staphylococcaceae,1,Moderate,2,Animal shelter,Poland,Male,8,0,0,0,0,0,0,2020,1,0,0,0,0,0,0,0,0,1,0,1,0,1,0,0,0,1,1,0,1,0,0,7,0.304,Intermediate,0
ISO-01096,Porcine,Livestock,🐷,Staphylococcus aureus,Positive,Staphylococcaceae,1,Moderate,2,Veterinary clinic,United Kingdom,Male,5,1,0,0,0,0,0,2017,1,1,1,0,1,0,1,1,0,0,0,0,0,0,1,0,0,0,0,0,1,1,0,9,0.391,Intermediate,0
ISO-01097,Human,Human,🧑,Klebsiella pneumoniae,Negative,Enterobacteriaceae,1,Moderate,2,Long-term care,USA,Female,65,1,0,0,0,0,0,2015,1,1,0,0,0,1,1,0,0,0,0,0,1,1,0,0,0,0,1,0,0,0,0,7,0.304,Intermediate,0
ISO-01098,Wild Bird,Wildlife,🦅,Salmonella spp.,Negative,Enterobacteriaceae,1,High,3,Nature reserve,Brazil,Unknown,0,0,0,0,0,0,0,2016,1,0,0,0,0,1,1,0,0,0,0,1,0,0,1,0,0,0,0,1,0,0,0,6,0.261,Intermediate,0
ISO-01099,Water,Environment,💧,Pseudomonas aeruginosa,Negative,Pseudomonadaceae,0,Low,1,Drinking water,Germany,N/A,-1,1,0,0,0,0,0,2022,1,1,1,1,1,1,0,0,0,1,1,0,0,0,0,0,1,1,1,1,0,1,1,14,0.609,MDR,1
ISO-01100,Human,Human,🧑,Enterococcus faecalis,Positive,Enterococcaceae,1,Low,1,Long-term care,Germany,Male,50,0,0,0,0,0,0,2022,0,0,0,1,1,1,1,1,1,1,1,0,1,0,0,0,0,0,0,0,1,0,1,11,0.478,Intermediate,0
ISO-01101,Human,Human,🧑,Enterococcus faecium,Positive,Enterococcaceae,1,Moderate,2,Long-term care,France,Male,17,1,1,0,0,0,0,2016,1,0,0,1,1,1,1,1,0,1,1,1,1,1,1,1,0,0,0,1,1,0,0,15,0.652,MDR,1
ISO-01102,Bovine,Livestock,🐄,Enterococcus faecium,Positive,Enterococcaceae,1,Moderate,2,Veterinary clinic,Spain,Male,0,1,0,0,0,0,0,2019,1,1,1,1,1,1,1,1,1,1,1,1,1,0,1,1,0,1,1,0,1,1,0,19,0.826,MDR,1
ISO-01103,Wild Bird,Wildlife,🦅,Escherichia coli,Negative,Enterobacteriaceae,1,High,3,Wildlife rescue,Italy,Unknown,8,0,0,1,0,0,0,2017,1,0,1,1,1,1,1,1,0,0,0,0,1,0,0,0,0,0,0,1,1,0,0,10,0.435,Intermediate,0
ISO-01104,Wild Boar,Wildlife,🐗,Escherichia coli,Negative,Enterobacteriaceae,1,High,3,Research station,Germany,Female,3,0,0,0,0,0,0,2018,0,0,0,0,1,0,1,0,1,0,0,0,0,0,1,0,0,0,1,0,0,0,0,5,0.217,Intermediate,0
ISO-01105,Human,Human,🧑,Enterococcus faecalis,Positive,Enterococcaceae,1,Low,1,Hospital,Brazil,Male,53,1,0,0,0,0,0,2015,0,0,0,1,1,1,1,1,1,1,1,0,0,0,0,1,0,0,1,1,1,1,0,13,0.565,MDR,1
ISO-01106,Wild Bird,Wildlife,🦅,Salmonella spp.,Negative,Enterobacteriaceae,1,High,3,Nature reserve,Spain,Unknown,0,0,0,0,0,0,0,2020,1,1,0,0,0,0,0,0,0,0,0,1,0,0,0,0,0,0,0,0,0,1,0,4,0.174,Intermediate,0
ISO-01107,Human,Human,🧑,Salmonella spp.,Negative,Enterobacteriaceae,1,High,3,Long-term care,France,Female,25,1,0,0,0,0,0,2024,1,0,0,0,0,1,0,0,0,0,0,0,1,0,0,1,0,0,1,0,0,1,0,6,0.261,Intermediate,0
ISO-01108,Porcine,Livestock,🐷,Escherichia coli,Negative,Enterobacteriaceae,1,High,3,Abattoir,Brazil,Female,3,1,0,1,0,0,0,2020,1,1,0,1,1,1,1,1,0,0,0,1,0,1,0,1,0,0,1,0,0,1,0,12,0.522,MDR,1
ISO-01109,Food,Environment,🥩,Salmonella spp.,Negative,Enterobacteriaceae,1,High,3,Processing plant,Brazil,N/A,-1,0,0,0,0,0,0,2020,0,0,0,0,1,0,0,1,0,0,0,1,0,0,0,0,0,0,0,0,0,0,0,3,0.13,Intermediate,0
ISO-01110,Human,Human,🧑,Enterobacter cloacae,Negative,Enterobacteriaceae,0,Low,1,Hospital,Poland,Male,42,0,0,0,0,0,0,2016,1,1,0,1,1,1,1,0,0,0,0,0,0,0,0,0,0,0,0,0,0,0,0,6,0.261,Intermediate,0
ISO-01111,Human,Human,🧑,Klebsiella pneumoniae,Negative,Enterobacteriaceae,1,Moderate,2,Community,United Kingdom,Female,61,0,1,1,0,0,0,2021,1,1,1,1,1,1,1,1,0,0,0,0,0,0,0,0,0,0,0,0,0,0,0,8,0.348,Intermediate,0
ISO-01112,Porcine,Livestock,🐷,Staphylococcus aureus,Positive,Staphylococcaceae,1,Moderate,2,Abattoir,Italy,Male,1,0,0,0,0,0,0,2015,1,0,0,1,0,1,0,0,0,0,0,0,0,1,0,0,1,0,0,0,1,0,0,6,0.261,Intermediate,0
ISO-01113,Canine,Companion,🐕,Staphylococcus aureus,Positive,Staphylococcaceae,1,Moderate,2,Animal shelter,Portugal,Male,6,0,0,0,0,0,0,2018,1,0,0,1,0,1,0,0,0,0,0,0,0,1,1,0,0,0,1,0,1,0,0,7,0.304,Intermediate,0
ISO-01114,Soil,Environment,🌱,Escherichia coli,Negative,Enterobacteriaceae,1,High,3,Urban soil,Portugal,N/A,-1,1,0,0,0,0,0,2019,1,0,0,0,0,1,0,1,0,0,0,0,0,1,1,0,1,1,0,1,0,1,1,10,0.435,Intermediate,0
ISO-01115,Food,Environment,🥩,Enterococcus faecium,Positive,Enterococcaceae,1,Moderate,2,Processing plant,India,N/A,-1,0,0,0,0,0,0,2019,1,1,1,1,1,1,1,1,1,0,1,1,0,0,1,0,0,0,1,0,1,1,1,16,0.696,MDR,1
ISO-01116,Human,Human,🧑,Pasteurella multocida,Negative,Pasteurellaceae,1,Moderate,2,Long-term care,Brazil,Male,82,1,0,0,0,0,0,2020,0,1,0,1,0,0,0,0,0,0,0,0,0,1,0,1,0,0,1,1,0,0,0,6,0.261,Intermediate,0
ISO-01117,Human,Human,🧑,Pasteurella multocida,Negative,Pasteurellaceae,1,Moderate,2,Long-term care,South Africa,Male,49,1,0,0,0,0,0,2019,0,1,0,0,0,0,0,0,0,0,0,0,0,0,0,0,0,1,0,0,0,0,0,2,0.087,Intermediate,0
ISO-01118,Wild Bird,Wildlife,🦅,Campylobacter jejuni,Negative,Campylobacteraceae,1,Very High,4,Research station,France,Unknown,0,1,0,0,0,0,0,2019,1,0,0,1,1,0,0,1,0,0,0,0,1,0,0,0,0,0,1,0,0,0,0,6,0.261,Intermediate,0
ISO-01119,Human,Human,🧑,Pseudomonas aeruginosa,Negative,Pseudomonadaceae,0,Low,1,Hospital,France,Male,24,0,1,0,0,0,0,2023,0,1,0,1,1,1,0,0,0,1,1,1,1,0,0,0,1,1,1,1,1,1,1,15,0.652,MDR,1
ISO-01120,Water,Environment,💧,Enterobacter cloacae,Negative,Enterobacteriaceae,0,Low,1,River,United Kingdom,N/A,-1,0,0,0,0,0,0,2021,1,1,0,1,1,0,0,1,0,0,0,1,1,1,0,0,0,0,1,0,0,1,0,10,0.435,Intermediate,0
ISO-01121,Feline,Companion,🐈,Staphylococcus aureus,Positive,Staphylococcaceae,1,Moderate,2,Animal shelter,Poland,Female,9,0,0,0,0,0,0,2023,0,0,0,1,1,1,0,1,0,0,0,0,1,0,0,0,0,0,0,0,1,0,0,6,0.261,Intermediate,0
ISO-01122,Human,Human,🧑,Clostridioides difficile,Positive,Clostridiaceae,1,Moderate,2,Long-term care,India,Female,24,1,0,0,0,0,0,2024,1,1,1,1,1,1,1,1,1,0,0,0,0,0,1,0,0,0,0,1,1,0,0,12,0.522,MDR,1
ISO-01123,Wild Boar,Wildlife,🐗,Escherichia coli,Negative,Enterobacteriaceae,1,High,3,Hunting area,South Africa,Unknown,1,0,0,0,0,0,0,2016,0,0,0,0,0,0,1,0,0,0,1,1,0,1,0,0,0,0,1,0,0,1,0,6,0.261,Intermediate,0
ISO-01124,Human,Human,🧑,Escherichia coli,Negative,Enterobacteriaceae,1,High,3,Hospital,India,Male,39,1,0,0,0,0,0,2018,1,0,1,0,0,1,0,0,0,0,0,1,0,1,0,0,1,0,0,0,0,0,1,7,0.304,Intermediate,0
ISO-01125,Porcine,Livestock,🐷,Salmonella spp.,Negative,Enterobacteriaceae,1,High,3,Abattoir,United Kingdom,Unknown,2,0,0,0,0,0,0,2023,1,0,0,1,1,0,0,0,0,0,0,1,0,1,1,0,0,0,1,0,0,0,0,7,0.304,Intermediate,0
ISO-01126,Poultry,Livestock,🐔,Salmonella spp.,Negative,Enterobacteriaceae,1,High,3,Broiler farm,Germany,Female,6,1,0,0,0,0,0,2018,1,0,1,0,0,0,0,0,0,0,1,1,1,1,0,0,0,0,1,1,0,1,0,9,0.391,Intermediate,0
ISO-01127,Poultry,Livestock,🐔,Pasteurella multocida,Negative,Pasteurellaceae,1,Moderate,2,Broiler farm,Spain,Male,3,0,0,0,0,0,0,2018,1,0,0,0,0,0,0,0,0,1,0,1,0,0,0,0,0,0,1,0,0,0,0,4,0.174,Intermediate,0
ISO-01128,Feline,Companion,🐈,Escherichia coli,Negative,Enterobacteriaceae,1,High,3,Home,South Africa,Female,0,1,0,0,0,0,0,2016,1,1,0,0,1,0,1,0,0,0,0,0,0,1,0,0,0,1,0,0,1,0,0,7,0.304,Intermediate,0
ISO-01129,Canine,Companion,🐕,Staphylococcus aureus,Positive,Staphylococcaceae,1,Moderate,2,Veterinary clinic,Spain,Male,0,0,0,0,0,0,0,2024,1,0,1,1,0,1,1,0,0,0,0,0,1,0,0,0,0,0,0,0,1,1,0,8,0.348,Intermediate,0
ISO-01130,Food,Environment,🥩,Salmonella spp.,Negative,Enterobacteriaceae,1,High,3,Processing plant,Spain,N/A,-1,0,0,0,0,0,0,2015,0,1,0,0,1,0,0,0,0,0,0,0,0,1,0,0,0,0,1,0,0,1,0,5,0.217,Intermediate,0
ISO-01131,Food,Environment,🥩,Salmonella spp.,Negative,Enterobacteriaceae,1,High,3,Slaughterhouse,Netherlands,N/A,-1,0,0,0,0,0,0,2017,1,0,1,0,0,0,0,0,0,0,0,0,1,0,0,0,0,0,0,0,0,0,0,3,0.13,Intermediate,0
ISO-01132,Poultry,Livestock,🐔,Pasteurella multocida,Negative,Pasteurellaceae,1,Moderate,2,Abattoir,Italy,Unknown,1,1,0,0,0,0,0,2020,0,0,0,0,0,0,1,0,0,0,1,1,0,1,0,0,0,0,1,0,1,0,0,6,0.261,Intermediate,0
ISO-01133,Human,Human,🧑,Acinetobacter baumannii,Negative,Moraxellaceae,0,Low,1,Hospital,Netherlands,Female,63,1,0,0,1,0,0,2018,1,1,1,1,1,0,1,1,0,1,0,1,1,0,0,1,1,1,1,0,0,1,1,16,0.696,MDR,1
ISO-01134,Equine,Companion,🐎,Acinetobacter baumannii,Negative,Moraxellaceae,0,Low,1,Farm,Italy,Male,3,0,0,0,0,0,0,2015,1,1,1,1,1,1,1,1,1,0,0,0,1,0,0,0,1,1,0,0,0,0,1,13,0.565,MDR,1
ISO-01135,Food,Environment,🥩,Enterococcus faecium,Positive,Enterococcaceae,1,Moderate,2,Retail,Germany,N/A,-1,0,0,0,0,0,0,2024,1,1,1,1,1,1,1,1,1,1,1,1,0,0,1,0,0,0,1,0,1,1,0,16,0.696,MDR,1
ISO-01136,Bovine,Livestock,🐄,Mannheimia haemolytica,Negative,Pasteurellaceae,0,Negligible,0,Veterinary clinic,United Kingdom,Female,8,1,0,0,0,0,0,2015,1,0,0,1,0,0,1,1,0,0,0,0,0,0,1,0,0,1,1,0,0,0,0,7,0.304,Intermediate,0
ISO-01137,Porcine,Livestock,🐷,Enterococcus faecalis,Positive,Enterococcaceae,1,Low,1,Abattoir,Portugal,Female,5,0,0,0,0,0,0,2015,1,0,1,1,1,1,1,1,1,0,1,0,0,0,0,0,0,0,1,0,1,0,0,11,0.478,Intermediate,0
ISO-01138,Porcine,Livestock,🐷,Staphylococcus aureus,Positive,Staphylococcaceae,1,Moderate,2,Veterinary clinic,Poland,Female,7,0,0,0,0,0,0,2015,1,1,0,0,0,1,0,1,0,0,0,0,0,0,0,1,0,0,0,0,1,0,0,6,0.261,Intermediate,0
ISO-01139,Human,Human,🧑,Enterococcus faecium,Positive,Enterococcaceae,1,Moderate,2,Long-term care,Brazil,Male,47,0,1,0,0,0,0,2024,1,0,1,1,1,1,1,1,1,0,1,0,0,1,1,1,0,1,0,0,1,0,0,14,0.609,MDR,1
ISO-01140,Feline,Companion,🐈,Pseudomonas aeruginosa,Negative,Pseudomonadaceae,0,Low,1,Veterinary clinic,Portugal,Female,0,0,0,0,0,0,0,2017,1,1,1,1,1,1,0,1,0,1,1,0,0,0,0,0,1,1,1,1,0,1,1,15,0.652,MDR,1
ISO-01141,Bovine,Livestock,🐄,Campylobacter jejuni,Negative,Campylobacteraceae,1,Very High,4,Veterinary clinic,South Africa,Female,3,0,0,0,0,0,0,2016,0,1,1,0,0,0,1,1,0,0,0,0,0,0,1,0,0,0,0,0,0,0,0,5,0.217,Intermediate,0
ISO-01142,Wild Bird,Wildlife,🦅,Escherichia coli,Negative,Enterobacteriaceae,1,High,3,Research station,United Kingdom,Unknown,1,0,0,0,0,0,0,2023,1,0,0,1,0,0,0,1,0,0,0,0,0,0,1,0,0,0,0,0,0,0,0,4,0.174,Intermediate,0
ISO-01143,Wild Boar,Wildlife,🐗,Clostridioides difficile,Positive,Clostridiaceae,1,Moderate,2,Nature reserve,India,Female,1,0,0,0,0,0,0,2018,1,1,0,1,1,0,1,1,0,1,0,1,1,0,0,1,0,0,1,0,0,0,0,11,0.478,Intermediate,0
ISO-01144,Wild Boar,Wildlife,🐗,Salmonella spp.,Negative,Enterobacteriaceae,1,High,3,Research station,France,Unknown,1,0,0,0,0,0,0,2015,1,0,0,0,0,1,0,0,0,0,0,1,0,0,0,0,0,0,0,0,0,0,0,3,0.13,Intermediate,0
ISO-01145,Porcine,Livestock,🐷,Enterococcus faecium,Positive,Enterococcaceae,1,Moderate,2,Veterinary clinic,Germany,Female,1,0,0,0,0,0,0,2024,0,1,1,1,1,1,1,1,1,1,1,1,1,1,0,0,1,0,1,0,1,0,0,16,0.696,MDR,1
ISO-01146,Bovine,Livestock,🐄,Enterococcus faecium,Positive,Enterococcaceae,1,Moderate,2,Beef farm,Germany,Female,3,0,0,0,0,0,0,2023,1,0,1,1,1,1,1,1,1,1,1,0,1,0,1,0,0,1,1,0,1,1,0,16,0.696,MDR,1
ISO-01147,Equine,Companion,🐎,Staphylococcus aureus,Positive,Staphylococcaceae,1,Moderate,2,Equine clinic,Poland,Male,3,0,0,0,0,0,0,2021,1,0,0,0,0,0,0,0,0,0,0,0,0,0,0,0,0,0,0,0,1,0,0,2,0.087,Intermediate,0
ISO-01148,Wild Bird,Wildlife,🦅,Campylobacter jejuni,Negative,Campylobacteraceae,1,Very High,4,Research station,Portugal,Unknown,1,0,0,0,0,0,0,2017,0,0,0,1,0,0,1,0,0,0,0,0,0,1,0,0,0,0,0,0,0,0,0,3,0.13,Intermediate,0
ISO-01149,Poultry,Livestock,🐔,Staphylococcus aureus,Positive,Staphylococcaceae,1,Moderate,2,Abattoir,United Kingdom,Female,1,0,0,0,0,0,0,2018,1,0,1,0,0,0,0,1,0,0,0,1,0,1,0,0,0,0,0,0,1,1,1,8,0.348,Intermediate,0
ISO-01150,Water,Environment,💧,Escherichia coli,Negative,Enterobacteriaceae,1,High,3,Drinking water,Germany,N/A,-1,0,0,0,0,0,0,2023,1,0,0,0,0,0,0,0,0,0,0,1,1,0,1,0,1,0,0,0,0,0,0,5,0.217,Intermediate,0
ISO-01151,Human,Human,🧑,Staphylococcus aureus,Positive,Staphylococcaceae,1,Moderate,2,Community,Spain,Male,60,0,0,0,0,0,0,2016,1,0,0,0,0,1,0,0,0,0,0,0,1,1,0,0,0,0,0,0,1,0,0,5,0.217,Intermediate,0
ISO-01152,Water,Environment,💧,Pseudomonas aeruginosa,Negative,Pseudomonadaceae,0,Low,1,River,India,N/A,-1,0,0,0,0,0,0,2021,1,1,0,1,1,1,0,0,0,0,1,0,0,1,0,0,1,1,1,1,0,1,1,13,0.565,MDR,1
ISO-01153,Human,Human,🧑,Pasteurella multocida,Negative,Pasteurellaceae,1,Moderate,2,Long-term care,South Africa,Female,39,1,0,0,0,0,0,2018,1,0,0,0,1,0,1,1,0,0,0,1,0,1,0,0,0,0,1,0,0,0,0,7,0.304,Intermediate,0
ISO-01154,Human,Human,🧑,Salmonella spp.,Negative,Enterobacteriaceae,1,High,3,Community,Germany,Male,52,0,0,0,0,0,0,2017,0,0,1,0,1,0,0,0,0,0,0,1,0,0,0,0,0,0,1,0,0,0,0,4,0.174,Intermediate,0
ISO-01155,Poultry,Livestock,🐔,Staphylococcus aureus,Positive,Staphylococcaceae,1,Moderate,2,Broiler farm,India,Unknown,3,0,0,0,0,0,0,2024,1,0,0,0,0,1,0,1,0,1,0,0,0,0,1,0,0,1,0,0,1,0,0,7,0.304,Intermediate,0
ISO-01156,Human,Human,🧑,Staphylococcus aureus,Positive,Staphylococcaceae,1,Moderate,2,Long-term care,United Kingdom,Male,60,0,0,0,0,0,0,2015,1,0,1,0,0,0,0,0,1,0,0,0,0,0,0,0,0,0,0,0,1,0,0,4,0.174,Intermediate,0
ISO-01157,Human,Human,🧑,Enterococcus faecalis,Positive,Enterococcaceae,1,Low,1,Community,Germany,Female,46,0,0,0,0,0,0,2020,0,0,0,1,1,1,1,0,0,0,0,0,0,0,1,0,0,0,1,0,1,0,0,7,0.304,Intermediate,0
ISO-01158,Human,Human,🧑,Staphylococcus aureus,Positive,Staphylococcaceae,1,Moderate,2,Community,USA,Female,40,1,0,0,0,0,0,2017,1,1,0,0,0,0,1,1,0,0,0,0,1,1,0,0,0,0,0,0,1,0,0,7,0.304,Intermediate,0
ISO-01159,Porcine,Livestock,🐷,Salmonella spp.,Negative,Enterobacteriaceae,1,High,3,Pig farm,USA,Unknown,0,1,0,0,0,0,0,2018,0,1,0,0,1,0,1,1,0,0,1,1,0,0,0,0,0,0,1,0,0,0,0,7,0.304,Intermediate,0
ISO-01160,Wild Bird,Wildlife,🦅,Escherichia coli,Negative,Enterobacteriaceae,1,High,3,Wildlife rescue,Germany,Unknown,8,0,0,0,0,0,0,2024,1,0,0,0,1,0,0,0,0,0,0,1,0,0,1,0,0,0,0,0,0,1,0,5,0.217,Intermediate,0
ISO-01161,Human,Human,🧑,Pseudomonas aeruginosa,Negative,Pseudomonadaceae,0,Low,1,Community,India,Male,54,0,0,0,0,0,0,2017,1,1,0,1,1,1,0,0,0,0,1,1,0,0,0,0,1,1,1,0,0,1,1,12,0.522,MDR,1
ISO-01162,Canine,Companion,🐕,Escherichia coli,Negative,Enterobacteriaceae,1,High,3,Veterinary clinic,India,Male,5,0,0,0,0,0,0,2016,0,1,0,1,0,1,0,0,0,0,0,0,0,0,0,0,0,0,0,0,0,0,0,3,0.13,Intermediate,0
ISO-01163,Wild Boar,Wildlife,🐗,Escherichia coli,Negative,Enterobacteriaceae,1,High,3,Research station,United Kingdom,Female,1,0,0,0,0,0,0,2022,1,1,0,0,1,0,0,0,0,0,0,0,0,0,1,1,0,0,1,0,0,0,0,6,0.261,Intermediate,0
ISO-01164,Human,Human,🧑,Staphylococcus pseudintermedius,Positive,Staphylococcaceae,1,Low,1,Long-term care,Brazil,Male,57,0,0,0,0,0,0,2016,1,0,0,1,0,1,1,0,1,0,0,0,0,0,1,0,0,0,0,0,1,1,0,8,0.348,Intermediate,0
ISO-01165,Human,Human,🧑,Enterococcus faecalis,Positive,Enterococcaceae,1,Low,1,Community,United Kingdom,Female,30,1,0,0,0,0,0,2023,0,0,0,1,1,1,1,1,1,0,1,0,0,0,0,0,0,0,0,0,1,0,0,8,0.348,Intermediate,0
ISO-01166,Water,Environment,💧,Pseudomonas aeruginosa,Negative,Pseudomonadaceae,0,Low,1,Drinking water,Brazil,N/A,-1,0,0,0,0,0,0,2024,1,1,0,1,1,1,0,0,0,0,1,0,1,1,0,0,1,1,1,1,1,1,1,15,0.652,MDR,1
ISO-01167,Wild Boar,Wildlife,🐗,Escherichia coli,Negative,Enterobacteriaceae,1,High,3,Research station,United Kingdom,Unknown,0,0,0,1,0,0,0,2022,0,1,0,1,1,1,1,1,0,0,0,0,0,0,0,0,0,0,1,0,0,1,0,8,0.348,Intermediate,0
ISO-01168,Poultry,Livestock,🐔,Enterococcus faecalis,Positive,Enterococcaceae,1,Low,1,Broiler farm,France,Female,0,0,0,0,0,0,0,2020,0,1,0,1,1,1,1,1,1,0,1,0,0,0,0,0,0,0,1,0,1,0,1,11,0.478,Intermediate,0
ISO-01169,Wild Bird,Wildlife,🦅,Campylobacter jejuni,Negative,Campylobacteraceae,1,Very High,4,Research station,USA,Unknown,1,1,0,0,0,0,0,2020,1,0,0,1,0,1,1,1,0,0,1,0,1,1,1,0,0,0,1,0,0,1,0,11,0.478,Intermediate,0
ISO-01170,Human,Human,🧑,Clostridioides difficile,Positive,Clostridiaceae,1,Moderate,2,Hospital,Brazil,Female,89,1,0,0,0,0,0,2024,1,1,0,1,1,1,1,1,1,0,0,0,1,0,0,0,0,0,0,0,1,0,0,10,0.435,Intermediate,0
ISO-01171,Porcine,Livestock,🐷,Clostridioides difficile,Positive,Clostridiaceae,1,Moderate,2,Abattoir,USA,Male,3,1,0,0,0,0,0,2022,1,1,0,1,1,1,1,1,0,1,0,1,0,1,0,0,0,0,0,0,1,1,0,12,0.522,MDR,1
ISO-01172,Equine,Companion,🐎,Pseudomonas aeruginosa,Negative,Pseudomonadaceae,0,Low,1,Farm,United Kingdom,Male,1,0,0,0,0,0,0,2022,1,1,1,1,1,1,0,0,0,0,1,1,0,0,0,0,1,1,1,1,1,1,1,15,0.652,MDR,1
ISO-01173,Human,Human,🧑,Pasteurella multocida,Negative,Pasteurellaceae,1,Moderate,2,Community,Netherlands,Male,69,1,0,0,0,0,0,2022,1,0,0,1,0,0,0,0,0,0,0,0,0,1,0,0,0,0,0,0,1,0,0,4,0.174,Intermediate,0
ISO-01174,Equine,Companion,🐎,Escherichia coli,Negative,Enterobacteriaceae,1,High,3,Farm,Spain,Male,5,0,0,0,0,0,0,2017,1,0,0,0,0,0,0,0,0,0,0,0,0,1,1,0,0,0,0,0,0,1,0,4,0.174,Intermediate,0
ISO-01175,Poultry,Livestock,🐔,Campylobacter jejuni,Negative,Campylobacteraceae,1,Very High,4,Broiler farm,India,Unknown,0,0,0,0,0,0,0,2015,1,0,0,1,1,0,0,1,0,0,0,1,0,0,0,0,0,0,1,0,0,0,0,6,0.261,Intermediate,0
ISO-01176,Equine,Companion,🐎,Mannheimia haemolytica,Negative,Pasteurellaceae,0,Negligible,0,Farm,France,Female,2,0,0,0,0,0,0,2018,0,0,0,0,0,0,0,0,0,0,0,0,0,0,0,0,0,0,1,0,0,0,0,1,0.043,Intermediate,0
ISO-01177,Porcine,Livestock,🐷,Clostridioides difficile,Positive,Clostridiaceae,1,Moderate,2,Abattoir,Spain,Female,1,0,0,0,0,0,0,2023,1,0,0,1,1,1,1,1,0,1,1,1,0,0,0,0,0,0,1,0,0,0,0,10,0.435,Intermediate,0
ISO-01178,Bovine,Livestock,🐄,Staphylococcus aureus,Positive,Staphylococcaceae,1,Moderate,2,Veterinary clinic,USA,Unknown,2,0,0,0,0,0,0,2017,1,0,0,0,0,0,1,1,0,0,0,1,0,0,0,0,0,0,0,0,1,0,0,5,0.217,Intermediate,0
ISO-01179,Human,Human,🧑,Enterobacter cloacae,Negative,Enterobacteriaceae,0,Low,1,Community,India,Female,46,0,0,0,0,0,0,2021,1,1,1,1,1,0,1,0,0,0,0,0,0,1,1,0,0,0,0,0,0,0,0,8,0.348,Intermediate,0
ISO-01180,Human,Human,🧑,Campylobacter jejuni,Negative,Campylobacteraceae,1,Very High,4,Hospital,Germany,Female,56,0,0,0,0,0,0,2023,0,0,0,0,1,0,0,1,0,0,0,0,1,0,0,0,0,0,1,0,0,0,0,4,0.174,Intermediate,0
ISO-01181,Equine,Companion,🐎,Klebsiella pneumoniae,Negative,Enterobacteriaceae,1,Moderate,2,Farm,South Africa,Male,2,0,0,0,0,0,0,2018,1,0,0,1,1,0,0,1,0,0,0,1,0,1,0,0,0,0,0,1,0,0,0,7,0.304,Intermediate,0
ISO-01182,Human,Human,🧑,Klebsiella pneumoniae,Negative,Enterobacteriaceae,1,Moderate,2,Long-term care,Netherlands,Male,59,1,1,0,0,0,0,2020,1,0,0,1,1,0,0,0,1,0,1,0,0,1,0,0,0,1,0,0,1,1,0,9,0.391,Intermediate,0
ISO-01183,Human,Human,🧑,Enterobacter cloacae,Negative,Enterobacteriaceae,0,Low,1,Community,India,Male,53,1,0,1,0,0,0,2023,1,0,1,1,1,1,1,1,0,0,0,1,0,1,0,0,0,0,0,0,0,1,0,10,0.435,Intermediate,0
ISO-01184,Human,Human,🧑,Staphylococcus pseudintermedius,Positive,Staphylococcaceae,1,Low,1,Long-term care,France,Female,33,0,1,0,0,0,0,2015,1,0,0,0,0,0,1,0,0,0,0,1,0,0,0,0,0,0,1,0,1,0,0,5,0.217,Intermediate,0
ISO-01185,Human,Human,🧑,Staphylococcus pseudintermedius,Positive,Staphylococcaceae,1,Low,1,Long-term care,Poland,Female,40,1,0,0,0,0,0,2023,1,0,1,1,1,0,0,0,1,1,0,1,0,0,0,0,0,1,0,0,1,1,0,10,0.435,Intermediate,0
ISO-01186,Wild Boar,Wildlife,🐗,Clostridioides difficile,Positive,Clostridiaceae,1,Moderate,2,Nature reserve,Brazil,Female,1,1,0,0,0,0,0,2023,1,1,1,1,1,1,1,1,1,1,1,1,1,0,0,1,0,0,1,0,0,0,0,15,0.652,MDR,1
ISO-01187,Porcine,Livestock,🐷,Enterococcus faecalis,Positive,Enterococcaceae,1,Low,1,Veterinary clinic,USA,Female,0,1,0,0,0,0,0,2022,1,1,0,1,1,1,1,1,0,0,1,0,1,1,1,0,0,0,1,0,1,1,1,15,0.652,MDR,1
ISO-01188,Food,Environment,🥩,Campylobacter jejuni,Negative,Campylobacteraceae,1,Very High,4,Slaughterhouse,Germany,N/A,-1,0,0,0,0,0,0,2016,0,0,0,0,1,0,1,1,0,1,0,1,0,0,0,0,0,0,1,0,0,1,1,8,0.348,Intermediate,0
ISO-01189,Human,Human,🧑,Campylobacter jejuni,Negative,Campylobacteraceae,1,Very High,4,Community,Portugal,Male,55,0,0,0,0,0,0,2020,1,1,0,1,0,0,0,0,0,0,0,0,0,0,0,0,0,0,1,0,0,0,0,4,0.174,Intermediate,0
ISO-01190,Canine,Companion,🐕,Pasteurella multocida,Negative,Pasteurellaceae,1,Moderate,2,Home,Spain,Male,4,0,0,0,0,0,0,2021,0,0,0,1,0,1,0,0,0,0,0,0,0,0,0,0,0,0,0,0,0,0,0,2,0.087,Intermediate,0
ISO-01191,Porcine,Livestock,🐷,Enterococcus faecalis,Positive,Enterococcaceae,1,Low,1,Pig farm,Brazil,Unknown,1,1,0,0,0,0,0,2019,0,0,0,1,1,1,1,1,1,0,1,0,1,0,0,1,0,0,1,0,1,1,0,12,0.522,MDR,1
ISO-01192,Porcine,Livestock,🐷,Pasteurella multocida,Negative,Pasteurellaceae,1,Moderate,2,Veterinary clinic,USA,Male,0,1,0,0,0,0,0,2019,0,0,0,0,0,0,0,0,0,0,0,0,0,0,1,0,0,1,0,0,1,1,0,4,0.174,Intermediate,0
ISO-01193,Water,Environment,💧,Escherichia coli,Negative,Enterobacteriaceae,1,High,3,River,India,N/A,-1,0,0,1,0,0,0,2022,0,0,0,1,1,1,1,1,0,0,0,1,1,0,0,0,0,0,0,0,0,1,0,8,0.348,Intermediate,0
ISO-01194,Food,Environment,🥩,Salmonella spp.,Negative,Enterobacteriaceae,1,High,3,Retail,India,N/A,-1,0,0,0,0,0,0,2017,1,0,0,0,0,1,0,0,0,0,0,0,0,0,0,0,0,0,1,0,0,1,0,4,0.174,Intermediate,0
ISO-01195,Water,Environment,💧,Escherichia coli,Negative,Enterobacteriaceae,1,High,3,Wastewater treatment,Netherlands,N/A,-1,0,0,0,0,0,0,2015,0,0,0,0,1,0,0,0,0,1,0,0,1,1,0,0,0,0,1,1,0,1,0,7,0.304,Intermediate,0
ISO-01196,Human,Human,🧑,Enterobacter cloacae,Negative,Enterobacteriaceae,0,Low,1,Long-term care,Spain,Female,35,0,0,0,0,0,0,2016,1,0,1,1,1,1,1,0,0,0,0,0,0,1,0,1,0,0,1,0,0,0,0,9,0.391,Intermediate,0
ISO-01197,Human,Human,🧑,Staphylococcus aureus,Positive,Staphylococcaceae,1,Moderate,2,Community,India,Female,42,0,0,0,0,0,0,2024,0,0,0,0,0,0,0,0,0,0,0,1,0,0,0,0,0,0,0,0,1,0,0,2,0.087,Intermediate,0
ISO-01198,Canine,Companion,🐕,Pseudomonas aeruginosa,Negative,Pseudomonadaceae,0,Low,1,Home,Poland,Male,5,0,0,0,0,0,0,2023,1,1,0,1,1,1,0,0,1,0,1,0,0,0,1,1,1,1,1,1,0,1,1,15,0.652,MDR,1
ISO-01199,Bovine,Livestock,🐄,Escherichia coli,Negative,Enterobacteriaceae,1,High,3,Veterinary clinic,Spain,Unknown,3,0,0,0,0,0,0,2017,0,1,0,0,0,0,0,0,0,0,0,0,1,0,0,0,0,0,0,0,0,0,0,2,0.087,Intermediate,0
ISO-01200,Equine,Companion,🐎,Staphylococcus aureus,Positive,Staphylococcaceae,1,Moderate,2,Equine clinic,Netherlands,Female,1,0,0,0,0,0,0,2017,1,0,1,0,0,0,0,0,0,0,0,1,0,0,0,0,0,0,0,0,1,0,0,4,0.174,Intermediate,0
ISO-01201,Poultry,Livestock,🐔,Enterococcus faecium,Positive,Enterococcaceae,1,Moderate,2,Broiler farm,France,Unknown,0,1,0,0,0,0,0,2020,1,1,1,1,1,1,1,1,1,1,1,0,1,0,1,0,1,1,1,0,1,1,0,18,0.783,MDR,1
ISO-01202,Poultry,Livestock,🐔,Campylobacter jejuni,Negative,Campylobacteraceae,1,Very High,4,Layer farm,France,Male,0,1,0,0,0,0,0,2017,1,1,1,1,1,1,1,1,0,0,0,0,0,0,0,0,0,0,1,0,1,1,1,12,0.522,MDR,1
ISO-01203,Wild Boar,Wildlife,🐗,Escherichia coli,Negative,Enterobacteriaceae,1,High,3,Nature reserve,Netherlands,Male,4,1,1,0,0,0,0,2019,1,1,1,1,1,0,1,0,0,0,0,1,0,1,1,0,0,0,1,0,0,0,0,10,0.435,Intermediate,0
ISO-01204,Feline,Companion,🐈,Staphylococcus aureus,Positive,Staphylococcaceae,1,Moderate,2,Home,Poland,Female,0,0,0,0,0,0,0,2020,1,1,0,0,0,0,0,0,0,0,0,0,1,0,0,0,0,1,0,0,1,0,0,5,0.217,Intermediate,0
ISO-01205,Human,Human,🧑,Escherichia coli,Negative,Enterobacteriaceae,1,High,3,Hospital,Netherlands,Male,84,0,0,0,0,0,0,2016,0,1,0,0,1,0,1,0,0,0,0,1,1,0,0,0,0,0,0,0,0,0,0,5,0.217,Intermediate,0
ISO-01206,Human,Human,🧑,Pasteurella multocida,Negative,Pasteurellaceae,1,Moderate,2,Hospital,Italy,Female,31,0,0,0,0,0,0,2017,0,0,0,0,0,0,0,0,0,0,0,0,0,0,0,0,0,0,0,0,0,0,0,0,0.0,Susceptible,0
ISO-01207,Canine,Companion,🐕,Acinetobacter baumannii,Negative,Moraxellaceae,0,Low,1,Home,India,Male,1,0,0,0,0,0,0,2015,1,1,0,1,1,1,1,0,1,0,0,1,1,1,1,1,1,1,1,1,0,1,1,18,0.783,MDR,1
ISO-01208,Poultry,Livestock,🐔,Escherichia coli,Negative,Enterobacteriaceae,1,High,3,Broiler farm,Germany,Male,0,1,0,0,0,0,0,2015,1,1,0,0,1,0,0,0,0,1,0,0,0,0,1,0,0,0,0,0,0,0,1,6,0.261,Intermediate,0
ISO-01209,Human,Human,🧑,Staphylococcus pseudintermedius,Positive,Staphylococcaceae,1,Low,1,Long-term care,Brazil,Female,30,0,1,0,0,0,0,2017,1,0,0,0,0,0,0,0,0,1,0,0,1,0,0,1,0,0,0,0,1,1,0,6,0.261,Intermediate,0
ISO-01210,Porcine,Livestock,🐷,Clostridioides difficile,Positive,Clostridiaceae,1,Moderate,2,Pig farm,Brazil,Unknown,0,1,0,0,0,0,0,2021,1,1,1,1,1,1,1,1,0,0,0,1,1,0,1,0,1,0,1,0,0,1,0,14,0.609,MDR,1
ISO-01211,Equine,Companion,🐎,Pseudomonas aeruginosa,Negative,Pseudomonadaceae,0,Low,1,Farm,Portugal,Female,0,0,0,0,0,0,0,2015,1,1,0,1,1,0,0,1,1,0,1,1,0,0,0,0,1,1,1,1,0,1,1,14,0.609,MDR,1
ISO-01212,Wild Boar,Wildlife,🐗,Escherichia coli,Negative,Enterobacteriaceae,1,High,3,Hunting area,India,Male,1,0,0,0,0,0,0,2020,1,0,0,0,0,0,0,0,0,0,0,0,0,0,0,0,0,0,0,0,0,1,0,2,0.087,Intermediate,0
ISO-01213,Poultry,Livestock,🐔,Salmonella spp.,Negative,Enterobacteriaceae,1,High,3,Broiler farm,Italy,Female,2,0,1,1,0,0,0,2023,0,1,0,1,1,1,1,1,0,0,0,0,1,1,1,0,0,0,1,0,1,0,0,11,0.478,Intermediate,0
ISO-01214,Porcine,Livestock,🐷,Staphylococcus aureus,Positive,Staphylococcaceae,1,Moderate,2,Abattoir,India,Female,1,1,0,0,0,0,0,2021,1,0,0,0,1,0,0,0,1,0,0,1,0,1,1,0,1,0,0,0,1,0,0,8,0.348,Intermediate,0
ISO-01215,Human,Human,🧑,Pseudomonas aeruginosa,Negative,Pseudomonadaceae,0,Low,1,Hospital,Poland,Male,57,0,0,0,0,0,0,2017,1,1,0,1,1,1,1,0,0,0,1,1,0,0,0,0,1,1,1,1,0,1,1,14,0.609,MDR,1
ISO-01216,Poultry,Livestock,🐔,Staphylococcus aureus,Positive,Staphylococcaceae,1,Moderate,2,Broiler farm,USA,Male,2,1,0,0,0,0,0,2020,1,0,1,0,0,1,0,1,0,0,0,1,0,0,0,0,0,1,0,0,1,1,0,8,0.348,Intermediate,0
ISO-01217,Bovine,Livestock,🐄,Staphylococcus aureus,Positive,Staphylococcaceae,1,Moderate,2,Dairy farm,Portugal,Male,8,1,0,0,0,0,0,2017,1,1,0,0,1,1,0,0,1,0,1,0,0,1,0,0,0,1,1,0,1,0,0,10,0.435,Intermediate,0
ISO-01218,Poultry,Livestock,🐔,Campylobacter jejuni,Negative,Campylobacteraceae,1,Very High,4,Broiler farm,Germany,Unknown,1,1,1,0,0,0,0,2019,0,1,0,1,1,0,1,1,1,1,0,1,1,1,1,0,0,1,0,0,0,1,1,14,0.609,MDR,1
ISO-01219,Feline,Companion,🐈,Klebsiella pneumoniae,Negative,Enterobacteriaceae,1,Moderate,2,Animal shelter,USA,Female,0,0,0,0,0,0,0,2018,1,1,0,0,1,1,1,0,0,0,0,0,0,0,0,0,0,0,1,0,0,1,0,7,0.304,Intermediate,0
ISO-01220,Human,Human,🧑,Enterococcus faecium,Positive,Enterococcaceae,1,Moderate,2,Community,Spain,Male,54,1,1,0,0,0,0,2024,1,1,1,1,1,1,1,1,1,1,1,1,1,0,0,1,0,0,0,0,1,0,0,15,0.652,MDR,1
ISO-01221,Human,Human,🧑,Escherichia coli,Negative,Enterobacteriaceae,1,High,3,Community,Italy,Male,48,0,0,0,0,0,0,2020,1,0,0,0,0,0,1,0,0,0,0,0,0,0,0,0,0,0,1,0,0,1,0,4,0.174,Intermediate,0
ISO-01222,Human,Human,🧑,Acinetobacter baumannii,Negative,Moraxellaceae,0,Low,1,Community,Spain,Male,67,0,0,0,0,0,0,2024,1,1,0,1,1,1,1,0,0,1,1,0,1,0,1,0,1,1,1,0,0,0,1,14,0.609,MDR,1
ISO-01223,Water,Environment,💧,Salmonella spp.,Negative,Enterobacteriaceae,1,High,3,Wastewater treatment,Netherlands,N/A,-1,1,0,0,0,0,0,2019,0,0,1,0,0,0,0,0,0,0,0,0,0,0,0,1,0,0,0,0,0,1,0,3,0.13,Intermediate,0
ISO-01224,Canine,Companion,🐕,Pseudomonas aeruginosa,Negative,Pseudomonadaceae,0,Low,1,Home,Poland,Female,3,0,0,0,0,0,0,2016,1,1,0,1,0,1,0,0,1,0,1,0,0,0,0,0,1,1,1,1,0,1,1,12,0.522,MDR,1
ISO-01225,Human,Human,🧑,Enterococcus faecalis,Positive,Enterococcaceae,1,Low,1,Community,USA,Male,43,0,0,0,0,0,0,2016,0,0,0,1,1,1,1,0,0,1,0,0,1,0,0,1,0,0,0,0,1,0,0,8,0.348,Intermediate,0
ISO-01226,Water,Environment,💧,Escherichia coli,Negative,Enterobacteriaceae,1,High,3,River,Spain,N/A,-1,1,0,0,0,0,0,2021,0,1,0,1,1,0,0,0,0,0,0,0,1,0,0,0,0,0,0,0,0,1,1,6,0.261,Intermediate,0
ISO-01227,Porcine,Livestock,🐷,Pasteurella multocida,Negative,Pasteurellaceae,1,Moderate,2,Veterinary clinic,Spain,Male,1,0,0,0,0,0,0,2020,1,0,1,1,0,0,0,0,0,0,0,1,0,0,1,1,0,0,0,0,0,0,0,6,0.261,Intermediate,0
ISO-01228,Porcine,Livestock,🐷,Enterococcus faecium,Positive,Enterococcaceae,1,Moderate,2,Abattoir,Poland,Female,0,1,0,0,0,0,1,2023,1,1,1,1,1,1,1,1,1,1,1,1,1,0,1,1,1,1,1,0,1,0,0,19,0.826,MDR,1
ISO-01229,Soil,Environment,🌱,Enterobacter cloacae,Negative,Enterobacteriaceae,0,Low,1,Agricultural field,Portugal,N/A,-1,0,0,0,0,0,0,2021,1,0,1,1,1,0,0,0,0,1,1,1,0,1,1,0,0,0,1,0,0,1,0,11,0.478,Intermediate,0
ISO-01230,Human,Human,🧑,Salmonella spp.,Negative,Enterobacteriaceae,1,High,3,Community,Germany,Male,57,0,1,0,0,0,0,2021,1,0,1,0,0,0,0,0,0,0,0,1,1,0,0,0,1,0,1,0,0,1,0,7,0.304,Intermediate,0
ISO-01231,Human,Human,🧑,Staphylococcus pseudintermedius,Positive,Staphylococcaceae,1,Low,1,Community,Netherlands,Male,46,0,0,0,0,0,0,2023,1,0,0,0,0,1,1,1,0,1,0,0,0,0,1,0,0,0,0,0,1,0,0,7,0.304,Intermediate,0
ISO-01232,Canine,Companion,🐕,Campylobacter jejuni,Negative,Campylobacteraceae,1,Very High,4,Veterinary clinic,Germany,Male,1,0,1,0,0,0,0,2015,1,1,0,1,1,0,1,1,0,0,0,0,0,0,0,0,0,0,1,0,0,0,0,7,0.304,Intermediate,0
ISO-01233,Human,Human,🧑,Pasteurella multocida,Negative,Pasteurellaceae,1,Moderate,2,Hospital,Netherlands,Male,83,0,1,0,0,0,0,2022,0,0,0,1,0,1,0,0,0,0,0,1,0,0,0,0,0,0,0,0,0,1,0,4,0.174,Intermediate,0
ISO-01234,Feline,Companion,🐈,Staphylococcus pseudintermedius,Positive,Staphylococcaceae,1,Low,1,Home,USA,Male,12,0,0,0,0,0,0,2023,1,0,1,0,1,0,0,0,0,0,0,1,0,0,0,0,0,0,1,0,1,0,0,6,0.261,Intermediate,0
ISO-01235,Human,Human,🧑,Salmonella spp.,Negative,Enterobacteriaceae,1,High,3,Community,Germany,Male,61,0,0,0,0,0,0,2018,1,0,1,0,1,0,0,1,0,0,0,0,0,1,0,0,0,0,1,0,0,1,0,7,0.304,Intermediate,0
ISO-01236,Human,Human,🧑,Pasteurella multocida,Negative,Pasteurellaceae,1,Moderate,2,Long-term care,Portugal,Male,73,1,1,0,0,0,0,2022,0,1,0,0,0,0,0,0,0,1,1,0,1,1,0,0,0,1,1,0,0,0,0,7,0.304,Intermediate,0
ISO-01237,Human,Human,🧑,Clostridioides difficile,Positive,Clostridiaceae,1,Moderate,2,Hospital,Spain,Male,98,0,0,0,0,0,0,2015,1,1,1,1,1,1,1,0,0,0,0,1,1,1,1,0,0,0,0,0,0,0,0,11,0.478,Intermediate,0
ISO-01238,Porcine,Livestock,🐷,Salmonella spp.,Negative,Enterobacteriaceae,1,High,3,Pig farm,France,Female,4,1,0,0,0,0,0,2018,0,1,0,1,0,0,0,1,0,0,0,1,1,0,0,1,1,0,0,0,0,1,0,8,0.348,Intermediate,0
ISO-01239,Human,Human,🧑,Acinetobacter baumannii,Negative,Moraxellaceae,0,Low,1,Long-term care,USA,Female,48,1,0,0,0,0,0,2024,1,1,1,1,1,1,0,1,0,0,0,0,0,1,0,0,1,1,1,0,0,1,1,13,0.565,MDR,1
ISO-01240,Human,Human,🧑,Klebsiella pneumoniae,Negative,Enterobacteriaceae,1,Moderate,2,Long-term care,Brazil,Male,66,1,0,0,0,0,0,2021,1,0,1,0,1,1,0,0,0,0,0,0,0,0,1,1,0,0,0,1,0,0,0,7,0.304,Intermediate,0
ISO-01241,Water,Environment,💧,Enterobacter cloacae,Negative,Enterobacteriaceae,0,Low,1,Wastewater treatment,United Kingdom,N/A,-1,0,0,0,0,0,0,2022,1,1,1,1,1,1,0,0,0,0,0,1,1,0,0,0,0,0,1,0,0,0,0,9,0.391,Intermediate,0
ISO-01242,Bovine,Livestock,🐄,Staphylococcus aureus,Positive,Staphylococcaceae,1,Moderate,2,Dairy farm,Italy,Female,6,0,0,0,0,0,0,2024,1,0,0,1,0,1,0,1,0,0,0,1,1,0,1,0,0,0,0,0,1,0,0,8,0.348,Intermediate,0
ISO-01243,Bovine,Livestock,🐄,Salmonella spp.,Negative,Enterobacteriaceae,1,High,3,Beef farm,Germany,Unknown,1,0,0,0,0,0,0,2020,0,1,0,1,0,0,0,0,0,0,0,1,0,1,0,0,0,0,0,0,0,1,0,5,0.217,Intermediate,0
ISO-01244,Human,Human,🧑,Escherichia coli,Negative,Enterobacteriaceae,1,High,3,Long-term care,USA,Female,57,1,0,0,0,0,0,2024,1,0,0,0,0,1,0,0,0,0,0,1,1,1,0,0,0,0,1,1,1,1,0,9,0.391,Intermediate,0
ISO-01245,Bovine,Livestock,🐄,Enterococcus faecalis,Positive,Enterococcaceae,1,Low,1,Veterinary clinic,Portugal,Unknown,0,1,0,0,0,0,0,2015,0,0,0,1,1,1,1,1,1,1,1,0,0,1,1,0,0,0,1,1,1,1,0,14,0.609,MDR,1
ISO-01246,Human,Human,🧑,Enterobacter cloacae,Negative,Enterobacteriaceae,0,Low,1,Long-term care,Spain,Male,75,1,0,1,0,0,0,2019,1,1,0,1,1,1,1,1,0,0,1,0,0,1,0,0,0,0,1,0,0,0,0,10,0.435,Intermediate,0
ISO-01247,Canine,Companion,🐕,Campylobacter jejuni,Negative,Campylobacteraceae,1,Very High,4,Animal shelter,Germany,Male,10,1,0,0,0,0,0,2017,0,0,0,1,0,1,1,1,0,0,0,0,0,0,0,0,0,0,1,0,0,0,0,5,0.217,Intermediate,0
ISO-01248,Human,Human,🧑,Campylobacter jejuni,Negative,Campylobacteraceae,1,Very High,4,Community,Netherlands,Male,44,1,0,0,0,0,0,2021,0,0,1,1,1,0,1,1,1,0,0,0,1,0,0,0,1,0,0,0,0,1,0,9,0.391,Intermediate,0
ISO-01249,Water,Environment,💧,Salmonella spp.,Negative,Enterobacteriaceae,1,High,3,Wastewater treatment,Poland,N/A,-1,0,0,0,0,0,0,2021,1,1,0,0,0,0,0,0,0,0,0,0,0,0,0,0,0,0,1,0,0,0,0,3,0.13,Intermediate,0
ISO-01250,Soil,Environment,🌱,Acinetobacter baumannii,Negative,Moraxellaceae,0,Low,1,Urban soil,South Africa,N/A,-1,0,0,0,0,0,0,2022,1,1,0,1,1,1,1,0,1,0,1,1,1,1,1,0,1,1,1,0,0,0,1,16,0.696,MDR,1
ISO-01251,Human,Human,🧑,Enterobacter cloacae,Negative,Enterobacteriaceae,0,Low,1,Long-term care,South Africa,Female,52,1,0,1,0,0,0,2015,1,1,0,1,1,1,1,1,1,0,0,0,0,0,0,1,0,0,1,0,0,0,0,10,0.435,Intermediate,0
ISO-01252,Human,Human,🧑,Staphylococcus pseudintermedius,Positive,Staphylococcaceae,1,Low,1,Long-term care,United Kingdom,Male,55,0,0,0,0,0,0,2022,0,0,0,0,1,0,0,0,0,0,0,0,0,0,0,0,0,0,0,0,1,1,0,3,0.13,Intermediate,0
ISO-01253,Human,Human,🧑,Enterobacter cloacae,Negative,Enterobacteriaceae,0,Low,1,Long-term care,India,Female,38,0,0,0,0,0,0,2016,1,1,1,1,1,1,0,0,0,0,0,0,0,0,0,0,0,0,1,0,0,1,0,8,0.348,Intermediate,0
ISO-01254,Canine,Companion,🐕,Staphylococcus aureus,Positive,Staphylococcaceae,1,Moderate,2,Veterinary clinic,Poland,Female,1,0,0,0,0,0,0,2019,0,0,0,0,0,0,0,1,0,0,0,0,0,1,0,0,0,0,1,0,1,0,0,4,0.174,Intermediate,0
ISO-01255,Human,Human,🧑,Pseudomonas aeruginosa,Negative,Pseudomonadaceae,0,Low,1,Long-term care,India,Female,75,0,1,0,0,0,0,2016,1,1,1,1,1,1,1,0,0,0,1,1,1,1,1,0,1,1,1,1,0,1,1,18,0.783,MDR,1
ISO-01256,Wild Boar,Wildlife,🐗,Clostridioides difficile,Positive,Clostridiaceae,1,Moderate,2,Nature reserve,Poland,Unknown,3,1,0,0,0,0,0,2022,1,1,1,1,1,1,1,1,0,0,0,1,1,1,0,0,0,0,0,0,0,1,0,12,0.522,MDR,1
ISO-01257,Equine,Companion,🐎,Mannheimia haemolytica,Negative,Pasteurellaceae,0,Negligible,0,Farm,United Kingdom,Female,0,1,0,0,0,0,0,2024,0,0,0,1,0,1,0,0,0,1,1,0,0,1,0,0,0,0,0,0,1,1,0,7,0.304,Intermediate,0
ISO-01258,Wild Bird,Wildlife,🦅,Campylobacter jejuni,Negative,Campylobacteraceae,1,Very High,4,Research station,Germany,Unknown,0,0,0,0,0,0,0,2021,0,0,0,1,0,0,1,1,0,0,0,0,0,0,0,0,0,0,1,0,0,0,0,4,0.174,Intermediate,0
ISO-01259,Poultry,Livestock,🐔,Escherichia coli,Negative,Enterobacteriaceae,1,High,3,Broiler farm,Poland,Unknown,2,0,0,0,0,0,0,2018,0,0,1,0,1,1,0,0,0,0,0,1,0,1,1,0,0,0,1,0,0,0,0,7,0.304,Intermediate,0
ISO-01260,Food,Environment,🥩,Campylobacter jejuni,Negative,Campylobacteraceae,1,Very High,4,Retail,Spain,N/A,-1,0,0,0,0,0,0,2022,1,0,1,1,1,0,1,0,0,0,0,0,0,0,0,0,0,0,1,0,0,0,1,7,0.304,Intermediate,0
ISO-01261,Human,Human,🧑,Klebsiella pneumoniae,Negative,Enterobacteriaceae,1,Moderate,2,Community,Netherlands,Female,64,0,0,0,0,0,0,2024,1,0,0,1,0,0,0,0,0,0,0,0,0,0,0,0,0,0,1,0,0,0,0,3,0.13,Intermediate,0
ISO-01262,Porcine,Livestock,🐷,Enterococcus faecalis,Positive,Enterococcaceae,1,Low,1,Abattoir,Spain,Female,0,1,0,0,0,0,0,2020,1,0,0,1,1,1,1,1,0,1,1,0,1,1,0,0,0,0,1,0,1,1,0,13,0.565,MDR,1
ISO-01263,Bovine,Livestock,🐄,Campylobacter jejuni,Negative,Campylobacteraceae,1,Very High,4,Beef farm,South Africa,Unknown,0,1,0,0,0,0,0,2018,0,0,1,0,1,1,1,1,0,0,1,1,0,0,0,0,0,0,1,1,0,0,0,9,0.391,Intermediate,0
ISO-01264,Soil,Environment,🌱,Enterobacter cloacae,Negative,Enterobacteriaceae,0,Low,1,Forest,South Africa,N/A,-1,1,0,0,0,0,0,2015,1,1,1,1,1,0,0,1,1,1,0,0,0,0,1,0,0,0,1,0,0,0,1,11,0.478,Intermediate,0
ISO-01265,Poultry,Livestock,🐔,Enterococcus faecium,Positive,Enterococcaceae,1,Moderate,2,Layer farm,Brazil,Male,6,0,0,0,0,0,0,2024,1,1,1,0,1,1,1,1,1,1,1,1,1,1,1,0,0,1,0,1,1,0,0,17,0.739,MDR,1
ISO-01266,Wild Bird,Wildlife,🦅,Campylobacter jejuni,Negative,Campylobacteraceae,1,Very High,4,Wildlife rescue,Netherlands,Unknown,0,0,0,0,0,0,0,2022,0,0,1,1,1,0,0,1,0,0,0,1,1,0,0,0,0,0,0,0,0,0,0,6,0.261,Intermediate,0
ISO-01267,Human,Human,🧑,Enterobacter cloacae,Negative,Enterobacteriaceae,0,Low,1,Community,Brazil,Female,55,1,1,1,0,0,0,2024,1,1,0,1,1,1,1,1,1,0,0,0,0,1,1,0,0,0,1,1,0,1,0,13,0.565,MDR,1
ISO-01268,Food,Environment,🥩,Enterococcus faecium,Positive,Enterococcaceae,1,Moderate,2,Processing plant,Portugal,N/A,-1,0,0,0,0,0,0,2023,1,1,1,1,1,1,1,1,1,1,1,1,1,0,0,0,0,1,0,0,1,0,0,15,0.652,MDR,1
ISO-01269,Poultry,Livestock,🐔,Pasteurella multocida,Negative,Pasteurellaceae,1,Moderate,2,Layer farm,Spain,Unknown,0,1,0,0,0,0,0,2017,1,1,0,0,1,0,0,0,0,0,0,0,0,1,0,0,0,0,1,0,0,1,0,6,0.261,Intermediate,0
ISO-01270,Poultry,Livestock,🐔,Enterococcus faecium,Positive,Enterococcaceae,1,Moderate,2,Layer farm,USA,Female,3,1,1,0,0,0,0,2021,1,1,1,1,1,1,1,1,1,1,1,1,1,1,1,1,1,1,1,1,1,0,1,22,0.957,MDR,1
ISO-01271,Food,Environment,🥩,Escherichia coli,Negative,Enterobacteriaceae,1,High,3,Slaughterhouse,South Africa,N/A,-1,1,0,0,0,0,0,2021,1,1,0,1,0,0,0,0,0,0,0,0,0,0,0,0,0,0,0,0,0,0,0,3,0.13,Intermediate,0
ISO-01272,Porcine,Livestock,🐷,Enterococcus faecium,Positive,Enterococcaceae,1,Moderate,2,Pig farm,Poland,Male,0,1,1,0,0,0,0,2022,1,1,1,1,1,1,1,1,1,1,1,1,0,1,1,0,1,0,1,0,1,1,0,18,0.783,MDR,1
ISO-01273,Porcine,Livestock,🐷,Enterococcus faecium,Positive,Enterococcaceae,1,Moderate,2,Abattoir,Poland,Female,3,0,0,0,0,0,0,2022,1,0,0,1,1,1,1,1,1,0,1,0,0,1,1,0,1,1,1,0,1,0,0,14,0.609,MDR,1
ISO-01274,Canine,Companion,🐕,Enterococcus faecium,Positive,Enterococcaceae,1,Moderate,2,Veterinary clinic,Brazil,Male,8,0,0,0,0,0,0,2021,1,1,1,1,1,1,1,1,1,0,1,1,1,0,1,1,1,0,1,0,1,1,0,18,0.783,MDR,1
ISO-01275,Human,Human,🧑,Salmonella spp.,Negative,Enterobacteriaceae,1,High,3,Community,Italy,Female,18,0,0,0,0,0,0,2023,1,0,0,0,1,0,0,0,0,0,0,0,0,0,0,0,0,0,1,0,0,0,0,3,0.13,Intermediate,0
ISO-01276,Bovine,Livestock,🐄,Enterococcus faecalis,Positive,Enterococcaceae,1,Low,1,Beef farm,Brazil,Unknown,8,0,1,0,0,0,0,2017,0,0,0,0,1,1,1,1,0,0,1,0,0,0,0,1,1,1,1,0,1,1,0,11,0.478,Intermediate,0
ISO-01277,Human,Human,🧑,Enterococcus faecium,Positive,Enterococcaceae,1,Moderate,2,Long-term care,Brazil,Male,55,0,0,0,0,0,0,2017,1,0,1,1,1,1,1,1,1,0,1,1,1,1,1,0,1,0,0,0,1,1,0,16,0.696,MDR,1
ISO-01278,Human,Human,🧑,Clostridioides difficile,Positive,Clostridiaceae,1,Moderate,2,Long-term care,USA,Female,91,0,0,0,0,0,0,2018,0,1,0,1,0,1,1,1,0,0,0,1,1,0,0,1,0,0,0,0,0,0,0,8,0.348,Intermediate,0
ISO-01279,Water,Environment,💧,Escherichia coli,Negative,Enterobacteriaceae,1,High,3,Drinking water,India,N/A,-1,0,0,1,0,0,0,2017,1,0,0,1,1,1,1,1,0,0,0,1,0,0,1,0,0,0,0,0,0,0,0,8,0.348,Intermediate,0
ISO-01280,Canine,Companion,🐕,Clostridioides difficile,Positive,Clostridiaceae,1,Moderate,2,Animal shelter,USA,Female,7,0,0,0,0,0,0,2017,1,0,0,1,1,1,1,1,0,0,0,0,0,1,0,0,0,0,1,0,0,1,0,9,0.391,Intermediate,0
ISO-01281,Bovine,Livestock,🐄,Pasteurella multocida,Negative,Pasteurellaceae,1,Moderate,2,Dairy farm,Italy,Unknown,0,1,0,0,0,0,0,2019,0,0,0,1,0,0,0,1,0,0,1,0,0,0,0,1,0,0,1,0,0,0,0,5,0.217,Intermediate,0
ISO-01282,Porcine,Livestock,🐷,Enterococcus faecalis,Positive,Enterococcaceae,1,Low,1,Veterinary clinic,Spain,Female,1,0,0,0,0,0,0,2016,0,1,0,1,1,1,1,1,1,0,1,0,1,0,0,1,0,1,1,1,1,0,1,15,0.652,MDR,1
ISO-01283,Porcine,Livestock,🐷,Enterococcus faecium,Positive,Enterococcaceae,1,Moderate,2,Pig farm,Poland,Female,0,0,0,0,0,0,0,2015,1,0,1,1,1,1,1,1,1,1,1,1,1,1,0,0,1,1,0,1,1,1,0,18,0.783,MDR,1
ISO-01284,Canine,Companion,🐕,Staphylococcus aureus,Positive,Staphylococcaceae,1,Moderate,2,Veterinary clinic,Netherlands,Male,8,0,0,0,0,0,0,2022,1,0,0,1,0,1,1,0,0,0,0,0,1,0,0,0,0,0,0,0,1,0,0,6,0.261,Intermediate,0
ISO-01285,Soil,Environment,🌱,Escherichia coli,Negative,Enterobacteriaceae,1,High,3,Urban soil,France,N/A,-1,0,0,0,0,0,0,2017,1,1,0,1,0,0,1,0,0,0,0,0,1,0,0,0,0,0,1,0,0,0,0,6,0.261,Intermediate,0
ISO-01286,Soil,Environment,🌱,Acinetobacter baumannii,Negative,Moraxellaceae,0,Low,1,Agricultural field,Brazil,N/A,-1,0,0,0,0,0,0,2023,1,0,0,1,1,1,0,0,0,0,0,0,0,1,0,1,1,1,1,0,0,1,1,11,0.478,Intermediate,0
ISO-01287,Porcine,Livestock,🐷,Salmonella spp.,Negative,Enterobacteriaceae,1,High,3,Abattoir,Portugal,Unknown,1,0,0,0,0,0,0,2016,1,1,0,0,0,0,0,0,0,0,0,0,1,0,1,0,0,0,1,0,0,1,0,6,0.261,Intermediate,0
ISO-01288,Bovine,Livestock,🐄,Mannheimia haemolytica,Negative,Pasteurellaceae,0,Negligible,0,Dairy farm,Brazil,Unknown,1,0,0,0,0,0,0,2024,0,1,0,0,0,0,0,0,0,0,0,0,0,1,1,0,0,0,1,0,0,0,0,4,0.174,Intermediate,0
ISO-01289,Porcine,Livestock,🐷,Enterococcus faecium,Positive,Enterococcaceae,1,Moderate,2,Pig farm,India,Unknown,4,1,0,0,0,0,1,2018,1,1,1,1,1,1,1,1,1,1,1,1,1,1,1,1,1,1,1,1,1,1,0,22,0.957,MDR,1
ISO-01290,Poultry,Livestock,🐔,Salmonella spp.,Negative,Enterobacteriaceae,1,High,3,Broiler farm,India,Female,0,1,0,0,0,0,0,2022,0,1,0,0,0,0,1,0,0,1,0,1,0,1,0,0,0,0,1,0,0,1,0,7,0.304,Intermediate,0
ISO-01291,Porcine,Livestock,🐷,Pasteurella multocida,Negative,Pasteurellaceae,1,Moderate,2,Veterinary clinic,United Kingdom,Female,0,1,0,0,0,0,0,2022,0,0,0,0,1,1,1,0,0,0,1,1,0,1,0,1,1,0,0,1,0,1,1,11,0.478,Intermediate,0
ISO-01292,Canine,Companion,🐕,Campylobacter jejuni,Negative,Campylobacteraceae,1,Very High,4,Home,Germany,Female,4,1,0,0,0,0,0,2015,1,0,0,1,1,0,1,1,0,1,0,1,1,0,0,0,0,0,1,0,0,1,0,10,0.435,Intermediate,0
ISO-01293,Poultry,Livestock,🐔,Escherichia coli,Negative,Enterobacteriaceae,1,High,3,Broiler farm,Spain,Male,1,1,0,1,0,0,0,2021,0,1,0,1,1,1,1,1,0,0,0,0,0,1,0,0,1,0,0,0,0,1,1,10,0.435,Intermediate,0
ISO-01294,Bovine,Livestock,🐄,Pasteurella multocida,Negative,Pasteurellaceae,1,Moderate,2,Dairy farm,Portugal,Female,2,1,0,0,0,0,0,2017,0,0,0,0,0,1,0,0,0,0,0,0,0,0,1,0,0,1,1,1,0,0,0,5,0.217,Intermediate,0
ISO-01295,Bovine,Livestock,🐄,Enterococcus faecalis,Positive,Enterococcaceae,1,Low,1,Dairy farm,United Kingdom,Male,0,0,0,0,0,0,0,2023,0,0,0,1,1,1,1,1,0,0,1,0,0,1,1,1,0,0,0,0,1,1,0,11,0.478,Intermediate,0
ISO-01296,Bovine,Livestock,🐄,Escherichia coli,Negative,Enterobacteriaceae,1,High,3,Veterinary clinic,Brazil,Male,6,1,0,0,0,0,0,2015,0,1,0,0,0,0,1,0,0,0,1,0,1,0,0,1,0,0,0,0,0,0,0,5,0.217,Intermediate,0
ISO-01297,Human,Human,🧑,Enterococcus faecalis,Positive,Enterococcaceae,1,Low,1,Community,Brazil,Male,56,0,0,0,0,0,0,2024,0,0,1,1,1,1,1,1,1,1,1,0,0,0,1,0,0,0,0,0,1,0,0,11,0.478,Intermediate,0
ISO-01298,Human,Human,🧑,Pasteurella multocida,Negative,Pasteurellaceae,1,Moderate,2,Long-term care,Portugal,Female,9,1,0,0,0,0,0,2018,1,0,0,0,1,0,0,0,0,0,1,0,1,0,1,0,0,0,1,0,0,0,0,6,0.261,Intermediate,0
ISO-01299,Equine,Companion,🐎,Klebsiella pneumoniae,Negative,Enterobacteriaceae,1,Moderate,2,Racing stable,Poland,Female,3,0,0,0,0,0,0,2018,1,0,0,1,0,1,0,1,0,0,0,1,0,0,0,0,0,0,0,1,0,0,0,6,0.261,Intermediate,0
ISO-01300,Porcine,Livestock,🐷,Enterococcus faecium,Positive,Enterococcaceae,1,Moderate,2,Abattoir,Spain,Unknown,2,0,0,0,0,0,0,2016,1,0,0,1,1,1,1,1,1,0,1,1,0,1,1,0,1,0,0,0,1,0,1,14,0.609,MDR,1
ISO-01301,Human,Human,🧑,Campylobacter jejuni,Negative,Campylobacteraceae,1,Very High,4,Long-term care,Poland,Female,44,1,0,0,0,0,0,2017,0,1,0,0,1,1,1,1,0,0,0,1,0,0,0,0,0,0,1,1,0,0,0,8,0.348,Intermediate,0
ISO-01302,Poultry,Livestock,🐔,Salmonella spp.,Negative,Enterobacteriaceae,1,High,3,Abattoir,Italy,Male,1,0,0,0,0,0,0,2016,1,1,1,0,0,1,0,0,0,0,1,0,1,0,0,0,0,0,0,0,0,1,0,7,0.304,Intermediate,0
ISO-01303,Equine,Companion,🐎,Klebsiella pneumoniae,Negative,Enterobacteriaceae,1,Moderate,2,Racing stable,USA,Female,0,0,0,0,0,0,0,2018,1,0,1,1,0,0,0,0,0,0,0,0,1,0,0,0,0,0,1,1,0,1,0,7,0.304,Intermediate,0
ISO-01304,Human,Human,🧑,Enterococcus faecalis,Positive,Enterococcaceae,1,Low,1,Hospital,Spain,Female,64,1,0,0,0,0,0,2017,0,0,0,1,1,1,1,1,0,0,1,0,0,0,1,0,0,0,1,0,1,0,0,9,0.391,Intermediate,0
ISO-01305,Wild Boar,Wildlife,🐗,Escherichia coli,Negative,Enterobacteriaceae,1,High,3,Nature reserve,Portugal,Female,0,0,0,0,0,0,0,2015,1,0,0,0,0,0,0,0,0,0,0,1,0,0,0,0,1,0,0,0,0,1,0,4,0.174,Intermediate,0
ISO-01306,Soil,Environment,🌱,Acinetobacter baumannii,Negative,Moraxellaceae,0,Low,1,Urban soil,United Kingdom,N/A,-1,0,0,0,0,0,0,2020,1,1,1,1,1,1,1,1,0,0,0,1,0,1,0,0,1,1,1,0,0,1,1,15,0.652,MDR,1
ISO-01307,Canine,Companion,🐕,Pasteurella multocida,Negative,Pasteurellaceae,1,Moderate,2,Veterinary clinic,Brazil,Female,6,0,0,0,0,0,0,2024,0,0,0,0,0,1,0,0,0,0,0,0,0,0,0,0,0,1,0,0,0,0,0,2,0.087,Intermediate,0
ISO-01308,Feline,Companion,🐈,Enterococcus faecalis,Positive,Enterococcaceae,1,Low,1,Veterinary clinic,Italy,Male,3,0,0,0,0,0,0,2015,0,0,0,1,1,0,1,1,0,0,1,0,0,0,0,0,0,0,0,0,1,0,0,6,0.261,Intermediate,0
ISO-01309,Human,Human,🧑,Klebsiella pneumoniae,Negative,Enterobacteriaceae,1,Moderate,2,Long-term care,Italy,Female,76,1,0,0,0,0,0,2015,1,0,0,1,0,1,0,0,0,0,0,1,0,0,0,0,0,0,0,1,0,1,0,6,0.261,Intermediate,0
ISO-01310,Soil,Environment,🌱,Enterobacter cloacae,Negative,Enterobacteriaceae,0,Low,1,Agricultural field,Brazil,N/A,-1,0,0,0,0,0,0,2016,1,1,0,1,0,0,0,0,0,0,0,1,0,0,0,0,0,0,0,0,0,0,0,4,0.174,Intermediate,0
ISO-01311,Porcine,Livestock,🐷,Staphylococcus aureus,Positive,Staphylococcaceae,1,Moderate,2,Abattoir,Italy,Male,5,1,0,0,0,1,0,2017,1,1,0,1,0,1,1,1,0,1,0,0,1,0,0,0,0,0,1,0,1,0,0,10,0.435,Intermediate,0
ISO-01312,Soil,Environment,🌱,Escherichia coli,Negative,Enterobacteriaceae,1,High,3,Urban soil,Germany,N/A,-1,0,0,0,0,0,0,2019,0,1,1,1,0,0,0,0,0,0,1,0,1,0,0,0,0,0,1,1,0,0,0,7,0.304,Intermediate,0
ISO-01313,Poultry,Livestock,🐔,Enterococcus faecium,Positive,Enterococcaceae,1,Moderate,2,Abattoir,France,Unknown,3,1,0,0,0,0,0,2022,1,1,1,1,1,1,1,1,1,1,1,0,0,1,0,1,1,1,0,0,1,1,0,17,0.739,MDR,1
ISO-01314,Human,Human,🧑,Acinetobacter baumannii,Negative,Moraxellaceae,0,Low,1,Hospital,Netherlands,Male,41,0,0,0,0,0,0,2021,1,1,1,1,1,1,0,0,0,1,1,1,0,1,0,0,1,1,1,0,0,0,1,14,0.609,MDR,1
ISO-01315,Human,Human,🧑,Escherichia coli,Negative,Enterobacteriaceae,1,High,3,Long-term care,Netherlands,Male,47,1,0,1,0,0,0,2015,1,1,0,1,1,1,1,1,0,0,0,0,1,0,0,0,0,0,0,0,0,0,0,8,0.348,Intermediate,0
ISO-01316,Feline,Companion,🐈,Klebsiella pneumoniae,Negative,Enterobacteriaceae,1,Moderate,2,Home,Brazil,Male,4,0,0,0,0,0,0,2015,1,0,0,0,0,1,0,0,0,0,1,1,0,0,1,0,0,0,1,0,0,1,0,7,0.304,Intermediate,0
ISO-01317,Poultry,Livestock,🐔,Campylobacter jejuni,Negative,Campylobacteraceae,1,Very High,4,Layer farm,Italy,Unknown,0,1,0,0,0,0,0,2023,0,1,0,1,1,0,1,1,0,1,1,1,1,1,0,0,0,0,0,0,0,1,0,11,0.478,Intermediate,0
ISO-01318,Human,Human,🧑,Clostridioides difficile,Positive,Clostridiaceae,1,Moderate,2,Long-term care,Italy,Female,49,0,0,0,0,0,0,2018,0,1,1,0,1,1,1,1,0,0,0,0,0,0,0,0,0,0,1,0,0,0,0,7,0.304,Intermediate,0
ISO-01319,Equine,Companion,🐎,Acinetobacter baumannii,Negative,Moraxellaceae,0,Low,1,Racing stable,South Africa,Female,3,0,0,0,0,0,0,2016,1,1,1,1,1,0,1,1,1,0,0,0,1,1,0,1,1,1,1,0,0,1,1,16,0.696,MDR,1
ISO-01320,Wild Boar,Wildlife,🐗,Salmonella spp.,Negative,Enterobacteriaceae,1,High,3,Hunting area,Spain,Unknown,1,0,0,0,0,0,0,2019,0,0,1,0,0,0,1,0,0,0,0,0,1,0,0,0,0,0,1,0,0,0,0,4,0.174,Intermediate,0
ISO-01321,Poultry,Livestock,🐔,Campylobacter jejuni,Negative,Campylobacteraceae,1,Very High,4,Abattoir,France,Male,1,0,0,0,0,0,0,2018,0,1,0,1,1,0,1,1,0,0,0,1,1,1,0,0,0,0,1,0,0,0,1,10,0.435,Intermediate,0
ISO-01322,Porcine,Livestock,🐷,Clostridioides difficile,Positive,Clostridiaceae,1,Moderate,2,Abattoir,USA,Male,5,1,0,0,0,0,0,2024,1,1,0,1,1,1,1,1,0,0,1,1,0,0,1,0,0,0,1,0,1,1,0,13,0.565,MDR,1
ISO-01323,Human,Human,🧑,Clostridioides difficile,Positive,Clostridiaceae,1,Moderate,2,Community,United Kingdom,Female,7,0,1,0,0,0,0,2016,1,1,1,1,1,1,1,1,0,0,0,0,1,0,0,0,0,0,0,0,1,0,0,10,0.435,Intermediate,0
ISO-01324,Wild Bird,Wildlife,🦅,Escherichia coli,Negative,Enterobacteriaceae,1,High,3,Nature reserve,France,Unknown,0,1,0,0,0,0,0,2020,0,0,1,1,1,0,0,1,0,0,0,0,1,1,0,1,0,0,0,0,0,1,0,8,0.348,Intermediate,0
ISO-01325,Bovine,Livestock,🐄,Mannheimia haemolytica,Negative,Pasteurellaceae,0,Negligible,0,Veterinary clinic,USA,Unknown,0,0,0,0,0,0,0,2015,1,0,0,0,0,0,0,0,0,0,0,1,1,0,0,1,0,0,1,0,0,0,0,5,0.217,Intermediate,0
ISO-01326,Water,Environment,💧,Pseudomonas aeruginosa,Negative,Pseudomonadaceae,0,Low,1,Wastewater treatment,Netherlands,N/A,-1,0,0,0,0,0,0,2019,1,1,0,1,1,1,1,0,1,0,1,0,1,1,0,0,1,1,1,1,0,1,1,16,0.696,MDR,1
ISO-01327,Bovine,Livestock,🐄,Campylobacter jejuni,Negative,Campylobacteraceae,1,Very High,4,Dairy farm,United Kingdom,Unknown,0,1,0,0,0,0,0,2023,0,0,0,1,1,0,1,1,0,0,0,0,0,0,0,1,0,0,0,0,0,0,0,5,0.217,Intermediate,0
ISO-01328,Poultry,Livestock,🐔,Escherichia coli,Negative,Enterobacteriaceae,1,High,3,Broiler farm,Portugal,Male,0,1,0,0,0,0,0,2019,1,1,1,0,1,0,1,0,0,0,0,1,0,0,0,1,1,0,1,1,1,1,1,13,0.565,MDR,1
ISO-01329,Human,Human,🧑,Campylobacter jejuni,Negative,Campylobacteraceae,1,Very High,4,Hospital,Germany,Female,68,1,0,0,0,0,0,2020,0,1,1,1,1,1,1,1,1,0,0,1,0,0,0,1,0,1,0,0,1,1,0,13,0.565,MDR,1
ISO-01330,Human,Human,🧑,Clostridioides difficile,Positive,Clostridiaceae,1,Moderate,2,Hospital,Italy,Male,63,0,0,0,0,0,0,2023,1,1,1,1,1,1,1,1,0,1,0,0,1,0,0,0,0,0,0,1,1,0,0,12,0.522,MDR,1
ISO-01331,Wild Bird,Wildlife,🦅,Campylobacter jejuni,Negative,Campylobacteraceae,1,Very High,4,Wildlife rescue,Poland,Unknown,1,0,0,0,0,0,0,2024,0,0,0,1,1,0,1,1,0,0,0,0,0,0,0,0,0,0,0,0,0,0,0,4,0.174,Intermediate,0
ISO-01332,Poultry,Livestock,🐔,Salmonella spp.,Negative,Enterobacteriaceae,1,High,3,Layer farm,Brazil,Unknown,0,0,0,0,0,0,0,2024,0,0,0,1,0,0,0,0,0,1,0,1,0,1,0,0,1,0,1,1,0,0,0,7,0.304,Intermediate,0
ISO-01333,Poultry,Livestock,🐔,Enterococcus faecium,Positive,Enterococcaceae,1,Moderate,2,Layer farm,USA,Male,4,0,0,0,0,0,0,2015,1,1,0,1,1,1,1,1,1,0,1,1,0,1,1,0,1,0,1,0,1,1,0,16,0.696,MDR,1
ISO-01334,Food,Environment,🥩,Campylobacter jejuni,Negative,Campylobacteraceae,1,Very High,4,Slaughterhouse,Spain,N/A,-1,1,0,0,0,0,0,2023,1,0,0,1,1,0,1,1,0,0,1,1,1,0,1,0,0,0,0,0,0,0,0,9,0.391,Intermediate,0
ISO-01335,Food,Environment,🥩,Enterococcus faecium,Positive,Enterococcaceae,1,Moderate,2,Slaughterhouse,Germany,N/A,-1,0,0,0,0,0,0,2023,1,1,1,1,1,1,1,1,0,1,1,1,1,1,1,1,0,0,1,0,1,0,0,17,0.739,MDR,1
ISO-01336,Wild Boar,Wildlife,🐗,Clostridioides difficile,Positive,Clostridiaceae,1,Moderate,2,Nature reserve,Brazil,Male,1,0,0,0,0,0,0,2019,0,1,0,1,1,1,0,1,1,0,0,0,1,0,0,0,0,0,1,0,1,0,0,9,0.391,Intermediate,0
ISO-01337,Human,Human,🧑,Pseudomonas aeruginosa,Negative,Pseudomonadaceae,0,Low,1,Community,United Kingdom,Female,57,1,0,0,0,0,0,2020,1,1,0,1,1,1,0,0,0,0,1,0,0,0,0,0,1,1,1,1,0,1,1,12,0.522,MDR,1
ISO-01338,Canine,Companion,🐕,Escherichia coli,Negative,Enterobacteriaceae,1,High,3,Animal shelter,United Kingdom,Male,3,0,0,0,0,0,0,2022,0,0,0,0,0,0,0,0,0,0,0,0,0,0,0,0,0,0,1,0,0,0,0,1,0.043,Intermediate,0
ISO-01339,Water,Environment,💧,Pseudomonas aeruginosa,Negative,Pseudomonadaceae,0,Low,1,Wastewater treatment,United Kingdom,N/A,-1,1,0,0,0,0,0,2024,1,1,0,1,1,1,1,1,0,0,1,0,0,1,0,0,1,1,1,1,0,1,1,15,0.652,MDR,1
ISO-01340,Bovine,Livestock,🐄,Campylobacter jejuni,Negative,Campylobacteraceae,1,Very High,4,Veterinary clinic,South Africa,Female,3,0,0,0,0,0,0,2020,1,0,0,1,1,0,1,1,0,1,0,0,0,0,0,0,1,0,1,0,0,0,0,8,0.348,Intermediate,0
ISO-01341,Human,Human,🧑,Pasteurella multocida,Negative,Pasteurellaceae,1,Moderate,2,Hospital,India,Female,48,1,0,0,0,0,0,2015,0,1,0,0,0,1,0,0,0,1,0,0,0,0,0,0,0,0,1,0,0,0,0,4,0.174,Intermediate,0
ISO-01342,Wild Bird,Wildlife,🦅,Campylobacter jejuni,Negative,Campylobacteraceae,1,Very High,4,Nature reserve,India,Unknown,1,0,0,0,0,0,0,2015,0,0,0,1,1,0,1,1,0,0,0,1,0,0,0,0,0,0,0,0,0,1,0,6,0.261,Intermediate,0
ISO-01343,Poultry,Livestock,🐔,Campylobacter jejuni,Negative,Campylobacteraceae,1,Very High,4,Abattoir,Germany,Male,2,1,0,0,0,0,0,2021,1,1,1,1,1,0,1,0,0,1,0,1,0,0,1,0,0,0,1,0,0,1,0,11,0.478,Intermediate,0
ISO-01344,Poultry,Livestock,🐔,Enterococcus faecalis,Positive,Enterococcaceae,1,Low,1,Broiler farm,Brazil,Female,1,1,0,0,0,0,0,2021,0,0,1,1,1,1,1,1,0,1,1,0,0,0,1,1,0,0,0,0,1,1,0,12,0.522,MDR,1
ISO-01345,Food,Environment,🥩,Salmonella spp.,Negative,Enterobacteriaceae,1,High,3,Slaughterhouse,Italy,N/A,-1,0,0,0,0,0,0,2020,0,0,1,1,1,0,0,0,0,0,0,0,0,0,0,0,0,0,0,0,0,0,0,3,0.13,Intermediate,0
ISO-01346,Canine,Companion,🐕,Enterococcus faecium,Positive,Enterococcaceae,1,Moderate,2,Home,India,Female,6,0,0,0,0,0,0,2015,1,1,1,1,1,1,1,1,1,1,0,0,0,0,0,1,0,0,1,0,1,1,0,14,0.609,MDR,1
ISO-01347,Porcine,Livestock,🐷,Clostridioides difficile,Positive,Clostridiaceae,1,Moderate,2,Pig farm,Italy,Male,1,0,0,0,0,0,0,2021,0,1,1,1,1,1,1,1,0,0,0,0,0,0,0,0,0,0,0,1,1,0,0,9,0.391,Intermediate,0
ISO-01348,Bovine,Livestock,🐄,Escherichia coli,Negative,Enterobacteriaceae,1,High,3,Veterinary clinic,South Africa,Male,1,1,0,0,0,0,0,2023,0,0,0,1,0,0,0,1,0,0,0,0,0,0,0,0,0,0,0,0,0,1,0,3,0.13,Intermediate,0
ISO-01349,Porcine,Livestock,🐷,Escherichia coli,Negative,Enterobacteriaceae,1,High,3,Pig farm,Italy,Female,7,1,0,0,0,0,0,2021,1,0,0,0,1,1,1,1,0,0,0,1,0,0,1,1,0,0,1,0,0,1,0,10,0.435,Intermediate,0
ISO-01350,Human,Human,🧑,Staphylococcus pseudintermedius,Positive,Staphylococcaceae,1,Low,1,Long-term care,Spain,Male,64,1,0,0,0,0,0,2017,1,0,0,1,0,0,1,1,0,0,0,1,0,1,1,0,0,0,1,0,1,0,0,9,0.391,Intermediate,0
ISO-01351,Wild Bird,Wildlife,🦅,Escherichia coli,Negative,Enterobacteriaceae,1,High,3,Research station,South Africa,Unknown,0,0,0,0,0,0,0,2019,0,0,1,0,0,0,0,1,0,0,0,0,1,0,0,0,0,0,1,0,0,0,0,4,0.174,Intermediate,0
ISO-01352,Wild Boar,Wildlife,🐗,Escherichia coli,Negative,Enterobacteriaceae,1,High,3,Hunting area,India,Male,4,0,0,0,0,0,0,2018,1,1,1,0,0,1,0,0,0,0,0,0,1,1,0,0,0,0,0,0,0,0,0,6,0.261,Intermediate,0
ISO-01353,Bovine,Livestock,🐄,Enterococcus faecium,Positive,Enterococcaceae,1,Moderate,2,Dairy farm,South Africa,Female,12,1,0,0,0,0,1,2018,1,1,1,1,1,1,1,1,0,1,1,1,1,1,0,0,1,1,1,1,1,0,0,18,0.783,MDR,1
ISO-01354,Bovine,Livestock,🐄,Escherichia coli,Negative,Enterobacteriaceae,1,High,3,Beef farm,Netherlands,Male,7,0,0,0,0,0,0,2021,1,1,0,0,0,0,0,0,0,0,0,0,1,0,0,0,0,0,0,0,0,0,1,4,0.174,Intermediate,0
ISO-01355,Water,Environment,💧,Pseudomonas aeruginosa,Negative,Pseudomonadaceae,0,Low,1,Drinking water,Netherlands,N/A,-1,0,0,0,0,0,0,2018,1,1,0,1,1,0,1,1,0,1,1,0,0,1,0,0,1,1,1,1,0,1,1,15,0.652,MDR,1
ISO-01356,Human,Human,🧑,Salmonella spp.,Negative,Enterobacteriaceae,1,High,3,Hospital,France,Male,28,0,0,0,0,0,0,2016,1,0,0,0,0,0,0,0,0,0,0,1,0,0,0,0,0,0,0,0,0,1,0,3,0.13,Intermediate,0
ISO-01357,Poultry,Livestock,🐔,Escherichia coli,Negative,Enterobacteriaceae,1,High,3,Broiler farm,United Kingdom,Unknown,0,0,0,1,0,0,0,2015,1,1,0,1,1,1,1,1,0,0,0,0,1,0,0,0,0,1,1,0,0,1,0,11,0.478,Intermediate,0
ISO-01358,Porcine,Livestock,🐷,Pasteurella multocida,Negative,Pasteurellaceae,1,Moderate,2,Veterinary clinic,Brazil,Unknown,3,1,0,0,0,0,0,2018,1,0,0,0,0,0,0,0,1,0,0,0,0,0,0,0,0,0,0,0,0,1,0,3,0.13,Intermediate,0
ISO-01359,Feline,Companion,🐈,Staphylococcus aureus,Positive,Staphylococcaceae,1,Moderate,2,Veterinary clinic,Poland,Female,4,0,0,0,0,0,0,2023,1,0,0,0,0,1,0,0,0,0,0,0,0,0,0,0,0,0,0,0,1,0,0,3,0.13,Intermediate,0
ISO-01360,Human,Human,🧑,Enterococcus faecium,Positive,Enterococcaceae,1,Moderate,2,Long-term care,Portugal,Female,90,1,0,0,0,0,0,2018,1,1,1,1,1,1,1,1,0,0,1,1,1,0,0,1,0,1,0,0,1,0,0,14,0.609,MDR,1
ISO-01361,Feline,Companion,🐈,Pasteurella multocida,Negative,Pasteurellaceae,1,Moderate,2,Animal shelter,Portugal,Female,6,0,0,0,0,0,0,2015,0,0,0,0,0,0,0,0,0,0,0,0,0,0,1,0,0,0,1,0,0,1,0,3,0.13,Intermediate,0
ISO-01362,Bovine,Livestock,🐄,Pasteurella multocida,Negative,Pasteurellaceae,1,Moderate,2,Veterinary clinic,France,Male,0,1,0,0,0,0,0,2023,0,0,0,1,0,1,0,1,0,0,0,0,0,0,0,0,0,0,1,0,0,0,0,4,0.174,Intermediate,0
ISO-01363,Canine,Companion,🐕,Enterococcus faecalis,Positive,Enterococcaceae,1,Low,1,Veterinary clinic,Poland,Male,7,0,0,0,0,0,0,2019,0,0,0,1,1,1,1,1,1,1,1,1,0,1,0,1,0,0,0,0,1,0,0,12,0.522,MDR,1
ISO-01364,Human,Human,🧑,Pseudomonas aeruginosa,Negative,Pseudomonadaceae,0,Low,1,Hospital,Poland,Male,79,0,0,0,0,0,0,2018,1,1,0,1,1,1,0,1,0,0,1,0,0,0,0,0,1,1,1,1,0,1,1,13,0.565,MDR,1
ISO-01365,Porcine,Livestock,🐷,Enterococcus faecium,Positive,Enterococcaceae,1,Moderate,2,Pig farm,India,Unknown,1,1,0,0,0,0,0,2016,1,1,1,1,1,1,1,1,1,1,1,1,0,1,1,0,0,1,1,0,1,0,1,18,0.783,MDR,1
ISO-01366,Poultry,Livestock,🐔,Pasteurella multocida,Negative,Pasteurellaceae,1,Moderate,2,Broiler farm,USA,Male,0,1,0,0,0,0,0,2020,0,1,0,1,0,0,0,0,0,0,0,0,0,0,0,1,0,0,1,0,1,0,0,5,0.217,Intermediate,0
ISO-01367,Human,Human,🧑,Enterobacter cloacae,Negative,Enterobacteriaceae,0,Low,1,Community,Portugal,Male,28,0,0,0,0,0,0,2019,1,1,0,1,1,0,0,0,0,0,1,0,0,0,0,0,0,0,1,0,0,1,0,7,0.304,Intermediate,0
ISO-01368,Human,Human,🧑,Clostridioides difficile,Positive,Clostridiaceae,1,Moderate,2,Community,Brazil,Female,98,1,1,0,0,0,0,2018,1,0,1,1,1,1,1,1,1,1,0,1,1,0,1,0,1,1,0,1,1,0,0,16,0.696,MDR,1
ISO-01369,Human,Human,🧑,Pasteurella multocida,Negative,Pasteurellaceae,1,Moderate,2,Community,Portugal,Male,26,1,0,0,0,0,0,2018,0,0,0,0,0,0,0,0,0,0,0,0,0,1,0,1,0,0,1,1,0,0,0,4,0.174,Intermediate,0
ISO-01370,Bovine,Livestock,🐄,Campylobacter jejuni,Negative,Campylobacteraceae,1,Very High,4,Dairy farm,United Kingdom,Male,0,1,0,0,0,0,0,2022,1,1,0,1,1,0,1,1,0,0,0,0,1,0,1,0,0,0,1,0,0,0,0,9,0.391,Intermediate,0
ISO-01371,Human,Human,🧑,Enterococcus faecium,Positive,Enterococcaceae,1,Moderate,2,Long-term care,South Africa,Male,56,0,1,0,0,0,0,2023,1,1,1,1,1,1,1,1,1,1,1,0,0,0,1,1,0,0,0,0,1,0,1,15,0.652,MDR,1
ISO-01372,Soil,Environment,🌱,Enterobacter cloacae,Negative,Enterobacteriaceae,0,Low,1,Urban soil,Portugal,N/A,-1,1,0,1,0,0,0,2020,1,1,0,1,1,1,1,1,1,0,0,0,0,0,1,0,1,0,1,0,0,1,0,12,0.522,MDR,1
ISO-01373,Porcine,Livestock,🐷,Enterococcus faecalis,Positive,Enterococcaceae,1,Low,1,Abattoir,India,Female,0,0,0,0,0,0,0,2024,1,0,1,1,1,1,1,1,1,1,1,0,0,1,1,1,1,0,1,0,1,0,0,16,0.696,MDR,1
ISO-01374,Wild Bird,Wildlife,🦅,Escherichia coli,Negative,Enterobacteriaceae,1,High,3,Nature reserve,Spain,Unknown,0,0,0,0,0,0,0,2020,0,0,0,1,0,1,1,1,0,0,0,0,0,0,0,0,0,0,0,0,0,1,0,5,0.217,Intermediate,0
ISO-01375,Food,Environment,🥩,Campylobacter jejuni,Negative,Campylobacteraceae,1,Very High,4,Slaughterhouse,France,N/A,-1,1,0,0,0,0,0,2023,0,0,0,1,1,1,1,1,0,0,0,1,0,0,0,0,1,0,0,0,0,1,0,8,0.348,Intermediate,0
ISO-01376,Human,Human,🧑,Enterobacter cloacae,Negative,Enterobacteriaceae,0,Low,1,Community,Spain,Male,16,0,0,0,0,0,0,2018,1,1,0,1,0,0,0,0,0,0,1,0,1,0,0,0,0,0,1,0,1,1,0,8,0.348,Intermediate,0
ISO-01377,Canine,Companion,🐕,Acinetobacter baumannii,Negative,Moraxellaceae,0,Low,1,Animal shelter,Italy,Male,0,0,1,0,0,0,0,2021,1,1,1,1,1,1,0,1,1,1,1,0,1,1,1,0,1,1,1,1,1,0,1,19,0.826,MDR,1
ISO-01378,Water,Environment,💧,Salmonella spp.,Negative,Enterobacteriaceae,1,High,3,Wastewater treatment,India,N/A,-1,0,0,1,0,0,0,2019,0,0,0,1,1,1,1,1,0,0,0,0,0,1,1,1,0,0,0,0,0,1,0,9,0.391,Intermediate,0
ISO-01379,Canine,Companion,🐕,Enterococcus faecium,Positive,Enterococcaceae,1,Moderate,2,Home,USA,Male,13,0,0,0,0,0,0,2023,0,1,1,1,1,1,1,1,1,0,1,0,1,0,1,1,0,0,1,0,1,0,0,14,0.609,MDR,1
ISO-01380,Porcine,Livestock,🐷,Clostridioides difficile,Positive,Clostridiaceae,1,Moderate,2,Veterinary clinic,France,Unknown,1,1,0,0,0,0,0,2022,1,1,1,1,1,1,1,1,0,0,0,0,1,0,0,0,0,0,0,0,0,0,0,9,0.391,Intermediate,0
ISO-01381,Porcine,Livestock,🐷,Clostridioides difficile,Positive,Clostridiaceae,1,Moderate,2,Abattoir,South Africa,Female,3,1,0,0,0,0,0,2019,1,1,1,1,1,1,1,1,0,1,0,1,0,1,0,0,0,0,1,0,1,1,0,14,0.609,MDR,1
ISO-01382,Human,Human,🧑,Acinetobacter baumannii,Negative,Moraxellaceae,0,Low,1,Community,Portugal,Female,59,0,0,0,0,0,0,2020,1,1,0,1,1,0,1,0,0,1,0,1,0,1,1,0,1,1,0,0,0,0,1,12,0.522,MDR,1
ISO-01383,Poultry,Livestock,🐔,Escherichia coli,Negative,Enterobacteriaceae,1,High,3,Broiler farm,Germany,Male,2,1,1,1,0,0,0,2016,1,1,0,1,1,1,1,1,1,0,0,0,1,0,0,1,0,0,1,1,0,1,1,14,0.609,MDR,1
ISO-01384,Food,Environment,🥩,Enterococcus faecium,Positive,Enterococcaceae,1,Moderate,2,Slaughterhouse,United Kingdom,N/A,-1,1,0,0,0,0,1,2020,1,1,0,1,1,1,1,1,1,0,1,0,1,1,1,1,1,1,1,0,1,1,0,18,0.783,MDR,1
ISO-01385,Soil,Environment,🌱,Acinetobacter baumannii,Negative,Moraxellaceae,0,Low,1,Agricultural field,France,N/A,-1,0,0,0,0,0,0,2017,1,1,1,1,1,1,1,0,0,1,0,1,0,1,1,1,1,1,0,0,1,1,1,17,0.739,MDR,1
ISO-01386,Human,Human,🧑,Pseudomonas aeruginosa,Negative,Pseudomonadaceae,0,Low,1,Long-term care,France,Male,47,1,1,0,0,0,0,2015,1,0,0,1,1,1,0,0,0,0,1,0,1,1,0,1,1,1,1,1,0,1,1,14,0.609,MDR,1
ISO-01387,Feline,Companion,🐈,Enterococcus faecalis,Positive,Enterococcaceae,1,Low,1,Home,South Africa,Male,8,0,0,0,0,0,0,2017,0,0,0,1,1,1,1,1,1,0,1,0,0,1,0,0,0,1,0,0,1,0,0,10,0.435,Intermediate,0
ISO-01388,Bovine,Livestock,🐄,Staphylococcus aureus,Positive,Staphylococcaceae,1,Moderate,2,Dairy farm,United Kingdom,Female,4,1,0,0,0,0,0,2016,1,1,0,0,1,0,1,1,0,0,0,0,1,1,1,0,1,1,1,0,1,1,0,13,0.565,MDR,1
ISO-01389,Water,Environment,💧,Pseudomonas aeruginosa,Negative,Pseudomonadaceae,0,Low,1,Wastewater treatment,Brazil,N/A,-1,0,0,0,0,0,0,2016,1,1,1,1,1,1,1,0,0,0,1,0,0,1,0,0,1,1,1,1,0,1,1,15,0.652,MDR,1
ISO-01390,Human,Human,🧑,Enterococcus faecium,Positive,Enterococcaceae,1,Moderate,2,Long-term care,Germany,Male,39,0,0,0,0,0,0,2021,1,1,1,1,1,1,1,1,1,0,1,0,0,0,0,0,0,1,0,0,1,1,0,13,0.565,MDR,1
ISO-01391,Soil,Environment,🌱,Acinetobacter baumannii,Negative,Moraxellaceae,0,Low,1,Forest,Portugal,N/A,-1,0,0,0,0,0,0,2015,1,1,1,1,1,0,0,1,1,0,0,0,1,0,1,0,1,1,1,0,0,1,0,13,0.565,MDR,1
ISO-01392,Wild Boar,Wildlife,🐗,Clostridioides difficile,Positive,Clostridiaceae,1,Moderate,2,Nature reserve,Brazil,Female,7,0,0,0,0,0,0,2015,1,0,0,1,1,1,1,1,0,0,0,1,1,0,0,0,0,0,0,0,0,0,0,8,0.348,Intermediate,0
ISO-01393,Human,Human,🧑,Pasteurella multocida,Negative,Pasteurellaceae,1,Moderate,2,Hospital,United Kingdom,Male,53,1,0,0,0,0,0,2018,0,0,0,0,0,1,0,0,0,0,0,1,0,0,1,0,0,0,0,0,0,0,0,3,0.13,Intermediate,0
ISO-01394,Human,Human,🧑,Klebsiella pneumoniae,Negative,Enterobacteriaceae,1,Moderate,2,Community,Netherlands,Male,52,0,0,1,0,0,0,2016,1,1,0,1,1,1,1,1,0,0,0,0,1,0,0,0,0,0,1,0,0,1,0,10,0.435,Intermediate,0
ISO-01395,Wild Boar,Wildlife,🐗,Escherichia coli,Negative,Enterobacteriaceae,1,High,3,Research station,Brazil,Female,3,1,0,0,0,0,0,2016,1,0,0,0,0,0,0,0,0,0,0,0,1,1,0,1,0,0,0,0,1,0,0,5,0.217,Intermediate,0
ISO-01396,Human,Human,🧑,Pseudomonas aeruginosa,Negative,Pseudomonadaceae,0,Low,1,Long-term care,Spain,Male,45,1,0,0,0,0,0,2019,1,1,0,1,1,1,1,1,0,0,1,1,0,1,1,1,1,1,1,1,0,1,1,18,0.783,MDR,1
ISO-01397,Poultry,Livestock,🐔,Escherichia coli,Negative,Enterobacteriaceae,1,High,3,Layer farm,United Kingdom,Male,0,0,0,0,0,0,0,2017,1,1,0,0,0,0,0,0,0,0,0,1,1,0,0,0,0,0,1,0,0,0,0,5,0.217,Intermediate,0
ISO-01398,Water,Environment,💧,Pseudomonas aeruginosa,Negative,Pseudomonadaceae,0,Low,1,Wastewater treatment,USA,N/A,-1,0,0,0,0,0,0,2020,1,1,1,1,1,1,1,0,0,1,1,1,0,0,0,0,1,1,1,0,0,1,1,15,0.652,MDR,1
ISO-01399,Poultry,Livestock,🐔,Enterococcus faecalis,Positive,Enterococcaceae,1,Low,1,Abattoir,Germany,Female,2,1,0,0,0,0,0,2018,1,0,0,1,1,1,1,1,0,1,1,1,1,0,0,1,1,0,0,0,1,0,1,14,0.609,MDR,1
ISO-01400,Porcine,Livestock,🐷,Enterococcus faecium,Positive,Enterococcaceae,1,Moderate,2,Pig farm,Poland,Male,6,0,0,0,0,0,0,2016,1,1,1,1,1,1,1,1,1,1,1,1,1,0,1,1,1,0,1,1,1,0,1,20,0.87,MDR,1
ISO-01401,Porcine,Livestock,🐷,Enterococcus faecium,Positive,Enterococcaceae,1,Moderate,2,Pig farm,India,Unknown,1,0,0,0,0,0,0,2019,1,1,1,1,1,1,1,1,1,1,1,1,1,0,1,1,0,1,0,0,1,1,0,18,0.783,MDR,1
ISO-01402,Human,Human,🧑,Staphylococcus aureus,Positive,Staphylococcaceae,1,Moderate,2,Long-term care,Italy,Female,70,1,0,0,0,0,0,2017,1,0,1,0,0,0,0,1,0,0,0,1,0,0,0,1,0,0,0,0,1,0,0,6,0.261,Intermediate,0
ISO-01403,Food,Environment,🥩,Escherichia coli,Negative,Enterobacteriaceae,1,High,3,Retail,France,N/A,-1,0,0,0,0,0,0,2023,1,1,0,1,0,1,0,0,0,0,0,0,1,1,0,0,0,0,0,0,0,0,1,7,0.304,Intermediate,0
ISO-01404,Bovine,Livestock,🐄,Klebsiella pneumoniae,Negative,Enterobacteriaceae,1,Moderate,2,Veterinary clinic,United Kingdom,Female,5,0,1,0,0,0,0,2015,1,0,0,1,0,0,0,0,0,0,1,0,0,0,0,0,0,0,1,1,1,1,0,7,0.304,Intermediate,0
ISO-01405,Human,Human,🧑,Pasteurella multocida,Negative,Pasteurellaceae,1,Moderate,2,Community,France,Male,63,0,1,0,0,0,0,2023,0,0,0,0,1,0,0,0,0,0,0,0,0,1,0,0,0,0,0,0,0,0,0,2,0.087,Intermediate,0
ISO-01406,Bovine,Livestock,🐄,Salmonella spp.,Negative,Enterobacteriaceae,1,High,3,Veterinary clinic,Spain,Female,0,1,0,0,0,0,0,2024,1,0,1,1,0,0,1,0,0,0,0,1,0,0,0,0,0,0,0,0,1,1,0,7,0.304,Intermediate,0
ISO-01407,Food,Environment,🥩,Salmonella spp.,Negative,Enterobacteriaceae,1,High,3,Slaughterhouse,Portugal,N/A,-1,0,0,0,0,0,0,2023,1,0,0,1,0,0,0,1,0,0,0,1,0,1,0,0,0,0,0,0,0,0,0,5,0.217,Intermediate,0
ISO-01408,Human,Human,🧑,Klebsiella pneumoniae,Negative,Enterobacteriaceae,1,Moderate,2,Long-term care,Spain,Male,60,1,0,0,0,0,0,2022,1,1,1,1,1,0,1,1,0,0,0,0,0,0,0,0,0,0,0,1,0,0,1,9,0.391,Intermediate,0
ISO-01409,Water,Environment,💧,Salmonella spp.,Negative,Enterobacteriaceae,1,High,3,Wastewater treatment,Germany,N/A,-1,0,0,0,0,0,0,2023,1,0,0,0,0,0,0,0,0,0,0,1,0,0,0,0,0,0,1,0,0,1,0,4,0.174,Intermediate,0
ISO-01410,Feline,Companion,🐈,Enterococcus faecalis,Positive,Enterococcaceae,1,Low,1,Home,Netherlands,Female,10,1,1,0,0,0,0,2019,0,0,0,1,1,1,1,1,1,1,1,0,1,1,1,0,0,0,1,0,1,0,0,13,0.565,MDR,1
ISO-01411,Wild Boar,Wildlife,🐗,Escherichia coli,Negative,Enterobacteriaceae,1,High,3,Nature reserve,Italy,Unknown,1,0,0,1,0,0,0,2019,1,0,0,1,1,1,1,1,0,0,0,0,0,0,0,0,0,1,0,0,0,0,0,7,0.304,Intermediate,0
ISO-01412,Food,Environment,🥩,Campylobacter jejuni,Negative,Campylobacteraceae,1,Very High,4,Retail,Poland,N/A,-1,0,0,0,0,0,0,2018,0,0,0,1,1,1,1,1,0,0,0,1,1,0,0,0,0,0,1,0,0,0,0,8,0.348,Intermediate,0
ISO-01413,Wild Boar,Wildlife,🐗,Salmonella spp.,Negative,Enterobacteriaceae,1,High,3,Nature reserve,Brazil,Female,2,1,0,0,0,0,0,2022,1,1,0,0,1,0,0,0,0,1,0,0,1,0,0,0,0,0,0,0,0,1,0,6,0.261,Intermediate,0
ISO-01414,Soil,Environment,🌱,Escherichia coli,Negative,Enterobacteriaceae,1,High,3,Agricultural field,Spain,N/A,-1,0,0,0,0,0,0,2023,1,1,0,0,1,1,0,0,0,0,0,0,1,1,0,0,0,0,1,0,0,1,0,8,0.348,Intermediate,0
ISO-01415,Human,Human,🧑,Campylobacter jejuni,Negative,Campylobacteraceae,1,Very High,4,Community,India,Male,44,1,0,0,0,0,0,2020,0,0,0,1,1,0,1,1,0,0,0,1,1,1,0,0,0,0,0,0,0,0,1,8,0.348,Intermediate,0
ISO-01416,Wild Bird,Wildlife,🦅,Salmonella spp.,Negative,Enterobacteriaceae,1,High,3,Nature reserve,South Africa,Unknown,0,1,1,0,0,0,0,2022,1,0,0,1,0,1,0,0,0,0,0,0,0,1,1,0,0,0,0,0,0,1,0,6,0.261,Intermediate,0
ISO-01417,Poultry,Livestock,🐔,Campylobacter jejuni,Negative,Campylobacteraceae,1,Very High,4,Layer farm,Italy,Male,4,0,0,0,0,0,0,2023,0,0,0,1,1,0,1,1,1,1,0,1,1,1,0,1,0,0,1,0,0,0,0,11,0.478,Intermediate,0
ISO-01418,Poultry,Livestock,🐔,Enterococcus faecium,Positive,Enterococcaceae,1,Moderate,2,Broiler farm,South Africa,Male,9,1,0,0,0,0,0,2015,1,1,1,1,1,1,1,1,1,1,1,1,1,1,1,1,1,1,1,0,1,1,0,21,0.913,MDR,1
ISO-01419,Water,Environment,💧,Enterobacter cloacae,Negative,Enterobacteriaceae,0,Low,1,Drinking water,Italy,N/A,-1,0,0,0,0,0,0,2018,1,1,1,1,0,0,0,0,0,1,0,0,0,0,1,1,0,0,0,0,0,0,0,7,0.304,Intermediate,0
ISO-01420,Food,Environment,🥩,Salmonella spp.,Negative,Enterobacteriaceae,1,High,3,Processing plant,United Kingdom,N/A,-1,0,0,0,0,0,0,2017,0,1,0,0,0,0,0,0,0,0,0,0,0,0,1,0,0,0,1,0,0,1,0,4,0.174,Intermediate,0
ISO-01421,Feline,Companion,🐈,Escherichia coli,Negative,Enterobacteriaceae,1,High,3,Animal shelter,France,Female,9,0,0,0,0,0,0,2022,1,0,0,0,1,1,0,0,0,0,0,1,0,0,0,0,0,0,1,0,0,0,0,5,0.217,Intermediate,0
ISO-01422,Poultry,Livestock,🐔,Enterococcus faecalis,Positive,Enterococcaceae,1,Low,1,Layer farm,Italy,Male,0,1,0,0,0,0,0,2023,1,0,1,1,1,1,1,1,1,1,1,1,0,0,0,0,0,0,0,0,1,0,0,12,0.522,MDR,1
ISO-01423,Porcine,Livestock,🐷,Enterococcus faecalis,Positive,Enterococcaceae,1,Low,1,Veterinary clinic,USA,Male,5,1,0,0,0,0,0,2020,1,1,0,1,1,1,1,1,1,0,1,0,0,0,1,1,1,0,0,1,1,1,0,15,0.652,MDR,1
ISO-01424,Porcine,Livestock,🐷,Enterococcus faecium,Positive,Enterococcaceae,1,Moderate,2,Veterinary clinic,Italy,Unknown,2,0,0,0,0,0,0,2021,1,1,1,1,1,1,1,1,1,1,1,0,0,1,1,0,1,1,0,0,1,0,0,16,0.696,MDR,1
ISO-01425,Bovine,Livestock,🐄,Pasteurella multocida,Negative,Pasteurellaceae,1,Moderate,2,Veterinary clinic,Spain,Unknown,4,0,0,0,0,0,0,2019,0,0,0,0,0,0,1,0,0,0,0,0,0,0,0,0,0,0,1,0,0,0,1,3,0.13,Intermediate,0
ISO-01426,Porcine,Livestock,🐷,Clostridioides difficile,Positive,Clostridiaceae,1,Moderate,2,Pig farm,Brazil,Male,1,1,0,0,0,0,0,2020,1,1,0,1,1,1,1,1,0,1,0,1,1,0,0,0,0,1,1,0,1,0,1,14,0.609,MDR,1
ISO-01427,Human,Human,🧑,Pseudomonas aeruginosa,Negative,Pseudomonadaceae,0,Low,1,Community,Italy,Female,43,0,0,0,0,0,0,2016,1,1,0,1,1,0,0,0,0,1,1,0,0,1,0,0,1,1,1,1,0,1,1,13,0.565,MDR,1
ISO-01428,Human,Human,🧑,Enterococcus faecium,Positive,Enterococcaceae,1,Moderate,2,Hospital,India,Male,74,1,0,0,0,0,0,2023,1,1,1,1,1,1,1,1,1,1,1,1,0,1,1,1,0,0,1,0,1,1,0,18,0.783,MDR,1
ISO-01429,Wild Bird,Wildlife,🦅,Campylobacter jejuni,Negative,Campylobacteraceae,1,Very High,4,Wildlife rescue,Spain,Unknown,2,0,0,0,0,0,0,2015,0,0,0,0,1,0,1,0,0,0,0,1,0,0,0,0,0,0,1,0,0,0,0,4,0.174,Intermediate,0
ISO-01430,Porcine,Livestock,🐷,Clostridioides difficile,Positive,Clostridiaceae,1,Moderate,2,Veterinary clinic,USA,Male,3,0,0,0,0,0,0,2016,1,1,1,1,1,1,1,1,0,1,0,0,0,0,0,0,0,0,1,0,1,1,0,12,0.522,MDR,1
ISO-01431,Soil,Environment,🌱,Acinetobacter baumannii,Negative,Moraxellaceae,0,Low,1,Agricultural field,Netherlands,N/A,-1,0,0,0,0,0,0,2018,1,0,1,1,1,1,1,1,1,0,0,1,1,0,0,1,1,1,1,0,0,0,1,15,0.652,MDR,1
ISO-01432,Canine,Companion,🐕,Enterococcus faecalis,Positive,Enterococcaceae,1,Low,1,Home,France,Male,10,1,0,0,0,0,0,2024,0,0,0,1,1,1,1,1,1,1,1,0,0,0,0,0,0,0,1,0,1,1,0,11,0.478,Intermediate,0
ISO-01433,Human,Human,🧑,Campylobacter jejuni,Negative,Campylobacteraceae,1,Very High,4,Community,USA,Female,49,1,0,0,0,0,0,2020,1,1,0,1,1,0,1,1,0,1,0,1,1,0,0,0,0,0,1,0,0,0,0,10,0.435,Intermediate,0
ISO-01434,Human,Human,🧑,Pseudomonas aeruginosa,Negative,Pseudomonadaceae,0,Low,1,Long-term care,USA,Male,85,0,0,0,0,0,0,2019,1,1,1,1,1,0,0,0,0,0,1,1,1,0,0,1,1,1,1,1,0,1,1,15,0.652,MDR,1
ISO-01435,Human,Human,🧑,Pasteurella multocida,Negative,Pasteurellaceae,1,Moderate,2,Long-term care,Italy,Female,72,0,0,0,0,0,0,2024,1,0,0,0,0,0,0,0,0,0,0,0,0,0,0,0,0,0,0,0,0,0,0,1,0.043,Intermediate,0
ISO-01436,Food,Environment,🥩,Enterococcus faecium,Positive,Enterococcaceae,1,Moderate,2,Slaughterhouse,Netherlands,N/A,-1,0,0,0,0,0,0,2018,1,1,1,1,1,1,1,1,1,1,1,0,0,0,1,0,0,1,1,0,1,0,0,15,0.652,MDR,1
ISO-01437,Human,Human,🧑,Enterobacter cloacae,Negative,Enterobacteriaceae,0,Low,1,Community,Italy,Female,66,0,0,0,0,0,0,2017,1,1,0,0,1,1,1,0,0,0,0,1,0,0,0,0,0,0,1,0,0,0,0,7,0.304,Intermediate,0
ISO-01438,Poultry,Livestock,🐔,Enterococcus faecalis,Positive,Enterococcaceae,1,Low,1,Abattoir,Portugal,Unknown,5,0,0,0,0,0,0,2016,0,0,1,1,1,1,1,1,1,1,1,0,0,1,1,0,1,0,1,0,1,0,0,14,0.609,MDR,1
ISO-01439,Soil,Environment,🌱,Acinetobacter baumannii,Negative,Moraxellaceae,0,Low,1,Agricultural field,USA,N/A,-1,0,0,0,0,0,0,2016,1,1,1,1,1,1,1,0,0,1,1,0,1,1,0,0,1,1,1,0,1,0,1,16,0.696,MDR,1
ISO-01440,Food,Environment,🥩,Salmonella spp.,Negative,Enterobacteriaceae,1,High,3,Slaughterhouse,USA,N/A,-1,0,0,0,0,0,0,2020,1,0,0,0,0,0,0,0,0,0,0,0,0,0,0,0,0,0,1,0,0,0,0,2,0.087,Intermediate,0
ISO-01441,Human,Human,🧑,Clostridioides difficile,Positive,Clostridiaceae,1,Moderate,2,Long-term care,Netherlands,Male,86,0,0,0,0,0,0,2016,1,1,1,1,1,1,1,1,0,0,0,0,0,0,0,0,0,0,0,0,0,1,0,9,0.391,Intermediate,0
ISO-01442,Human,Human,🧑,Enterococcus faecalis,Positive,Enterococcaceae,1,Low,1,Hospital,United Kingdom,Female,7,1,0,0,0,0,0,2016,0,0,1,1,1,1,1,1,0,0,1,1,1,0,0,0,0,1,0,0,1,0,1,12,0.522,MDR,1
ISO-01443,Human,Human,🧑,Enterobacter cloacae,Negative,Enterobacteriaceae,0,Low,1,Community,Poland,Male,53,0,0,1,0,0,0,2021,1,1,0,1,1,1,1,1,0,0,0,1,0,1,0,0,0,0,1,0,0,0,0,10,0.435,Intermediate,0
ISO-01444,Human,Human,🧑,Staphylococcus pseudintermedius,Positive,Staphylococcaceae,1,Low,1,Community,Germany,Male,98,0,0,0,0,0,0,2024,0,0,0,1,1,0,1,0,0,0,0,0,1,1,0,0,0,0,1,0,1,0,0,7,0.304,Intermediate,0
ISO-01445,Human,Human,🧑,Enterococcus faecalis,Positive,Enterococcaceae,1,Low,1,Community,South Africa,Female,74,1,0,0,0,0,0,2015,0,0,0,1,1,1,1,1,1,0,1,1,0,0,1,0,0,0,1,1,1,1,0,13,0.565,MDR,1
ISO-01446,Poultry,Livestock,🐔,Salmonella spp.,Negative,Enterobacteriaceae,1,High,3,Layer farm,United Kingdom,Male,2,1,0,0,0,0,0,2016,0,0,0,0,0,1,0,0,0,0,0,1,0,0,1,0,0,0,1,0,0,1,0,5,0.217,Intermediate,0
ISO-01447,Water,Environment,💧,Enterobacter cloacae,Negative,Enterobacteriaceae,0,Low,1,River,South Africa,N/A,-1,0,0,0,0,0,0,2019,1,1,0,1,1,1,0,0,0,0,1,0,1,0,1,0,0,0,1,0,0,0,0,9,0.391,Intermediate,0
ISO-01448,Poultry,Livestock,🐔,Staphylococcus aureus,Positive,Staphylococcaceae,1,Moderate,2,Broiler farm,India,Male,1,1,0,0,0,0,0,2020,1,0,0,1,0,0,1,0,0,0,0,0,1,1,0,0,0,0,0,0,1,0,0,6,0.261,Intermediate,0
ISO-01449,Canine,Companion,🐕,Staphylococcus aureus,Positive,Staphylococcaceae,1,Moderate,2,Home,Netherlands,Male,7,0,0,0,0,0,0,2022,0,1,1,0,0,0,1,0,0,0,0,0,0,0,0,0,0,0,1,0,1,0,0,5,0.217,Intermediate,0
ISO-01450,Human,Human,🧑,Campylobacter jejuni,Negative,Campylobacteraceae,1,Very High,4,Community,Netherlands,Male,24,0,0,0,0,0,0,2016,1,0,0,0,1,1,1,0,0,0,1,1,0,0,0,0,0,0,1,0,0,0,0,7,0.304,Intermediate,0
ISO-01451,Wild Bird,Wildlife,🦅,Escherichia coli,Negative,Enterobacteriaceae,1,High,3,Nature reserve,United Kingdom,Unknown,1,0,0,0,0,0,0,2023,0,0,0,0,0,1,0,0,0,0,0,0,0,1,1,0,0,0,1,0,0,1,0,5,0.217,Intermediate,0
ISO-01452,Canine,Companion,🐕,Acinetobacter baumannii,Negative,Moraxellaceae,0,Low,1,Veterinary clinic,France,Male,0,0,0,0,0,0,0,2018,1,1,1,1,1,1,1,1,0,0,0,0,0,1,1,1,1,1,1,1,0,1,1,17,0.739,MDR,1
ISO-01453,Water,Environment,💧,Escherichia coli,Negative,Enterobacteriaceae,1,High,3,Wastewater treatment,France,N/A,-1,0,0,0,0,0,0,2018,1,1,0,0,1,0,0,0,0,0,0,1,0,0,1,0,0,0,0,0,0,1,0,6,0.261,Intermediate,0
ISO-01454,Soil,Environment,🌱,Acinetobacter baumannii,Negative,Moraxellaceae,0,Low,1,Agricultural field,Italy,N/A,-1,0,0,0,0,0,0,2018,1,1,1,1,1,1,0,0,0,1,1,1,1,1,1,0,1,1,0,0,0,0,1,15,0.652,MDR,1
ISO-01455,Bovine,Livestock,🐄,Pasteurella multocida,Negative,Pasteurellaceae,1,Moderate,2,Dairy farm,Portugal,Female,17,0,0,0,0,0,0,2021,0,0,0,0,0,0,0,0,0,0,0,0,0,1,0,0,0,0,0,0,0,1,0,2,0.087,Intermediate,0
ISO-01456,Human,Human,🧑,Salmonella spp.,Negative,Enterobacteriaceae,1,High,3,Hospital,France,Male,71,0,0,0,0,0,0,2016,0,0,0,0,0,0,0,0,0,0,0,0,1,0,0,0,0,0,1,0,0,1,0,3,0.13,Intermediate,0
ISO-01457,Human,Human,🧑,Enterobacter cloacae,Negative,Enterobacteriaceae,0,Low,1,Community,South Africa,Female,53,1,0,0,0,0,0,2015,1,1,1,1,1,1,0,1,0,0,0,1,0,1,0,0,1,1,1,0,0,0,0,12,0.522,MDR,1
ISO-01458,Porcine,Livestock,🐷,Staphylococcus aureus,Positive,Staphylococcaceae,1,Moderate,2,Pig farm,Spain,Unknown,3,1,0,0,0,0,0,2021,1,0,0,1,0,0,0,0,1,0,0,0,1,0,0,1,1,0,0,0,1,1,0,8,0.348,Intermediate,0
ISO-01459,Soil,Environment,🌱,Acinetobacter baumannii,Negative,Moraxellaceae,0,Low,1,Urban soil,Spain,N/A,-1,0,0,0,0,0,0,2016,1,1,1,1,1,0,1,1,0,0,1,1,0,1,1,1,1,1,1,0,0,1,1,17,0.739,MDR,1
ISO-01460,Bovine,Livestock,🐄,Klebsiella pneumoniae,Negative,Enterobacteriaceae,1,Moderate,2,Dairy farm,Germany,Female,4,1,0,1,0,0,0,2021,1,1,1,1,1,1,1,1,0,0,0,0,1,0,0,0,1,0,1,0,0,0,0,11,0.478,Intermediate,0
ISO-01461,Wild Bird,Wildlife,🦅,Campylobacter jejuni,Negative,Campylobacteraceae,1,Very High,4,Wildlife rescue,Portugal,Unknown,0,0,0,0,0,0,0,2017,0,0,1,0,1,0,0,1,0,0,0,1,0,0,0,0,0,0,1,0,0,0,0,5,0.217,Intermediate,0
ISO-01462,Poultry,Livestock,🐔,Staphylococcus aureus,Positive,Staphylococcaceae,1,Moderate,2,Layer farm,France,Unknown,0,0,0,0,0,0,0,2017,1,0,0,1,1,0,1,0,0,0,0,1,0,0,0,0,1,0,0,0,1,0,0,7,0.304,Intermediate,0
ISO-01463,Human,Human,🧑,Salmonella spp.,Negative,Enterobacteriaceae,1,High,3,Community,USA,Male,63,1,0,0,0,0,0,2022,1,0,1,0,1,0,1,0,0,0,0,0,1,0,0,0,0,0,1,0,0,1,0,7,0.304,Intermediate,0
ISO-01464,Bovine,Livestock,🐄,Staphylococcus aureus,Positive,Staphylococcaceae,1,Moderate,2,Veterinary clinic,Brazil,Unknown,0,0,0,0,0,0,0,2022,1,0,0,0,1,0,1,1,0,0,0,0,0,0,1,0,0,0,1,0,1,0,0,7,0.304,Intermediate,0
ISO-01465,Canine,Companion,🐕,Enterococcus faecalis,Positive,Enterococcaceae,1,Low,1,Veterinary clinic,Italy,Female,0,0,0,0,0,0,0,2022,0,0,0,1,1,1,1,1,0,0,1,0,0,1,0,0,0,1,1,0,1,0,0,10,0.435,Intermediate,0
ISO-01466,Feline,Companion,🐈,Klebsiella pneumoniae,Negative,Enterobacteriaceae,1,Moderate,2,Home,Italy,Female,9,0,0,0,0,0,0,2024,1,1,0,0,0,0,0,0,1,0,0,0,0,1,0,0,0,0,1,0,0,1,0,6,0.261,Intermediate,0
ISO-01467,Porcine,Livestock,🐷,Escherichia coli,Negative,Enterobacteriaceae,1,High,3,Abattoir,Italy,Female,1,1,0,0,0,0,0,2015,1,1,0,1,0,1,1,0,1,0,0,0,1,1,0,0,0,1,1,0,1,0,0,11,0.478,Intermediate,0
ISO-01468,Human,Human,🧑,Pasteurella multocida,Negative,Pasteurellaceae,1,Moderate,2,Long-term care,Spain,Male,64,0,0,0,0,0,0,2016,0,0,0,0,0,0,0,0,0,0,0,0,0,0,0,0,0,0,1,0,0,0,0,1,0.043,Intermediate,0
ISO-01469,Equine,Companion,🐎,Escherichia coli,Negative,Enterobacteriaceae,1,High,3,Equine clinic,United Kingdom,Female,3,0,0,0,0,0,0,2024,0,1,0,1,0,0,0,0,0,0,0,0,1,0,1,0,0,0,0,0,0,1,0,5,0.217,Intermediate,0
ISO-01470,Human,Human,🧑,Clostridioides difficile,Positive,Clostridiaceae,1,Moderate,2,Hospital,Germany,Male,55,1,0,0,0,0,0,2023,1,1,0,1,1,1,1,1,0,0,1,1,0,1,1,0,0,0,0,0,0,0,0,11,0.478,Intermediate,0
ISO-01471,Soil,Environment,🌱,Escherichia coli,Negative,Enterobacteriaceae,1,High,3,Urban soil,Brazil,N/A,-1,0,0,1,0,0,0,2021,1,0,1,1,1,1,1,1,0,0,0,1,0,0,0,0,0,0,1,0,0,1,0,10,0.435,Intermediate,0
ISO-01472,Human,Human,🧑,Staphylococcus aureus,Positive,Staphylococcaceae,1,Moderate,2,Long-term care,South Africa,Male,75,0,1,0,0,0,0,2022,1,0,0,0,0,0,0,0,0,0,0,0,0,1,0,1,0,0,0,0,1,0,0,4,0.174,Intermediate,0
ISO-01473,Human,Human,🧑,Acinetobacter baumannii,Negative,Moraxellaceae,0,Low,1,Long-term care,USA,Male,95,1,1,0,0,0,0,2020,1,1,1,1,0,1,1,1,1,1,1,1,1,1,1,1,1,1,1,0,0,1,1,20,0.87,MDR,1
ISO-01474,Poultry,Livestock,🐔,Staphylococcus aureus,Positive,Staphylococcaceae,1,Moderate,2,Broiler farm,Netherlands,Male,1,1,0,0,0,0,0,2018,1,1,0,0,0,1,0,1,0,0,0,1,0,0,1,0,0,0,0,0,1,0,1,8,0.348,Intermediate,0
ISO-01475,Poultry,Livestock,🐔,Enterococcus faecium,Positive,Enterococcaceae,1,Moderate,2,Broiler farm,Poland,Female,3,1,0,0,0,0,0,2020,1,1,1,1,1,1,1,1,1,1,1,0,1,1,0,0,1,0,1,0,1,0,0,16,0.696,MDR,1
ISO-01476,Poultry,Livestock,🐔,Enterococcus faecalis,Positive,Enterococcaceae,1,Low,1,Broiler farm,India,Male,2,0,0,0,0,0,0,2020,0,0,0,1,1,1,1,1,1,1,1,1,0,1,0,0,0,0,0,0,1,0,0,11,0.478,Intermediate,0
ISO-01477,Porcine,Livestock,🐷,Enterococcus faecium,Positive,Enterococcaceae,1,Moderate,2,Pig farm,Germany,Male,0,0,0,0,0,0,0,2019,0,1,1,1,1,1,1,1,1,1,1,1,0,0,0,1,0,1,0,0,1,1,0,15,0.652,MDR,1
ISO-01478,Food,Environment,🥩,Enterococcus faecium,Positive,Enterococcaceae,1,Moderate,2,Retail,United Kingdom,N/A,-1,0,0,0,0,0,0,2016,1,1,1,1,1,1,1,1,1,1,1,1,0,0,1,1,0,0,0,0,1,0,0,15,0.652,MDR,1
ISO-01479,Poultry,Livestock,🐔,Escherichia coli,Negative,Enterobacteriaceae,1,High,3,Abattoir,Italy,Male,1,1,0,0,0,0,0,2017,1,1,0,0,0,0,1,0,0,1,0,0,0,0,0,0,0,1,1,1,0,1,0,8,0.348,Intermediate,0
ISO-01480,Porcine,Livestock,🐷,Clostridioides difficile,Positive,Clostridiaceae,1,Moderate,2,Veterinary clinic,France,Male,3,0,0,0,0,0,0,2019,0,1,1,1,1,1,1,1,1,0,1,0,0,1,0,0,1,0,0,0,0,0,0,11,0.478,Intermediate,0
ISO-01481,Porcine,Livestock,🐷,Staphylococcus aureus,Positive,Staphylococcaceae,1,Moderate,2,Pig farm,India,Male,1,1,0,0,0,0,0,2015,1,1,1,1,0,0,1,0,0,0,0,1,0,0,0,0,1,0,0,0,1,0,0,8,0.348,Intermediate,0
ISO-01482,Human,Human,🧑,Escherichia coli,Negative,Enterobacteriaceae,1,High,3,Long-term care,Italy,Female,77,0,1,1,0,0,0,2022,0,1,0,1,1,1,1,1,0,1,0,0,0,0,0,0,0,0,1,0,0,0,0,8,0.348,Intermediate,0
ISO-01483,Canine,Companion,🐕,Clostridioides difficile,Positive,Clostridiaceae,1,Moderate,2,Veterinary clinic,Portugal,Male,2,0,0,0,0,0,0,2021,1,0,1,1,1,1,1,1,0,0,0,1,1,0,0,0,0,0,0,0,1,0,0,10,0.435,Intermediate,0
ISO-01484,Human,Human,🧑,Klebsiella pneumoniae,Negative,Enterobacteriaceae,1,Moderate,2,Long-term care,South Africa,Male,60,1,0,1,0,0,0,2015,1,0,0,1,1,1,1,1,1,1,0,1,1,0,0,0,1,1,1,0,0,1,0,14,0.609,MDR,1
ISO-01485,Canine,Companion,🐕,Escherichia coli,Negative,Enterobacteriaceae,1,High,3,Veterinary clinic,South Africa,Male,11,0,0,0,0,0,0,2015,0,1,1,0,0,0,0,0,0,0,1,1,0,0,0,0,0,0,0,0,0,1,0,5,0.217,Intermediate,0
ISO-01486,Human,Human,🧑,Enterobacter cloacae,Negative,Enterobacteriaceae,0,Low,1,Hospital,South Africa,Male,88,0,1,0,0,0,0,2022,1,1,0,1,1,0,0,0,0,0,0,1,0,1,0,0,0,0,1,0,0,0,0,7,0.304,Intermediate,0
ISO-01487,Food,Environment,🥩,Campylobacter jejuni,Negative,Campylobacteraceae,1,Very High,4,Slaughterhouse,USA,N/A,-1,0,0,0,0,0,0,2017,1,0,0,1,1,0,1,1,0,0,0,1,1,0,0,0,0,0,0,0,0,0,0,7,0.304,Intermediate,0
ISO-01488,Porcine,Livestock,🐷,Clostridioides difficile,Positive,Clostridiaceae,1,Moderate,2,Pig farm,Spain,Male,9,0,0,0,0,0,0,2017,1,1,1,1,1,1,1,1,0,0,1,1,0,0,0,0,0,0,0,1,0,0,0,11,0.478,Intermediate,0
ISO-01489,Water,Environment,💧,Salmonella spp.,Negative,Enterobacteriaceae,1,High,3,River,Italy,N/A,-1,0,0,0,0,0,0,2017,1,0,0,0,0,0,1,0,0,0,0,0,0,0,0,0,0,0,1,0,0,0,0,3,0.13,Intermediate,0
ISO-01490,Porcine,Livestock,🐷,Clostridioides difficile,Positive,Clostridiaceae,1,Moderate,2,Abattoir,India,Unknown,0,1,0,0,0,0,0,2019,1,1,1,1,1,1,1,1,0,0,0,1,1,0,0,0,0,1,0,0,1,1,1,14,0.609,MDR,1
ISO-01491,Human,Human,🧑,Salmonella spp.,Negative,Enterobacteriaceae,1,High,3,Hospital,Poland,Male,47,1,1,0,0,0,0,2015,0,1,0,1,0,0,1,0,0,0,0,1,0,1,0,0,0,0,1,0,0,0,0,6,0.261,Intermediate,0
ISO-01492,Wild Boar,Wildlife,🐗,Clostridioides difficile,Positive,Clostridiaceae,1,Moderate,2,Hunting area,Poland,Unknown,2,0,0,0,0,0,0,2024,1,1,0,0,1,1,1,1,0,0,1,1,0,0,0,0,0,0,0,0,1,1,0,10,0.435,Intermediate,0
ISO-01493,Canine,Companion,🐕,Staphylococcus aureus,Positive,Staphylococcaceae,1,Moderate,2,Home,India,Female,9,0,0,0,0,0,0,2023,0,0,0,1,0,0,0,0,0,0,0,0,0,0,1,0,0,0,0,0,1,0,0,3,0.13,Intermediate,0
ISO-01494,Wild Bird,Wildlife,🦅,Escherichia coli,Negative,Enterobacteriaceae,1,High,3,Nature reserve,India,Unknown,1,0,0,1,0,0,0,2020,1,1,0,1,1,1,1,1,1,0,0,0,0,1,0,0,0,0,1,1,0,0,0,11,0.478,Intermediate,0
ISO-01495,Porcine,Livestock,🐷,Pasteurella multocida,Negative,Pasteurellaceae,1,Moderate,2,Pig farm,Portugal,Male,4,0,0,0,0,0,0,2024,0,0,0,1,0,0,0,0,0,0,0,0,0,0,0,0,1,0,0,1,0,1,0,4,0.174,Intermediate,0
ISO-01496,Canine,Companion,🐕,Escherichia coli,Negative,Enterobacteriaceae,1,High,3,Animal shelter,Netherlands,Male,1,1,0,0,0,0,0,2018,0,1,0,0,0,0,0,0,1,0,1,0,0,0,0,0,0,0,1,0,0,0,0,4,0.174,Intermediate,0
ISO-01497,Wild Boar,Wildlife,🐗,Clostridioides difficile,Positive,Clostridiaceae,1,Moderate,2,Research station,Germany,Male,0,0,0,0,0,0,0,2023,1,1,0,1,1,1,1,1,0,0,0,0,0,0,0,0,0,0,0,0,0,1,0,8,0.348,Intermediate,0
ISO-01498,Canine,Companion,🐕,Klebsiella pneumoniae,Negative,Enterobacteriaceae,1,Moderate,2,Veterinary clinic,Brazil,Female,1,1,0,0,0,0,0,2020,1,1,0,0,0,1,1,1,0,1,0,0,1,0,0,1,0,0,1,0,0,1,0,10,0.435,Intermediate,0
ISO-01499,Bovine,Livestock,🐄,Pasteurella multocida,Negative,Pasteurellaceae,1,Moderate,2,Beef farm,Portugal,Unknown,4,0,0,0,0,0,0,2022,1,0,0,0,0,0,0,0,0,1,0,0,0,0,0,0,0,1,0,0,0,1,0,4,0.174,Intermediate,0
ISO-01500,Feline,Companion,🐈,Staphylococcus aureus,Positive,Staphylococcaceae,1,Moderate,2,Home,France,Male,2,0,0,0,0,0,0,2017,1,0,0,0,0,0,1,1,0,0,0,0,1,0,0,0,0,0,0,0,1,0,0,5,0.217,Intermediate,0
ISO-01501,Feline,Companion,🐈,Staphylococcus aureus,Positive,Staphylococcaceae,1,Moderate,2,Veterinary clinic,South Africa,Male,9,0,0,0,0,0,0,2021,0,0,0,0,0,0,0,1,0,0,0,0,1,1,0,1,0,0,0,0,0,0,0,4,0.174,Intermediate,0
ISO-01502,Food,Environment,🥩,Escherichia coli,Negative,Enterobacteriaceae,1,High,3,Retail,USA,N/A,-1,1,0,0,0,0,0,2022,0,0,0,1,1,0,0,0,0,1,0,1,0,0,0,0,1,0,1,0,0,1,0,7,0.304,Intermediate,0
ISO-01503,Bovine,Livestock,🐄,Enterococcus faecalis,Positive,Enterococcaceae,1,Low,1,Beef farm,Portugal,Female,4,1,0,0,0,0,0,2015,0,0,0,1,1,1,1,1,1,0,1,0,0,1,1,1,0,0,1,0,1,0,0,12,0.522,MDR,1
ISO-01504,Porcine,Livestock,🐷,Clostridioides difficile,Positive,Clostridiaceae,1,Moderate,2,Abattoir,United Kingdom,Female,1,1,0,0,0,0,0,2021,1,1,1,1,1,1,1,1,0,0,0,1,1,0,1,1,0,1,0,0,1,0,0,14,0.609,MDR,1
ISO-01505,Wild Bird,Wildlife,🦅,Campylobacter jejuni,Negative,Campylobacteraceae,1,Very High,4,Wildlife rescue,South Africa,Unknown,5,0,0,0,0,0,0,2019,0,0,0,1,1,0,1,1,0,0,0,0,1,0,0,0,0,0,1,0,0,0,0,6,0.261,Intermediate,0
ISO-01506,Poultry,Livestock,🐔,Escherichia coli,Negative,Enterobacteriaceae,1,High,3,Layer farm,South Africa,Unknown,0,1,0,0,0,0,0,2021,1,1,0,1,1,1,1,0,0,0,0,1,0,1,0,0,0,0,0,0,0,1,0,9,0.391,Intermediate,0
ISO-01507,Equine,Companion,🐎,Mannheimia haemolytica,Negative,Pasteurellaceae,0,Negligible,0,Farm,Germany,Female,2,0,0,0,0,0,0,2017,1,0,0,0,0,0,0,0,0,0,0,0,0,1,0,0,0,0,0,0,0,1,0,3,0.13,Intermediate,0
ISO-01508,Porcine,Livestock,🐷,Salmonella spp.,Negative,Enterobacteriaceae,1,High,3,Veterinary clinic,Netherlands,Female,4,0,0,0,0,0,0,2017,1,1,0,0,1,0,0,0,0,0,0,0,1,0,0,0,0,0,0,0,0,0,0,4,0.174,Intermediate,0
ISO-01509,Human,Human,🧑,Campylobacter jejuni,Negative,Campylobacteraceae,1,Very High,4,Long-term care,South Africa,Female,86,1,0,0,0,0,0,2022,0,1,0,1,1,0,1,1,0,0,0,1,0,0,0,1,0,0,1,0,0,0,0,8,0.348,Intermediate,0
ISO-01510,Equine,Companion,🐎,Acinetobacter baumannii,Negative,Moraxellaceae,0,Low,1,Equine clinic,Portugal,Male,0,1,0,0,0,0,0,2022,1,1,1,1,1,1,1,1,1,1,1,1,1,0,1,0,1,1,1,1,0,1,1,20,0.87,MDR,1
ISO-01511,Human,Human,🧑,Klebsiella pneumoniae,Negative,Enterobacteriaceae,1,Moderate,2,Long-term care,Poland,Female,26,0,0,0,0,0,0,2018,1,0,0,0,0,1,0,0,0,0,0,0,0,1,0,1,0,0,0,0,0,0,0,4,0.174,Intermediate,0
ISO-01512,Human,Human,🧑,Acinetobacter baumannii,Negative,Moraxellaceae,0,Low,1,Long-term care,South Africa,Female,40,1,0,0,0,0,0,2023,1,1,0,1,1,1,1,1,1,0,1,1,1,1,0,1,1,1,1,1,0,0,1,18,0.783,MDR,1
ISO-01513,Canine,Companion,🐕,Enterococcus faecalis,Positive,Enterococcaceae,1,Low,1,Home,Brazil,Female,3,0,0,0,0,0,0,2015,0,0,0,1,1,1,1,1,0,0,1,0,0,0,0,0,0,0,1,0,1,0,0,8,0.348,Intermediate,0
ISO-01514,Equine,Companion,🐎,Escherichia coli,Negative,Enterobacteriaceae,1,High,3,Farm,Poland,Female,2,0,1,0,0,0,0,2017,1,0,0,1,1,0,0,0,0,0,1,0,1,1,0,0,0,0,0,0,0,0,0,6,0.261,Intermediate,0
ISO-01515,Water,Environment,💧,Escherichia coli,Negative,Enterobacteriaceae,1,High,3,River,Spain,N/A,-1,0,1,0,0,0,0,2020,0,0,0,0,0,0,0,0,0,0,0,0,1,0,0,1,0,1,1,0,0,0,0,4,0.174,Intermediate,0
ISO-01516,Human,Human,🧑,Campylobacter jejuni,Negative,Campylobacteraceae,1,Very High,4,Hospital,Italy,Female,94,0,0,0,0,0,0,2022,0,0,1,1,1,0,0,1,1,0,0,0,0,0,0,0,0,0,0,0,0,0,0,5,0.217,Intermediate,0
ISO-01517,Human,Human,🧑,Acinetobacter baumannii,Negative,Moraxellaceae,0,Low,1,Community,Poland,Male,30,0,0,0,0,0,0,2021,1,1,0,1,1,1,0,0,0,1,0,1,1,0,0,0,1,1,1,1,0,1,1,14,0.609,MDR,1
ISO-01518,Soil,Environment,🌱,Escherichia coli,Negative,Enterobacteriaceae,1,High,3,Forest,Portugal,N/A,-1,1,0,0,0,0,0,2021,0,1,0,1,1,0,0,1,0,0,0,0,0,0,0,0,0,0,0,0,0,0,0,4,0.174,Intermediate,0
ISO-01519,Human,Human,🧑,Campylobacter jejuni,Negative,Campylobacteraceae,1,Very High,4,Hospital,Italy,Male,41,1,1,0,0,0,0,2015,1,1,1,1,1,0,1,1,0,0,0,0,0,0,0,0,0,0,1,0,0,0,0,8,0.348,Intermediate,0
ISO-01520,Human,Human,🧑,Staphylococcus aureus,Positive,Staphylococcaceae,1,Moderate,2,Community,India,Female,78,0,0,0,0,0,0,2017,1,0,0,0,1,1,1,1,0,0,0,0,0,0,0,1,0,0,0,0,1,0,0,7,0.304,Intermediate,0
ISO-01521,Bovine,Livestock,🐄,Staphylococcus aureus,Positive,Staphylococcaceae,1,Moderate,2,Dairy farm,Poland,Female,10,1,0,0,0,0,0,2021,1,0,0,0,0,1,1,0,0,0,0,1,1,0,1,1,0,0,1,0,1,0,0,9,0.391,Intermediate,0
ISO-01522,Poultry,Livestock,🐔,Pasteurella multocida,Negative,Pasteurellaceae,1,Moderate,2,Broiler farm,India,Female,11,0,0,0,0,0,0,2019,0,0,1,0,0,0,0,0,0,0,0,1,0,1,0,0,0,1,0,0,0,0,0,4,0.174,Intermediate,0
ISO-01523,Water,Environment,💧,Enterobacter cloacae,Negative,Enterobacteriaceae,0,Low,1,River,United Kingdom,N/A,-1,0,0,0,0,0,0,2022,1,1,1,1,1,0,0,0,0,0,0,1,0,0,0,0,0,0,1,0,0,1,0,8,0.348,Intermediate,0
ISO-01524,Wild Bird,Wildlife,🦅,Campylobacter jejuni,Negative,Campylobacteraceae,1,Very High,4,Research station,Italy,Unknown,1,0,0,0,0,0,0,2018,0,1,0,1,1,0,1,1,0,0,0,1,1,1,0,0,0,0,0,0,0,0,0,8,0.348,Intermediate,0
ISO-01525,Feline,Companion,🐈,Staphylococcus pseudintermedius,Positive,Staphylococcaceae,1,Low,1,Veterinary clinic,Italy,Male,14,1,1,0,0,0,0,2016,0,0,0,0,0,0,0,1,0,0,0,0,1,1,0,1,0,0,1,0,1,1,0,7,0.304,Intermediate,0
ISO-01526,Human,Human,🧑,Clostridioides difficile,Positive,Clostridiaceae,1,Moderate,2,Hospital,USA,Male,78,0,0,0,0,0,0,2021,1,0,1,1,1,1,0,1,0,0,0,0,1,0,0,0,0,0,0,0,0,1,0,8,0.348,Intermediate,0
ISO-01527,Bovine,Livestock,🐄,Staphylococcus aureus,Positive,Staphylococcaceae,1,Moderate,2,Dairy farm,Spain,Unknown,0,1,0,0,0,0,0,2020,1,0,0,0,0,0,1,1,0,1,0,1,1,0,1,1,0,0,0,0,1,0,0,9,0.391,Intermediate,0
ISO-01528,Porcine,Livestock,🐷,Enterococcus faecalis,Positive,Enterococcaceae,1,Low,1,Abattoir,Poland,Female,0,1,0,0,0,0,0,2020,0,1,1,1,1,1,1,1,1,1,1,0,0,0,0,1,1,1,1,1,1,1,0,17,0.739,MDR,1
ISO-01529,Human,Human,🧑,Pasteurella multocida,Negative,Pasteurellaceae,1,Moderate,2,Hospital,USA,Male,23,1,0,0,0,0,0,2022,0,0,0,1,1,1,0,1,0,0,0,0,0,0,1,0,0,0,0,0,0,0,0,5,0.217,Intermediate,0
ISO-01530,Human,Human,🧑,Enterococcus faecium,Positive,Enterococcaceae,1,Moderate,2,Long-term care,Italy,Female,26,0,0,0,0,0,0,2022,0,1,1,1,1,1,1,1,1,0,1,0,1,0,1,0,0,0,1,0,1,0,0,13,0.565,MDR,1
ISO-01531,Bovine,Livestock,🐄,Klebsiella pneumoniae,Negative,Enterobacteriaceae,1,Moderate,2,Beef farm,South Africa,Male,4,0,0,1,0,0,0,2021,1,0,0,1,1,1,1,1,1,1,0,1,0,0,0,0,0,0,0,0,0,1,0,10,0.435,Intermediate,0
ISO-01532,Human,Human,🧑,Pasteurella multocida,Negative,Pasteurellaceae,1,Moderate,2,Hospital,United Kingdom,Male,36,1,0,0,0,0,0,2015,1,0,0,0,0,0,0,0,0,0,0,0,0,0,0,0,0,0,0,0,0,0,0,1,0.043,Intermediate,0
ISO-01533,Poultry,Livestock,🐔,Enterococcus faecalis,Positive,Enterococcaceae,1,Low,1,Layer farm,Italy,Male,0,0,0,0,0,0,0,2021,0,1,0,1,1,1,1,1,1,1,1,0,1,1,0,0,0,0,1,0,1,0,0,13,0.565,MDR,1
ISO-01534,Feline,Companion,🐈,Pasteurella multocida,Negative,Pasteurellaceae,1,Moderate,2,Home,USA,Male,7,0,0,0,0,0,0,2016,0,1,0,0,1,0,0,0,0,0,0,0,0,0,0,0,0,0,0,0,0,0,0,2,0.087,Intermediate,0
ISO-01535,Human,Human,🧑,Klebsiella pneumoniae,Negative,Enterobacteriaceae,1,Moderate,2,Community,Netherlands,Male,79,1,0,1,0,0,0,2024,1,1,1,1,1,1,1,1,0,0,0,0,1,0,0,0,0,0,1,0,0,1,0,11,0.478,Intermediate,0
ISO-01536,Poultry,Livestock,🐔,Escherichia coli,Negative,Enterobacteriaceae,1,High,3,Broiler farm,Poland,Unknown,3,0,0,0,0,0,0,2024,0,1,0,0,1,0,0,0,0,0,0,1,0,0,0,0,0,0,0,0,0,0,0,3,0.13,Intermediate,0
ISO-01537,Wild Bird,Wildlife,🦅,Campylobacter jejuni,Negative,Campylobacteraceae,1,Very High,4,Wildlife rescue,Germany,Unknown,4,0,0,0,0,0,0,2024,1,0,0,1,1,0,1,1,0,0,0,0,1,0,0,0,0,0,0,0,0,0,0,6,0.261,Intermediate,0
ISO-01538,Equine,Companion,🐎,Klebsiella pneumoniae,Negative,Enterobacteriaceae,1,Moderate,2,Equine clinic,France,Female,6,1,0,0,0,0,0,2022,1,0,0,1,1,1,0,1,0,1,0,0,0,1,1,0,0,0,1,1,0,0,0,10,0.435,Intermediate,0
ISO-01539,Wild Bird,Wildlife,🦅,Escherichia coli,Negative,Enterobacteriaceae,1,High,3,Research station,Italy,Unknown,4,1,0,0,0,0,0,2023,0,1,0,0,0,0,0,0,1,0,0,0,0,0,1,0,1,0,0,0,0,1,0,5,0.217,Intermediate,0
ISO-01540,Porcine,Livestock,🐷,Salmonella spp.,Negative,Enterobacteriaceae,1,High,3,Veterinary clinic,Netherlands,Female,2,1,0,0,0,0,0,2024,1,1,0,0,1,0,1,0,1,0,0,0,0,0,0,0,0,0,0,0,0,1,1,7,0.304,Intermediate,0
ISO-01541,Wild Boar,Wildlife,🐗,Clostridioides difficile,Positive,Clostridiaceae,1,Moderate,2,Research station,United Kingdom,Unknown,0,0,0,0,0,0,0,2021,1,1,1,1,1,1,1,1,0,0,0,1,0,0,0,0,0,0,0,0,1,1,0,11,0.478,Intermediate,0
ISO-01542,Human,Human,🧑,Klebsiella pneumoniae,Negative,Enterobacteriaceae,1,Moderate,2,Hospital,Portugal,Female,42,1,0,0,0,0,0,2018,1,1,1,0,0,0,0,0,0,0,1,1,0,1,0,0,0,0,0,1,0,1,0,8,0.348,Intermediate,0
ISO-01543,Bovine,Livestock,🐄,Mannheimia haemolytica,Negative,Pasteurellaceae,0,Negligible,0,Beef farm,France,Male,7,1,0,0,0,0,0,2021,1,0,0,1,0,0,0,1,0,0,0,1,0,1,1,1,0,1,1,0,0,1,0,10,0.435,Intermediate,0
ISO-01544,Human,Human,🧑,Campylobacter jejuni,Negative,Campylobacteraceae,1,Very High,4,Long-term care,USA,Female,27,0,0,0,0,0,0,2022,0,0,0,1,1,0,1,1,0,0,0,0,0,0,0,0,0,0,0,0,0,1,0,5,0.217,Intermediate,0
ISO-01545,Porcine,Livestock,🐷,Escherichia coli,Negative,Enterobacteriaceae,1,High,3,Veterinary clinic,Portugal,Female,1,1,0,0,0,0,0,2015,1,1,0,1,0,0,1,0,0,0,0,0,1,0,0,1,0,0,1,0,0,0,0,7,0.304,Intermediate,0
ISO-01546,Porcine,Livestock,🐷,Escherichia coli,Negative,Enterobacteriaceae,1,High,3,Abattoir,Italy,Male,0,0,0,0,0,0,0,2019,1,0,1,1,0,0,0,0,0,0,0,0,0,0,0,1,0,0,0,0,0,0,0,4,0.174,Intermediate,0
ISO-01547,Human,Human,🧑,Escherichia coli,Negative,Enterobacteriaceae,1,High,3,Community,France,Female,52,0,0,1,0,0,0,2021,1,1,0,1,1,1,1,1,0,0,0,0,0,1,0,0,0,0,0,0,0,0,0,8,0.348,Intermediate,0
ISO-01548,Equine,Companion,🐎,Klebsiella pneumoniae,Negative,Enterobacteriaceae,1,Moderate,2,Racing stable,Germany,Male,0,1,0,0,0,0,0,2024,1,0,0,1,0,1,1,0,0,0,1,0,1,0,0,0,0,1,0,0,0,1,1,9,0.391,Intermediate,0
ISO-01549,Bovine,Livestock,🐄,Klebsiella pneumoniae,Negative,Enterobacteriaceae,1,Moderate,2,Beef farm,Netherlands,Female,1,1,0,0,0,0,0,2020,1,0,0,1,0,1,1,0,0,0,1,0,1,1,1,1,0,0,0,1,0,1,1,12,0.522,MDR,1
ISO-01550,Human,Human,🧑,Clostridioides difficile,Positive,Clostridiaceae,1,Moderate,2,Long-term care,USA,Female,66,1,0,0,0,0,0,2022,1,1,1,1,1,1,1,1,1,1,0,1,0,0,0,0,0,0,0,0,1,0,1,13,0.565,MDR,1
ISO-01551,Human,Human,🧑,Acinetobacter baumannii,Negative,Moraxellaceae,0,Low,1,Hospital,South Africa,Female,44,1,0,0,0,0,0,2022,1,1,1,1,1,1,1,1,1,1,1,1,1,1,1,1,1,1,1,0,1,1,1,22,0.957,MDR,1
ISO-01552,Porcine,Livestock,🐷,Staphylococcus aureus,Positive,Staphylococcaceae,1,Moderate,2,Veterinary clinic,Netherlands,Unknown,8,0,0,0,0,1,0,2015,1,1,0,0,1,0,1,0,1,1,0,0,0,0,0,0,1,1,0,0,1,1,1,11,0.478,Intermediate,0
ISO-01553,Bovine,Livestock,🐄,Enterococcus faecium,Positive,Enterococcaceae,1,Moderate,2,Beef farm,Portugal,Female,1,1,0,0,0,0,1,2022,1,1,1,1,1,1,1,1,1,0,1,1,0,0,1,1,1,1,1,1,1,1,0,19,0.826,MDR,1
ISO-01554,Bovine,Livestock,🐄,Campylobacter jejuni,Negative,Campylobacteraceae,1,Very High,4,Dairy farm,India,Male,2,0,0,0,0,0,0,2022,0,0,0,0,1,0,0,1,0,0,0,1,1,0,0,0,0,0,1,0,0,1,0,6,0.261,Intermediate,0
ISO-01555,Human,Human,🧑,Clostridioides difficile,Positive,Clostridiaceae,1,Moderate,2,Long-term care,Italy,Female,70,0,1,0,0,0,0,2015,1,1,1,1,1,1,1,1,0,0,0,0,1,0,0,0,0,0,1,1,0,1,0,12,0.522,MDR,1
ISO-01556,Wild Bird,Wildlife,🦅,Salmonella spp.,Negative,Enterobacteriaceae,1,High,3,Nature reserve,Brazil,Unknown,0,0,0,0,0,0,0,2023,0,0,0,0,0,0,0,0,0,0,0,1,0,0,0,0,0,0,1,0,0,1,0,3,0.13,Intermediate,0
ISO-01557,Soil,Environment,🌱,Enterobacter cloacae,Negative,Enterobacteriaceae,0,Low,1,Forest,Netherlands,N/A,-1,0,0,0,0,0,0,2019,1,0,0,1,1,0,0,0,0,0,0,0,0,0,0,0,0,0,0,0,0,1,0,4,0.174,Intermediate,0
ISO-01558,Poultry,Livestock,🐔,Campylobacter jejuni,Negative,Campylobacteraceae,1,Very High,4,Broiler farm,France,Unknown,0,1,0,0,0,0,0,2017,0,0,1,1,1,0,1,1,0,0,0,1,0,1,0,0,0,0,1,1,0,0,0,9,0.391,Intermediate,0
ISO-01559,Canine,Companion,🐕,Enterococcus faecium,Positive,Enterococcaceae,1,Moderate,2,Veterinary clinic,United Kingdom,Male,5,0,0,0,0,0,0,2017,1,1,1,0,1,1,1,1,0,0,1,0,1,1,0,0,1,0,1,1,1,0,0,14,0.609,MDR,1
ISO-01560,Water,Environment,💧,Salmonella spp.,Negative,Enterobacteriaceae,1,High,3,Drinking water,France,N/A,-1,0,0,0,0,0,0,2015,0,0,0,0,0,1,0,0,0,0,0,0,1,0,0,0,0,0,1,0,1,1,0,5,0.217,Intermediate,0
ISO-01561,Food,Environment,🥩,Enterococcus faecium,Positive,Enterococcaceae,1,Moderate,2,Processing plant,Netherlands,N/A,-1,0,0,0,0,0,1,2024,1,1,1,1,1,1,1,1,0,0,1,1,1,1,1,1,1,1,0,0,1,0,0,17,0.739,MDR,1
ISO-01562,Canine,Companion,🐕,Staphylococcus aureus,Positive,Staphylococcaceae,1,Moderate,2,Home,Poland,Female,5,0,1,0,0,0,0,2018,0,0,0,1,0,1,1,0,1,0,1,1,0,0,1,1,0,0,0,0,1,0,0,9,0.391,Intermediate,0
ISO-01563,Water,Environment,💧,Pseudomonas aeruginosa,Negative,Pseudomonadaceae,0,Low,1,River,Italy,N/A,-1,0,0,0,0,0,0,2023,1,1,0,1,1,1,0,0,0,0,1,0,0,0,0,0,1,1,1,0,0,1,1,11,0.478,Intermediate,0
ISO-01564,Water,Environment,💧,Pseudomonas aeruginosa,Negative,Pseudomonadaceae,0,Low,1,Wastewater treatment,Poland,N/A,-1,0,0,0,0,0,0,2016,1,1,0,1,1,1,0,0,0,1,1,0,0,0,0,0,1,1,1,1,0,1,1,13,0.565,MDR,1
ISO-01565,Wild Bird,Wildlife,🦅,Campylobacter jejuni,Negative,Campylobacteraceae,1,Very High,4,Research station,France,Unknown,1,0,0,0,0,0,0,2024,0,0,1,1,1,0,1,1,0,0,0,0,1,0,0,0,0,0,1,0,0,0,0,7,0.304,Intermediate,0
ISO-01566,Porcine,Livestock,🐷,Pasteurella multocida,Negative,Pasteurellaceae,1,Moderate,2,Pig farm,Spain,Male,0,0,0,0,0,0,0,2018,1,0,0,1,0,1,0,0,1,0,0,1,0,0,0,0,0,0,0,0,0,1,0,6,0.261,Intermediate,0
ISO-01567,Human,Human,🧑,Pasteurella multocida,Negative,Pasteurellaceae,1,Moderate,2,Long-term care,Poland,Female,36,0,0,0,0,0,0,2015,0,1,0,0,0,0,0,0,0,0,0,0,0,0,0,0,0,0,0,0,0,0,0,1,0.043,Intermediate,0
ISO-01568,Human,Human,🧑,Staphylococcus aureus,Positive,Staphylococcaceae,1,Moderate,2,Community,Brazil,Male,73,0,0,0,0,0,0,2021,1,0,0,0,0,0,0,0,0,0,0,0,0,0,0,0,0,0,1,0,1,1,0,4,0.174,Intermediate,0
ISO-01569,Porcine,Livestock,🐷,Escherichia coli,Negative,Enterobacteriaceae,1,High,3,Veterinary clinic,USA,Unknown,2,0,0,0,0,0,0,2019,1,1,1,1,0,0,0,0,0,0,0,0,1,0,1,0,0,0,1,0,0,0,1,8,0.348,Intermediate,0
ISO-01570,Poultry,Livestock,🐔,Enterococcus faecium,Positive,Enterococcaceae,1,Moderate,2,Layer farm,France,Male,0,0,0,0,0,0,0,2024,0,1,1,1,1,1,1,1,0,1,1,0,0,1,0,1,0,1,0,0,1,0,0,13,0.565,MDR,1
ISO-01571,Porcine,Livestock,🐷,Escherichia coli,Negative,Enterobacteriaceae,1,High,3,Veterinary clinic,USA,Female,1,0,0,0,0,0,0,2024,1,0,1,0,1,0,0,1,0,0,0,0,1,0,0,0,0,0,0,0,0,1,0,6,0.261,Intermediate,0
ISO-01572,Poultry,Livestock,🐔,Escherichia coli,Negative,Enterobacteriaceae,1,High,3,Broiler farm,Poland,Unknown,2,1,0,1,0,0,0,2021,1,0,1,1,1,1,1,1,0,0,0,1,1,1,1,0,0,0,1,0,0,0,1,13,0.565,MDR,1
ISO-01573,Poultry,Livestock,🐔,Pasteurella multocida,Negative,Pasteurellaceae,1,Moderate,2,Layer farm,Spain,Male,4,0,0,0,0,0,0,2017,1,0,0,0,0,0,0,0,0,0,0,0,0,0,1,0,0,0,1,0,0,0,0,3,0.13,Intermediate,0
ISO-01574,Wild Boar,Wildlife,🐗,Clostridioides difficile,Positive,Clostridiaceae,1,Moderate,2,Nature reserve,Italy,Male,9,0,0,0,0,0,0,2023,1,1,0,1,0,1,1,1,0,0,0,1,1,0,0,0,0,0,0,0,0,1,0,9,0.391,Intermediate,0
ISO-01575,Human,Human,🧑,Escherichia coli,Negative,Enterobacteriaceae,1,High,3,Long-term care,USA,Male,93,1,1,0,0,0,0,2021,1,0,1,0,1,1,0,0,0,0,0,0,1,0,0,0,0,0,1,1,0,1,0,8,0.348,Intermediate,0
ISO-01576,Human,Human,🧑,Pasteurella multocida,Negative,Pasteurellaceae,1,Moderate,2,Community,South Africa,Female,50,0,0,0,0,0,0,2024,0,0,0,0,0,0,0,0,0,0,0,0,0,0,0,0,0,0,1,0,0,0,0,1,0.043,Intermediate,0
ISO-01577,Wild Bird,Wildlife,🦅,Campylobacter jejuni,Negative,Campylobacteraceae,1,Very High,4,Nature reserve,South Africa,Unknown,0,0,0,0,0,0,0,2019,1,0,0,1,1,0,1,1,0,0,0,0,0,0,0,0,0,0,0,0,0,1,0,6,0.261,Intermediate,0
ISO-01578,Wild Boar,Wildlife,🐗,Escherichia coli,Negative,Enterobacteriaceae,1,High,3,Research station,Brazil,Unknown,1,0,0,0,0,0,0,2021,1,0,0,1,0,1,0,0,1,0,0,0,0,0,0,1,0,0,0,0,0,1,0,6,0.261,Intermediate,0
ISO-01579,Food,Environment,🥩,Salmonella spp.,Negative,Enterobacteriaceae,1,High,3,Processing plant,Poland,N/A,-1,0,0,0,0,0,0,2019,1,1,0,0,0,0,0,0,0,0,1,0,0,0,0,0,0,0,1,0,1,0,0,5,0.217,Intermediate,0
ISO-01580,Water,Environment,💧,Enterobacter cloacae,Negative,Enterobacteriaceae,0,Low,1,Wastewater treatment,United Kingdom,N/A,-1,0,0,1,0,0,0,2019,1,1,0,1,1,1,1,1,0,0,0,0,0,0,0,1,1,0,1,0,0,1,0,11,0.478,Intermediate,0
ISO-01581,Water,Environment,💧,Salmonella spp.,Negative,Enterobacteriaceae,1,High,3,Wastewater treatment,Brazil,N/A,-1,0,0,0,0,0,0,2019,0,0,0,0,1,0,0,0,0,0,0,0,0,0,0,0,0,0,0,0,0,0,0,1,0.043,Intermediate,0
ISO-01582,Bovine,Livestock,🐄,Klebsiella pneumoniae,Negative,Enterobacteriaceae,1,Moderate,2,Beef farm,France,Unknown,0,0,0,0,0,0,0,2018,1,0,0,1,0,0,0,0,0,0,1,0,0,1,0,0,0,0,0,0,0,0,0,4,0.174,Intermediate,0
ISO-01583,Porcine,Livestock,🐷,Enterococcus faecium,Positive,Enterococcaceae,1,Moderate,2,Abattoir,India,Unknown,10,1,0,0,0,0,0,2017,1,1,1,1,1,1,1,1,1,1,1,0,1,1,0,1,0,1,0,0,1,1,1,18,0.783,MDR,1
ISO-01584,Human,Human,🧑,Clostridioides difficile,Positive,Clostridiaceae,1,Moderate,2,Community,Italy,Female,65,1,0,0,0,0,0,2020,1,1,1,1,1,1,1,1,0,0,0,0,0,1,0,0,0,0,0,0,1,0,0,10,0.435,Intermediate,0
ISO-01585,Canine,Companion,🐕,Acinetobacter baumannii,Negative,Moraxellaceae,0,Low,1,Home,Spain,Female,0,1,0,0,0,0,0,2018,1,1,1,1,1,1,0,1,1,1,1,1,1,1,1,1,1,1,1,0,0,1,1,20,0.87,MDR,1
ISO-01586,Soil,Environment,🌱,Acinetobacter baumannii,Negative,Moraxellaceae,0,Low,1,Forest,Netherlands,N/A,-1,0,0,0,0,0,0,2017,1,1,1,1,1,1,1,0,1,1,1,0,1,0,1,0,1,1,1,0,0,1,1,17,0.739,MDR,1
ISO-01587,Bovine,Livestock,🐄,Klebsiella pneumoniae,Negative,Enterobacteriaceae,1,Moderate,2,Dairy farm,India,Female,0,1,0,0,0,0,0,2018,1,0,0,0,0,0,1,0,0,1,0,0,0,0,1,0,1,1,1,0,0,0,0,7,0.304,Intermediate,0
ISO-01588,Poultry,Livestock,🐔,Enterococcus faecium,Positive,Enterococcaceae,1,Moderate,2,Layer farm,Germany,Unknown,2,0,0,0,0,0,0,2022,1,1,1,1,1,1,1,1,1,1,1,0,1,1,0,0,0,0,1,0,1,0,0,15,0.652,MDR,1
ISO-01589,Bovine,Livestock,🐄,Salmonella spp.,Negative,Enterobacteriaceae,1,High,3,Veterinary clinic,Germany,Female,4,1,0,0,0,0,0,2020,1,0,0,0,1,0,0,0,0,0,0,0,1,0,1,0,1,0,1,0,0,1,1,8,0.348,Intermediate,0
ISO-01590,Human,Human,🧑,Clostridioides difficile,Positive,Clostridiaceae,1,Moderate,2,Community,Brazil,Male,48,0,0,0,0,0,0,2016,1,1,0,1,1,1,1,0,0,1,0,1,0,0,0,0,1,0,1,0,1,0,0,11,0.478,Intermediate,0
ISO-01591,Human,Human,🧑,Pasteurella multocida,Negative,Pasteurellaceae,1,Moderate,2,Community,USA,Male,31,0,0,0,0,0,0,2015,0,0,0,0,0,0,0,0,0,0,0,0,0,0,0,0,0,0,0,0,0,0,0,0,0.0,Susceptible,0
ISO-01592,Human,Human,🧑,Pseudomonas aeruginosa,Negative,Pseudomonadaceae,0,Low,1,Long-term care,Poland,Female,62,1,1,0,0,0,0,2023,1,1,0,1,1,1,0,1,1,1,1,1,1,0,1,1,1,1,1,1,0,1,1,19,0.826,MDR,1
ISO-01593,Soil,Environment,🌱,Escherichia coli,Negative,Enterobacteriaceae,1,High,3,Forest,Poland,N/A,-1,0,0,0,0,0,0,2024,0,0,0,1,1,0,0,0,0,0,0,0,0,0,0,0,0,0,1,0,1,0,0,4,0.174,Intermediate,0
ISO-01594,Porcine,Livestock,🐷,Pasteurella multocida,Negative,Pasteurellaceae,1,Moderate,2,Abattoir,Poland,Male,0,1,0,0,0,0,0,2016,1,0,0,0,0,0,0,0,0,1,1,1,0,0,0,0,0,0,0,0,0,0,0,4,0.174,Intermediate,0
ISO-01595,Wild Boar,Wildlife,🐗,Clostridioides difficile,Positive,Clostridiaceae,1,Moderate,2,Research station,South Africa,Female,3,1,1,0,0,0,0,2015,1,1,1,1,1,1,1,1,1,1,0,1,1,0,0,0,0,0,1,0,1,0,1,15,0.652,MDR,1
ISO-01596,Feline,Companion,🐈,Pseudomonas aeruginosa,Negative,Pseudomonadaceae,0,Low,1,Veterinary clinic,United Kingdom,Male,0,0,1,0,0,0,0,2021,1,1,0,1,1,1,0,1,0,1,1,1,1,0,1,0,1,1,1,1,0,1,1,17,0.739,MDR,1
ISO-01597,Human,Human,🧑,Acinetobacter baumannii,Negative,Moraxellaceae,0,Low,1,Hospital,United Kingdom,Male,34,0,0,0,0,0,0,2018,1,1,1,1,1,1,1,1,1,1,1,1,0,0,1,1,1,1,1,0,0,1,1,19,0.826,MDR,1
ISO-01598,Human,Human,🧑,Enterobacter cloacae,Negative,Enterobacteriaceae,0,Low,1,Community,Poland,Female,55,1,0,0,0,0,0,2024,1,1,1,1,1,1,1,1,0,0,0,0,0,1,0,0,0,0,0,0,0,0,0,9,0.391,Intermediate,0
ISO-01599,Wild Bird,Wildlife,🦅,Escherichia coli,Negative,Enterobacteriaceae,1,High,3,Nature reserve,Netherlands,Unknown,1,0,0,0,0,0,0,2022,0,0,0,0,0,0,0,0,0,1,0,1,0,0,0,0,0,0,1,1,1,0,0,5,0.217,Intermediate,0
ISO-01600,Human,Human,🧑,Enterococcus faecalis,Positive,Enterococcaceae,1,Low,1,Long-term care,South Africa,Female,61,0,0,0,0,0,0,2016,0,0,0,1,1,1,1,1,0,0,1,0,0,0,0,0,0,0,0,0,1,1,0,8,0.348,Intermediate,0
ISO-01601,Water,Environment,💧,Pseudomonas aeruginosa,Negative,Pseudomonadaceae,0,Low,1,Drinking water,Poland,N/A,-1,0,0,0,0,0,0,2022,1,1,0,1,1,1,1,1,0,0,1,1,0,0,0,0,1,1,1,1,1,1,1,16,0.696,MDR,1
ISO-01602,Human,Human,🧑,Pasteurella multocida,Negative,Pasteurellaceae,1,Moderate,2,Hospital,Brazil,Male,50,1,0,0,0,0,0,2015,0,0,1,1,1,0,0,1,0,0,0,0,0,0,1,0,0,0,1,1,0,0,1,8,0.348,Intermediate,0
ISO-01603,Feline,Companion,🐈,Staphylococcus pseudintermedius,Positive,Staphylococcaceae,1,Low,1,Veterinary clinic,Spain,Male,5,0,0,0,0,0,0,2015,1,0,0,1,1,1,0,1,0,0,0,0,0,1,1,0,0,0,1,0,1,0,0,9,0.391,Intermediate,0
ISO-01604,Wild Bird,Wildlife,🦅,Escherichia coli,Negative,Enterobacteriaceae,1,High,3,Research station,France,Unknown,0,0,0,0,0,0,0,2020,0,1,0,1,0,0,1,0,0,0,0,1,0,0,1,0,0,0,0,0,0,0,0,5,0.217,Intermediate,0
ISO-01605,Human,Human,🧑,Escherichia coli,Negative,Enterobacteriaceae,1,High,3,Hospital,Italy,Female,61,0,0,0,0,0,0,2024,0,0,1,0,1,0,0,0,0,0,0,0,0,0,0,0,0,0,0,0,0,0,0,2,0.087,Intermediate,0
ISO-01606,Human,Human,🧑,Enterobacter cloacae,Negative,Enterobacteriaceae,0,Low,1,Community,Spain,Female,8,1,0,1,0,0,0,2023,1,1,1,1,1,1,1,1,0,0,1,1,0,0,0,1,0,0,0,0,0,0,0,11,0.478,Intermediate,0
ISO-01607,Food,Environment,🥩,Escherichia coli,Negative,Enterobacteriaceae,1,High,3,Processing plant,USA,N/A,-1,0,0,0,0,0,0,2020,1,0,0,1,0,0,0,0,0,0,0,0,1,0,0,0,0,0,1,0,0,0,0,4,0.174,Intermediate,0
ISO-01608,Human,Human,🧑,Pasteurella multocida,Negative,Pasteurellaceae,1,Moderate,2,Community,Brazil,Female,53,1,0,0,0,0,0,2022,0,0,0,0,0,0,0,0,0,0,0,0,1,0,1,1,0,0,1,0,0,1,1,6,0.261,Intermediate,0
ISO-01609,Porcine,Livestock,🐷,Staphylococcus aureus,Positive,Staphylococcaceae,1,Moderate,2,Pig farm,France,Male,4,1,0,0,0,0,0,2024,1,1,0,0,1,0,1,1,0,0,0,0,1,0,0,0,1,0,0,1,1,0,0,9,0.391,Intermediate,0
ISO-01610,Porcine,Livestock,🐷,Staphylococcus aureus,Positive,Staphylococcaceae,1,Moderate,2,Pig farm,South Africa,Female,3,0,0,0,0,0,0,2016,1,0,0,0,0,0,0,0,0,1,0,0,0,0,0,0,0,1,1,0,1,0,0,5,0.217,Intermediate,0
ISO-01611,Human,Human,🧑,Escherichia coli,Negative,Enterobacteriaceae,1,High,3,Community,Netherlands,Female,31,0,0,0,0,0,0,2017,1,1,1,0,1,0,0,0,0,0,0,1,0,1,0,0,0,0,1,0,0,0,0,7,0.304,Intermediate,0
ISO-01612,Wild Bird,Wildlife,🦅,Campylobacter jejuni,Negative,Campylobacteraceae,1,Very High,4,Research station,Netherlands,Unknown,3,0,0,0,0,0,0,2019,0,1,0,1,1,0,0,1,0,0,0,0,0,0,0,1,0,0,1,0,0,0,0,6,0.261,Intermediate,0
ISO-01613,Wild Bird,Wildlife,🦅,Salmonella spp.,Negative,Enterobacteriaceae,1,High,3,Research station,France,Unknown,1,1,0,0,0,0,0,2015,1,0,0,0,0,0,0,0,0,0,0,0,1,0,0,0,0,0,1,0,0,0,0,3,0.13,Intermediate,0
ISO-01614,Bovine,Livestock,🐄,Enterococcus faecium,Positive,Enterococcaceae,1,Moderate,2,Beef farm,India,Unknown,1,1,0,0,0,0,0,2023,1,1,1,1,1,1,1,1,1,1,1,1,0,0,0,1,0,1,1,0,1,0,0,16,0.696,MDR,1
ISO-01615,Wild Boar,Wildlife,🐗,Salmonella spp.,Negative,Enterobacteriaceae,1,High,3,Nature reserve,Germany,Unknown,0,0,0,0,0,0,0,2021,1,0,0,0,0,0,0,0,0,0,0,0,0,0,0,0,0,0,1,0,0,0,0,2,0.087,Intermediate,0
ISO-01616,Human,Human,🧑,Enterococcus faecium,Positive,Enterococcaceae,1,Moderate,2,Long-term care,Brazil,Female,59,1,0,0,0,0,1,2016,1,1,1,1,1,1,1,1,0,0,1,1,1,0,1,0,1,1,0,1,1,0,0,16,0.696,MDR,1
ISO-01617,Human,Human,🧑,Enterococcus faecalis,Positive,Enterococcaceae,1,Low,1,Long-term care,Germany,Female,42,0,0,0,0,0,0,2021,0,0,0,1,1,1,1,1,1,0,0,0,1,0,0,0,0,0,0,0,1,1,0,9,0.391,Intermediate,0
ISO-01618,Poultry,Livestock,🐔,Salmonella spp.,Negative,Enterobacteriaceae,1,High,3,Broiler farm,India,Female,5,1,0,0,0,0,0,2022,1,1,0,1,0,0,1,1,0,0,0,1,0,0,0,0,0,0,0,0,0,0,0,6,0.261,Intermediate,0
ISO-01619,Food,Environment,🥩,Escherichia coli,Negative,Enterobacteriaceae,1,High,3,Processing plant,Poland,N/A,-1,0,0,0,0,0,0,2023,1,1,0,0,0,0,1,0,0,0,0,1,0,0,0,0,0,0,1,0,0,1,0,6,0.261,Intermediate,0
ISO-01620,Human,Human,🧑,Pasteurella multocida,Negative,Pasteurellaceae,1,Moderate,2,Community,Portugal,Male,58,1,0,0,0,0,0,2018,0,0,0,0,0,1,1,0,1,0,0,0,0,1,0,0,0,0,1,0,0,1,0,6,0.261,Intermediate,0
ISO-01621,Human,Human,🧑,Staphylococcus aureus,Positive,Staphylococcaceae,1,Moderate,2,Long-term care,Spain,Male,61,0,0,0,0,0,0,2017,1,0,0,0,0,0,1,0,0,0,0,0,0,0,0,1,0,0,0,0,1,0,0,4,0.174,Intermediate,0
ISO-01622,Poultry,Livestock,🐔,Enterococcus faecium,Positive,Enterococcaceae,1,Moderate,2,Broiler farm,Poland,Male,0,1,0,0,0,0,1,2020,1,1,1,1,1,1,1,1,1,1,1,1,1,1,0,0,1,1,1,0,1,1,0,19,0.826,MDR,1
ISO-01623,Wild Bird,Wildlife,🦅,Salmonella spp.,Negative,Enterobacteriaceae,1,High,3,Wildlife rescue,Poland,Unknown,6,0,1,0,0,0,0,2023,0,0,1,0,0,0,0,0,1,0,0,0,0,0,1,0,0,0,1,0,1,0,0,5,0.217,Intermediate,0
ISO-01624,Human,Human,🧑,Pseudomonas aeruginosa,Negative,Pseudomonadaceae,0,Low,1,Hospital,France,Female,69,0,1,0,0,0,0,2016,1,1,0,1,1,1,0,0,1,0,1,0,0,0,0,0,1,1,1,1,0,1,0,12,0.522,MDR,1
ISO-01625,Porcine,Livestock,🐷,Enterococcus faecium,Positive,Enterococcaceae,1,Moderate,2,Abattoir,USA,Unknown,17,1,0,0,0,0,0,2022,1,1,1,1,1,1,1,1,1,1,1,1,1,1,1,1,1,0,0,1,1,1,0,20,0.87,MDR,1
ISO-01626,Equine,Companion,🐎,Mannheimia haemolytica,Negative,Pasteurellaceae,0,Negligible,0,Racing stable,USA,Male,2,0,0,0,0,0,0,2021,1,1,0,0,1,1,0,0,0,0,0,1,0,0,0,0,1,1,1,0,0,1,0,9,0.391,Intermediate,0
ISO-01627,Bovine,Livestock,🐄,Enterococcus faecalis,Positive,Enterococcaceae,1,Low,1,Dairy farm,Netherlands,Male,5,1,0,0,0,0,0,2021,0,1,1,1,1,1,1,1,0,0,1,1,1,1,1,0,0,0,0,0,1,0,0,13,0.565,MDR,1
ISO-01628,Human,Human,🧑,Enterococcus faecalis,Positive,Enterococcaceae,1,Low,1,Long-term care,USA,Female,65,1,0,0,0,0,0,2019,0,1,0,1,1,1,1,1,0,0,1,0,0,1,1,0,0,0,0,1,1,0,0,11,0.478,Intermediate,0
ISO-01629,Human,Human,🧑,Staphylococcus pseudintermedius,Positive,Staphylococcaceae,1,Low,1,Community,South Africa,Female,98,0,0,0,0,0,0,2015,1,0,0,0,0,0,1,1,0,0,0,0,0,0,0,0,0,0,0,0,1,0,0,4,0.174,Intermediate,0
ISO-01630,Porcine,Livestock,🐷,Enterococcus faecium,Positive,Enterococcaceae,1,Moderate,2,Veterinary clinic,Brazil,Female,0,1,1,0,0,0,0,2016,1,1,1,1,1,1,1,1,1,0,1,1,1,1,0,0,1,1,1,0,0,1,0,17,0.739,MDR,1
ISO-01631,Porcine,Livestock,🐷,Staphylococcus aureus,Positive,Staphylococcaceae,1,Moderate,2,Pig farm,Germany,Female,4,1,0,0,0,0,0,2022,1,1,0,0,0,1,0,1,0,0,1,0,0,1,1,0,0,0,0,1,1,0,0,9,0.391,Intermediate,0
ISO-01632,Water,Environment,💧,Salmonella spp.,Negative,Enterobacteriaceae,1,High,3,River,India,N/A,-1,0,0,0,0,0,0,2016,0,0,0,0,0,1,0,0,0,0,0,0,0,0,0,0,0,0,0,0,0,0,0,1,0.043,Intermediate,0
ISO-01633,Canine,Companion,🐕,Campylobacter jejuni,Negative,Campylobacteraceae,1,Very High,4,Veterinary clinic,Spain,Female,10,0,0,0,0,0,0,2021,0,0,1,0,1,0,1,0,0,0,0,1,1,1,0,0,0,0,1,0,0,0,0,7,0.304,Intermediate,0
ISO-01634,Feline,Companion,🐈,Klebsiella pneumoniae,Negative,Enterobacteriaceae,1,Moderate,2,Home,Spain,Female,7,1,0,0,0,0,0,2017,1,1,1,1,0,1,1,0,0,1,0,1,0,0,0,0,0,0,1,0,0,0,0,9,0.391,Intermediate,0
ISO-01635,Food,Environment,🥩,Escherichia coli,Negative,Enterobacteriaceae,1,High,3,Slaughterhouse,South Africa,N/A,-1,0,1,0,0,0,0,2023,1,0,0,0,0,0,1,0,0,0,0,1,1,0,0,1,0,0,0,0,0,1,0,6,0.261,Intermediate,0
ISO-01636,Porcine,Livestock,🐷,Salmonella spp.,Negative,Enterobacteriaceae,1,High,3,Veterinary clinic,Netherlands,Male,0,0,0,0,0,0,0,2018,0,0,1,0,0,0,0,0,0,0,0,0,1,0,0,0,0,0,1,0,0,0,0,3,0.13,Intermediate,0
ISO-01637,Porcine,Livestock,🐷,Enterococcus faecalis,Positive,Enterococcaceae,1,Low,1,Veterinary clinic,Portugal,Male,3,1,0,0,0,0,0,2018,0,1,0,1,1,1,1,1,1,1,1,0,1,1,1,0,1,0,0,0,1,0,0,14,0.609,MDR,1
ISO-01638,Soil,Environment,🌱,Enterobacter cloacae,Negative,Enterobacteriaceae,0,Low,1,Agricultural field,USA,N/A,-1,1,0,0,0,0,0,2022,1,1,1,1,1,1,0,0,0,1,0,1,0,0,0,0,0,0,1,0,0,1,1,11,0.478,Intermediate,0
ISO-01639,Human,Human,🧑,Salmonella spp.,Negative,Enterobacteriaceae,1,High,3,Long-term care,Brazil,Female,44,1,0,0,0,0,0,2019,0,0,1,1,0,0,0,0,1,0,0,0,0,0,0,1,0,0,1,0,0,1,1,7,0.304,Intermediate,0
ISO-01640,Equine,Companion,🐎,Escherichia coli,Negative,Enterobacteriaceae,1,High,3,Farm,India,Male,0,0,0,1,0,0,0,2018,1,1,1,1,1,1,1,1,0,0,0,1,0,0,0,0,0,0,0,0,0,0,0,9,0.391,Intermediate,0
ISO-01641,Equine,Companion,🐎,Pseudomonas aeruginosa,Negative,Pseudomonadaceae,0,Low,1,Racing stable,USA,Female,1,1,0,0,0,0,0,2023,1,1,0,1,1,1,1,0,0,1,1,0,0,0,0,1,1,1,1,1,0,1,1,15,0.652,MDR,1
ISO-01642,Human,Human,🧑,Campylobacter jejuni,Negative,Campylobacteraceae,1,Very High,4,Hospital,South Africa,Male,79,1,0,0,0,0,0,2016,1,0,0,1,1,0,1,1,1,0,0,1,1,0,0,0,0,0,0,0,0,0,0,8,0.348,Intermediate,0
ISO-01643,Porcine,Livestock,🐷,Pasteurella multocida,Negative,Pasteurellaceae,1,Moderate,2,Pig farm,Italy,Female,2,1,0,0,0,0,0,2017,0,0,0,0,0,0,1,0,0,0,0,0,1,1,0,0,0,0,1,0,1,0,0,5,0.217,Intermediate,0
ISO-01644,Human,Human,🧑,Enterobacter cloacae,Negative,Enterobacteriaceae,0,Low,1,Community,United Kingdom,Female,46,0,0,0,0,0,0,2017,1,1,0,1,1,0,1,0,0,0,0,0,0,0,0,0,0,0,1,0,0,1,0,7,0.304,Intermediate,0
ISO-01645,Human,Human,🧑,Salmonella spp.,Negative,Enterobacteriaceae,1,High,3,Community,India,Female,70,1,0,0,0,0,0,2024,1,0,0,0,0,0,0,1,0,0,0,1,0,1,0,0,0,1,0,0,0,1,0,6,0.261,Intermediate,0
ISO-01646,Porcine,Livestock,🐷,Staphylococcus aureus,Positive,Staphylococcaceae,1,Moderate,2,Veterinary clinic,Spain,Female,0,0,0,0,0,0,0,2021,1,0,0,0,0,1,0,0,0,0,0,0,0,0,1,0,0,0,1,0,1,0,0,5,0.217,Intermediate,0
ISO-01647,Bovine,Livestock,🐄,Escherichia coli,Negative,Enterobacteriaceae,1,High,3,Veterinary clinic,Brazil,Female,1,0,0,1,0,0,0,2022,0,1,1,1,1,1,1,1,0,0,0,0,1,0,0,0,0,0,0,1,0,0,0,9,0.391,Intermediate,0
ISO-01648,Wild Bird,Wildlife,🦅,Escherichia coli,Negative,Enterobacteriaceae,1,High,3,Wildlife rescue,Spain,Unknown,0,0,0,0,0,0,0,2015,1,0,0,0,1,0,0,1,0,0,0,0,0,0,0,0,0,0,1,0,0,1,0,5,0.217,Intermediate,0
ISO-01649,Water,Environment,💧,Pseudomonas aeruginosa,Negative,Pseudomonadaceae,0,Low,1,Drinking water,Spain,N/A,-1,0,1,0,0,0,0,2021,1,1,1,1,1,1,0,1,0,1,1,1,1,1,1,0,1,1,0,1,1,1,1,19,0.826,MDR,1
ISO-01650,Wild Bird,Wildlife,🦅,Campylobacter jejuni,Negative,Campylobacteraceae,1,Very High,4,Wildlife rescue,Germany,Unknown,3,0,0,0,0,0,0,2022,0,1,0,1,1,0,1,1,0,0,0,0,0,0,0,0,0,0,0,0,0,0,0,5,0.217,Intermediate,0
ISO-01651,Human,Human,🧑,Staphylococcus aureus,Positive,Staphylococcaceae,1,Moderate,2,Hospital,Brazil,Male,62,0,0,0,0,1,0,2017,1,1,0,0,0,0,1,0,0,0,0,0,0,1,0,0,0,0,0,0,1,0,0,5,0.217,Intermediate,0
ISO-01652,Human,Human,🧑,Enterococcus faecium,Positive,Enterococcaceae,1,Moderate,2,Long-term care,Brazil,Male,64,0,0,0,0,0,0,2019,1,1,0,1,1,1,1,1,0,1,1,1,1,1,0,0,0,0,0,0,1,0,0,13,0.565,MDR,1
ISO-01653,Human,Human,🧑,Klebsiella pneumoniae,Negative,Enterobacteriaceae,1,Moderate,2,Long-term care,Poland,Female,15,1,0,1,0,0,0,2024,1,0,0,1,1,1,1,1,0,0,0,1,1,0,0,0,0,0,0,0,0,0,0,8,0.348,Intermediate,0
ISO-01654,Human,Human,🧑,Clostridioides difficile,Positive,Clostridiaceae,1,Moderate,2,Hospital,USA,Female,40,0,0,0,0,0,0,2017,1,1,1,1,1,1,1,1,0,0,0,1,1,0,0,0,0,0,0,0,0,0,0,10,0.435,Intermediate,0
ISO-01655,Soil,Environment,🌱,Acinetobacter baumannii,Negative,Moraxellaceae,0,Low,1,Agricultural field,India,N/A,-1,0,0,0,0,0,0,2020,1,1,1,1,1,1,1,1,1,0,0,1,1,1,0,0,1,1,0,0,0,1,1,16,0.696,MDR,1
ISO-01656,Porcine,Livestock,🐷,Salmonella spp.,Negative,Enterobacteriaceae,1,High,3,Abattoir,India,Female,0,1,0,1,0,0,0,2021,1,1,1,1,1,1,1,1,0,0,0,1,1,1,0,1,0,1,1,1,0,1,0,16,0.696,MDR,1
ISO-01657,Human,Human,🧑,Salmonella spp.,Negative,Enterobacteriaceae,1,High,3,Long-term care,Brazil,Female,42,1,0,0,0,0,0,2023,0,1,0,0,0,0,0,0,0,0,0,0,0,1,0,0,0,0,0,0,0,1,0,3,0.13,Intermediate,0
ISO-01658,Wild Boar,Wildlife,🐗,Salmonella spp.,Negative,Enterobacteriaceae,1,High,3,Nature reserve,Netherlands,Male,1,0,0,0,0,0,0,2021,0,0,0,0,0,1,0,0,0,0,0,0,0,0,0,0,0,0,0,0,0,0,0,1,0.043,Intermediate,0
ISO-01659,Porcine,Livestock,🐷,Pasteurella multocida,Negative,Pasteurellaceae,1,Moderate,2,Pig farm,Germany,Male,1,1,0,0,0,0,0,2024,0,0,0,1,1,1,0,0,0,0,0,1,0,0,0,0,0,0,0,1,0,0,1,6,0.261,Intermediate,0
ISO-01660,Human,Human,🧑,Enterobacter cloacae,Negative,Enterobacteriaceae,0,Low,1,Long-term care,Spain,Male,41,1,0,0,0,0,0,2023,1,1,1,1,1,0,0,0,0,0,0,0,1,0,0,0,1,0,1,1,0,0,0,9,0.391,Intermediate,0
ISO-01661,Human,Human,🧑,Staphylococcus pseudintermedius,Positive,Staphylococcaceae,1,Low,1,Community,USA,Male,34,0,0,0,0,0,0,2024,1,0,0,1,0,0,0,0,0,0,0,1,0,0,0,0,0,0,0,0,1,0,0,4,0.174,Intermediate,0
ISO-01662,Canine,Companion,🐕,Acinetobacter baumannii,Negative,Moraxellaceae,0,Low,1,Veterinary clinic,USA,Male,3,1,0,0,0,0,0,2022,1,1,1,1,1,1,0,1,1,0,1,1,1,1,1,0,1,1,1,0,0,0,1,17,0.739,MDR,1
ISO-01663,Wild Bird,Wildlife,🦅,Salmonella spp.,Negative,Enterobacteriaceae,1,High,3,Wildlife rescue,France,Unknown,0,0,0,0,0,0,0,2019,1,0,0,0,0,0,0,0,0,0,0,0,0,0,0,0,0,0,1,0,0,1,0,3,0.13,Intermediate,0
ISO-01664,Human,Human,🧑,Escherichia coli,Negative,Enterobacteriaceae,1,High,3,Hospital,Brazil,Male,96,0,0,1,0,0,0,2017,1,1,0,1,1,1,1,1,0,0,0,1,1,1,0,0,0,0,0,0,0,0,0,10,0.435,Intermediate,0
ISO-01665,Water,Environment,💧,Pseudomonas aeruginosa,Negative,Pseudomonadaceae,0,Low,1,River,United Kingdom,N/A,-1,0,0,0,0,0,0,2021,1,1,0,1,1,1,1,0,0,0,1,0,0,1,0,0,1,1,1,1,0,1,1,14,0.609,MDR,1
ISO-01666,Wild Boar,Wildlife,🐗,Clostridioides difficile,Positive,Clostridiaceae,1,Moderate,2,Hunting area,Italy,Male,1,0,0,0,0,0,0,2020,0,1,1,1,0,1,1,0,0,0,0,0,0,0,0,0,0,0,1,0,0,0,0,6,0.261,Intermediate,0
ISO-01667,Wild Boar,Wildlife,🐗,Clostridioides difficile,Positive,Clostridiaceae,1,Moderate,2,Nature reserve,Brazil,Female,2,0,0,0,0,0,0,2020,1,1,0,1,1,0,1,1,0,0,0,1,0,0,0,0,1,0,1,0,1,0,0,10,0.435,Intermediate,0
ISO-01668,Human,Human,🧑,Clostridioides difficile,Positive,Clostridiaceae,1,Moderate,2,Community,Poland,Female,38,0,0,0,0,0,0,2021,1,0,1,1,1,0,1,1,0,1,0,1,1,0,0,0,0,0,1,0,1,0,0,11,0.478,Intermediate,0
ISO-01669,Human,Human,🧑,Acinetobacter baumannii,Negative,Moraxellaceae,0,Low,1,Long-term care,Italy,Female,61,0,0,0,0,0,0,2017,1,1,1,1,0,1,1,1,1,0,0,1,1,1,1,0,1,1,1,0,0,1,1,17,0.739,MDR,1
ISO-01670,Water,Environment,💧,Pseudomonas aeruginosa,Negative,Pseudomonadaceae,0,Low,1,Wastewater treatment,Brazil,N/A,-1,0,0,0,0,0,0,2022,1,1,0,1,0,1,0,0,1,1,1,0,0,0,0,0,1,1,1,1,0,1,1,13,0.565,MDR,1
ISO-01671,Bovine,Livestock,🐄,Enterococcus faecium,Positive,Enterococcaceae,1,Moderate,2,Veterinary clinic,United Kingdom,Female,0,1,0,0,0,0,0,2015,1,1,1,1,1,1,1,1,1,0,1,1,1,0,1,1,0,0,1,0,1,0,0,16,0.696,MDR,1
ISO-01672,Canine,Companion,🐕,Staphylococcus aureus,Positive,Staphylococcaceae,1,Moderate,2,Animal shelter,Italy,Male,0,0,0,0,0,0,0,2017,0,0,0,0,1,0,1,1,0,0,0,0,1,1,0,0,0,0,0,0,1,0,0,6,0.261,Intermediate,0
ISO-01673,Equine,Companion,🐎,Staphylococcus aureus,Positive,Staphylococcaceae,1,Moderate,2,Racing stable,Germany,Male,3,0,0,0,0,0,0,2015,1,1,1,1,0,0,0,0,0,0,0,0,0,1,0,0,0,0,0,0,1,0,0,6,0.261,Intermediate,0
ISO-01674,Human,Human,🧑,Staphylococcus pseudintermedius,Positive,Staphylococcaceae,1,Low,1,Long-term care,France,Male,18,0,0,0,0,0,0,2024,1,0,0,0,1,0,1,0,0,1,0,1,1,0,0,0,0,0,1,0,1,0,0,8,0.348,Intermediate,0
ISO-01675,Wild Bird,Wildlife,🦅,Salmonella spp.,Negative,Enterobacteriaceae,1,High,3,Wildlife rescue,Italy,Unknown,0,1,0,0,0,0,0,2022,0,0,0,0,0,1,0,0,0,0,0,0,0,0,0,0,0,0,1,0,0,1,0,3,0.13,Intermediate,0
ISO-01676,Soil,Environment,🌱,Acinetobacter baumannii,Negative,Moraxellaceae,0,Low,1,Agricultural field,Italy,N/A,-1,1,1,0,0,0,0,2015,1,1,1,1,1,1,1,1,1,1,1,1,0,0,0,0,1,1,1,0,0,1,1,17,0.739,MDR,1
ISO-01677,Equine,Companion,🐎,Acinetobacter baumannii,Negative,Moraxellaceae,0,Low,1,Equine clinic,South Africa,Male,1,1,0,0,0,0,0,2021,1,1,1,1,1,1,1,1,0,0,0,1,1,1,0,1,1,1,1,1,0,1,1,18,0.783,MDR,1
ISO-01678,Porcine,Livestock,🐷,Clostridioides difficile,Positive,Clostridiaceae,1,Moderate,2,Veterinary clinic,Spain,Female,0,1,0,0,0,0,0,2021,1,1,1,1,1,1,1,1,0,1,0,1,1,0,0,1,1,0,0,0,1,0,0,14,0.609,MDR,1
ISO-01679,Water,Environment,💧,Enterobacter cloacae,Negative,Enterobacteriaceae,0,Low,1,Wastewater treatment,India,N/A,-1,0,0,0,0,0,0,2024,1,1,0,1,1,0,1,1,0,0,0,0,0,1,0,1,0,0,1,0,0,1,0,10,0.435,Intermediate,0
ISO-01680,Poultry,Livestock,🐔,Enterococcus faecium,Positive,Enterococcaceae,1,Moderate,2,Layer farm,USA,Unknown,0,0,1,0,0,0,0,2020,1,1,0,1,1,1,1,1,0,1,1,1,1,1,1,1,1,0,1,0,1,0,0,17,0.739,MDR,1
ISO-01681,Equine,Companion,🐎,Mannheimia haemolytica,Negative,Pasteurellaceae,0,Negligible,0,Racing stable,France,Female,0,0,0,0,0,0,0,2022,1,0,1,0,0,1,0,1,0,0,0,0,0,1,1,0,0,0,1,0,0,0,0,7,0.304,Intermediate,0
ISO-01682,Wild Boar,Wildlife,🐗,Escherichia coli,Negative,Enterobacteriaceae,1,High,3,Research station,Spain,Female,0,0,1,0,0,0,0,2017,1,0,1,1,1,0,0,0,0,0,0,1,1,0,0,0,0,1,1,0,0,0,0,8,0.348,Intermediate,0
ISO-01683,Equine,Companion,🐎,Acinetobacter baumannii,Negative,Moraxellaceae,0,Low,1,Farm,Germany,Female,0,0,0,0,0,0,0,2020,1,0,1,1,1,1,1,1,1,1,1,1,1,0,0,1,1,1,1,0,0,1,1,18,0.783,MDR,1
ISO-01684,Bovine,Livestock,🐄,Enterococcus faecalis,Positive,Enterococcaceae,1,Low,1,Beef farm,Brazil,Male,6,1,0,0,0,0,0,2015,0,1,0,1,1,1,1,1,0,0,1,1,0,1,0,0,0,0,0,0,1,1,1,12,0.522,MDR,1
ISO-01685,Human,Human,🧑,Enterobacter cloacae,Negative,Enterobacteriaceae,0,Low,1,Hospital,Poland,Female,65,0,0,0,0,0,0,2017,1,1,0,1,1,0,0,0,0,0,1,0,0,0,1,1,0,0,0,0,0,0,0,7,0.304,Intermediate,0
ISO-01686,Human,Human,🧑,Enterobacter cloacae,Negative,Enterobacteriaceae,0,Low,1,Community,Netherlands,Male,35,1,0,0,0,0,0,2021,1,1,0,1,1,0,1,1,1,0,0,1,1,0,0,0,0,0,1,0,0,1,0,11,0.478,Intermediate,0
ISO-01687,Poultry,Livestock,🐔,Staphylococcus aureus,Positive,Staphylococcaceae,1,Moderate,2,Layer farm,Netherlands,Male,3,1,0,0,0,0,0,2015,1,1,1,0,0,0,1,0,1,0,0,1,1,1,0,0,0,1,0,0,1,0,0,10,0.435,Intermediate,0
ISO-01688,Poultry,Livestock,🐔,Pasteurella multocida,Negative,Pasteurellaceae,1,Moderate,2,Broiler farm,Germany,Female,2,0,0,0,0,0,0,2017,0,0,0,0,0,0,0,0,0,0,0,0,0,0,0,0,0,0,0,0,0,0,0,0,0.0,Susceptible,0
ISO-01689,Canine,Companion,🐕,Enterococcus faecalis,Positive,Enterococcaceae,1,Low,1,Veterinary clinic,Germany,Female,5,0,0,0,0,0,0,2022,0,0,0,1,1,1,1,1,0,1,1,0,0,0,1,1,0,0,0,0,1,0,0,10,0.435,Intermediate,0
ISO-01690,Porcine,Livestock,🐷,Escherichia coli,Negative,Enterobacteriaceae,1,High,3,Veterinary clinic,India,Unknown,4,1,0,0,0,0,0,2017,1,1,0,0,0,0,0,1,0,1,1,0,1,0,0,0,1,1,1,0,0,1,0,10,0.435,Intermediate,0
ISO-01691,Wild Bird,Wildlife,🦅,Salmonella spp.,Negative,Enterobacteriaceae,1,High,3,Wildlife rescue,India,Unknown,1,0,0,0,0,0,0,2022,0,0,0,0,0,0,0,0,0,0,0,0,1,0,1,0,0,0,0,1,0,1,0,4,0.174,Intermediate,0
ISO-01692,Water,Environment,💧,Enterobacter cloacae,Negative,Enterobacteriaceae,0,Low,1,River,South Africa,N/A,-1,0,0,0,0,0,0,2023,1,1,0,1,0,0,0,0,0,0,0,1,0,0,0,0,0,0,0,0,0,0,0,4,0.174,Intermediate,0
ISO-01693,Human,Human,🧑,Enterococcus faecium,Positive,Enterococcaceae,1,Moderate,2,Long-term care,India,Female,54,0,1,0,0,0,0,2023,0,1,0,1,1,1,1,1,1,1,1,0,1,0,1,0,1,1,1,0,1,0,0,15,0.652,MDR,1
ISO-01694,Equine,Companion,🐎,Pseudomonas aeruginosa,Negative,Pseudomonadaceae,0,Low,1,Farm,Poland,Male,1,1,0,0,0,0,0,2020,1,1,0,1,1,1,0,1,1,0,1,0,0,1,0,0,1,1,1,1,0,1,1,15,0.652,MDR,1
ISO-01695,Feline,Companion,🐈,Pasteurella multocida,Negative,Pasteurellaceae,1,Moderate,2,Veterinary clinic,South Africa,Male,5,0,0,0,0,0,0,2018,0,0,0,0,0,0,0,0,0,0,0,0,0,0,0,0,0,0,0,0,0,0,0,0,0.0,Susceptible,0
ISO-01696,Poultry,Livestock,🐔,Campylobacter jejuni,Negative,Campylobacteraceae,1,Very High,4,Layer farm,United Kingdom,Unknown,1,0,0,0,0,0,0,2024,0,0,0,1,1,0,1,1,0,0,0,0,0,0,0,1,0,0,1,0,0,0,0,6,0.261,Intermediate,0
ISO-01697,Human,Human,🧑,Enterobacter cloacae,Negative,Enterobacteriaceae,0,Low,1,Long-term care,India,Female,84,1,0,1,0,0,0,2016,1,1,1,1,1,1,1,1,0,0,0,1,1,0,0,0,0,0,0,0,0,0,0,10,0.435,Intermediate,0
ISO-01698,Wild Bird,Wildlife,🦅,Campylobacter jejuni,Negative,Campylobacteraceae,1,Very High,4,Research station,Portugal,Unknown,1,0,0,0,0,0,0,2017,0,0,0,1,1,0,1,1,0,0,0,0,1,0,0,0,0,0,1,0,0,1,0,7,0.304,Intermediate,0
ISO-01699,Food,Environment,🥩,Campylobacter jejuni,Negative,Campylobacteraceae,1,Very High,4,Processing plant,France,N/A,-1,0,0,0,0,0,0,2023,0,0,0,1,1,1,1,1,0,1,0,0,1,0,1,0,0,0,1,0,1,1,0,11,0.478,Intermediate,0
ISO-01700,Equine,Companion,🐎,Mannheimia haemolytica,Negative,Pasteurellaceae,0,Negligible,0,Farm,Poland,Female,4,1,1,0,0,0,0,2024,1,0,0,0,0,0,0,1,1,1,1,1,0,1,0,0,0,1,1,0,0,0,0,9,0.391,Intermediate,0
ISO-01701,Water,Environment,💧,Salmonella spp.,Negative,Enterobacteriaceae,1,High,3,River,USA,N/A,-1,0,0,0,0,0,0,2019,0,0,0,0,0,0,0,0,0,0,0,1,0,0,0,1,0,0,0,0,1,0,0,3,0.13,Intermediate,0
ISO-01702,Food,Environment,🥩,Campylobacter jejuni,Negative,Campylobacteraceae,1,Very High,4,Slaughterhouse,Italy,N/A,-1,1,0,0,0,0,0,2019,0,1,1,1,1,0,1,1,0,0,0,0,1,0,0,0,0,0,1,1,0,1,0,10,0.435,Intermediate,0
ISO-01703,Bovine,Livestock,🐄,Enterococcus faecium,Positive,Enterococcaceae,1,Moderate,2,Dairy farm,USA,Female,1,0,1,0,0,0,0,2021,1,0,1,1,1,1,1,1,1,1,1,1,0,0,1,1,0,1,0,1,1,0,0,16,0.696,MDR,1
ISO-01704,Canine,Companion,🐕,Staphylococcus pseudintermedius,Positive,Staphylococcaceae,1,Low,1,Home,France,Female,9,0,0,0,0,0,0,2019,1,0,0,0,0,0,0,0,0,1,0,0,0,0,0,1,0,0,0,0,1,0,0,4,0.174,Intermediate,0
ISO-01705,Porcine,Livestock,🐷,Enterococcus faecium,Positive,Enterococcaceae,1,Moderate,2,Abattoir,Italy,Female,0,0,0,0,0,0,0,2015,1,1,1,1,1,1,1,1,1,1,1,1,1,0,0,1,0,0,1,0,1,1,0,17,0.739,MDR,1
ISO-01706,Food,Environment,🥩,Campylobacter jejuni,Negative,Campylobacteraceae,1,Very High,4,Slaughterhouse,South Africa,N/A,-1,0,1,0,0,0,0,2017,1,1,0,1,1,0,1,1,0,1,1,1,1,1,0,0,0,1,0,0,0,1,0,13,0.565,MDR,1
ISO-01707,Human,Human,🧑,Acinetobacter baumannii,Negative,Moraxellaceae,0,Low,1,Long-term care,France,Male,63,1,0,0,0,0,0,2023,1,1,1,1,1,1,1,1,0,1,1,1,0,0,1,0,1,1,0,0,0,1,1,16,0.696,MDR,1
ISO-01708,Porcine,Livestock,🐷,Pasteurella multocida,Negative,Pasteurellaceae,1,Moderate,2,Veterinary clinic,Poland,Female,2,0,0,0,0,0,0,2024,0,0,0,1,0,0,0,0,0,0,0,0,1,0,0,0,0,0,0,0,0,0,0,2,0.087,Intermediate,0
ISO-01709,Water,Environment,💧,Escherichia coli,Negative,Enterobacteriaceae,1,High,3,Wastewater treatment,United Kingdom,N/A,-1,0,0,0,0,0,0,2022,1,0,0,1,0,0,0,0,1,0,1,0,0,0,0,0,0,0,1,0,0,0,0,5,0.217,Intermediate,0
ISO-01710,Bovine,Livestock,🐄,Enterococcus faecalis,Positive,Enterococcaceae,1,Low,1,Beef farm,France,Male,0,1,0,0,0,0,0,2020,1,1,0,1,1,1,1,1,1,0,1,0,1,0,1,0,0,0,0,0,1,0,0,12,0.522,MDR,1
ISO-01711,Wild Bird,Wildlife,🦅,Campylobacter jejuni,Negative,Campylobacteraceae,1,Very High,4,Research station,United Kingdom,Unknown,2,0,0,0,0,0,0,2017,0,0,0,0,1,0,1,1,0,0,0,1,0,0,0,0,0,0,1,0,0,0,0,5,0.217,Intermediate,0
ISO-01712,Porcine,Livestock,🐷,Enterococcus faecium,Positive,Enterococcaceae,1,Moderate,2,Veterinary clinic,Portugal,Unknown,0,1,0,0,0,0,0,2021,1,1,1,1,1,1,1,1,1,1,1,0,1,1,1,0,1,0,1,1,1,0,0,18,0.783,MDR,1
ISO-01713,Food,Environment,🥩,Salmonella spp.,Negative,Enterobacteriaceae,1,High,3,Slaughterhouse,Netherlands,N/A,-1,0,0,0,0,0,0,2024,1,0,0,1,1,0,0,0,0,0,0,0,0,0,0,1,0,0,0,0,0,0,0,4,0.174,Intermediate,0
ISO-01714,Water,Environment,💧,Pseudomonas aeruginosa,Negative,Pseudomonadaceae,0,Low,1,River,France,N/A,-1,1,0,0,0,0,0,2023,1,1,0,1,1,1,1,0,1,0,1,1,0,1,1,0,1,1,1,1,0,1,1,17,0.739,MDR,1
ISO-01715,Bovine,Livestock,🐄,Pasteurella multocida,Negative,Pasteurellaceae,1,Moderate,2,Veterinary clinic,Poland,Male,2,1,0,0,0,0,0,2022,0,0,0,0,0,1,0,0,0,0,0,0,0,0,0,0,0,0,1,0,0,0,0,2,0.087,Intermediate,0
ISO-01716,Wild Bird,Wildlife,🦅,Escherichia coli,Negative,Enterobacteriaceae,1,High,3,Wildlife rescue,Brazil,Unknown,0,1,1,0,0,0,0,2018,1,0,0,0,1,0,1,0,0,0,1,1,1,1,1,0,1,0,0,0,0,0,1,10,0.435,Intermediate,0
ISO-01717,Bovine,Livestock,🐄,Salmonella spp.,Negative,Enterobacteriaceae,1,High,3,Veterinary clinic,Poland,Unknown,1,1,0,0,0,0,0,2023,0,0,0,0,1,1,1,0,0,0,1,0,0,0,0,0,0,0,0,0,0,1,0,5,0.217,Intermediate,0
ISO-01718,Canine,Companion,🐕,Pasteurella multocida,Negative,Pasteurellaceae,1,Moderate,2,Home,Netherlands,Female,3,1,0,0,0,0,0,2024,0,0,0,0,0,0,0,0,0,0,0,0,0,0,0,0,0,0,1,0,0,0,0,1,0.043,Intermediate,0
ISO-01719,Canine,Companion,🐕,Klebsiella pneumoniae,Negative,Enterobacteriaceae,1,Moderate,2,Animal shelter,Germany,Female,2,0,0,0,0,0,0,2017,1,0,0,1,1,0,0,0,0,0,0,0,1,1,0,1,0,0,0,0,0,0,0,6,0.261,Intermediate,0
ISO-01720,Wild Boar,Wildlife,🐗,Salmonella spp.,Negative,Enterobacteriaceae,1,High,3,Research station,Germany,Male,1,1,0,0,0,0,0,2021,1,1,0,0,0,0,0,1,1,0,0,0,0,0,1,1,0,0,1,0,0,0,0,7,0.304,Intermediate,0
ISO-01721,Human,Human,🧑,Staphylococcus pseudintermedius,Positive,Staphylococcaceae,1,Low,1,Community,Germany,Male,87,1,0,0,0,0,0,2024,0,1,0,1,0,1,1,0,0,0,0,0,0,0,0,0,0,0,1,0,1,0,0,6,0.261,Intermediate,0
ISO-01722,Human,Human,🧑,Enterococcus faecium,Positive,Enterococcaceae,1,Moderate,2,Community,Germany,Female,31,0,1,0,0,0,0,2023,1,1,1,1,1,1,1,1,1,1,1,1,0,0,0,0,0,0,1,1,1,0,0,15,0.652,MDR,1
ISO-01723,Feline,Companion,🐈,Enterococcus faecalis,Positive,Enterococcaceae,1,Low,1,Veterinary clinic,South Africa,Female,1,0,0,0,0,0,0,2015,0,0,0,1,1,1,1,1,1,0,0,1,0,0,0,0,0,0,0,0,1,0,0,8,0.348,Intermediate,0
ISO-01724,Poultry,Livestock,🐔,Pasteurella multocida,Negative,Pasteurellaceae,1,Moderate,2,Abattoir,Germany,Unknown,2,1,0,0,0,0,0,2023,1,0,0,1,0,0,0,0,0,1,0,0,1,0,0,0,0,0,1,1,0,1,1,8,0.348,Intermediate,0
ISO-01725,Poultry,Livestock,🐔,Escherichia coli,Negative,Enterobacteriaceae,1,High,3,Abattoir,Portugal,Unknown,5,1,0,0,0,0,0,2018,1,0,1,1,0,1,0,0,0,0,0,0,0,1,0,0,1,1,0,0,0,0,1,8,0.348,Intermediate,0
ISO-01726,Human,Human,🧑,Pasteurella multocida,Negative,Pasteurellaceae,1,Moderate,2,Hospital,Poland,Female,56,0,0,0,0,0,0,2021,0,0,0,0,0,0,0,0,0,0,0,0,0,0,0,0,0,0,0,1,0,0,0,1,0.043,Intermediate,0
ISO-01727,Bovine,Livestock,🐄,Enterococcus faecalis,Positive,Enterococcaceae,1,Low,1,Dairy farm,France,Female,7,0,1,0,0,0,0,2015,0,0,0,1,1,1,1,1,1,0,1,0,0,0,1,0,0,0,0,0,1,1,0,10,0.435,Intermediate,0
ISO-01728,Water,Environment,💧,Salmonella spp.,Negative,Enterobacteriaceae,1,High,3,Wastewater treatment,France,N/A,-1,1,0,0,0,0,0,2017,1,0,0,1,0,0,1,0,0,0,1,1,0,1,1,0,1,0,1,0,1,0,0,10,0.435,Intermediate,0
ISO-01729,Human,Human,🧑,Staphylococcus aureus,Positive,Staphylococcaceae,1,Moderate,2,Hospital,Poland,Male,29,1,0,0,0,0,0,2022,1,0,0,0,1,0,0,1,0,1,0,0,0,0,0,0,0,0,1,0,1,0,0,6,0.261,Intermediate,0
ISO-01730,Porcine,Livestock,🐷,Escherichia coli,Negative,Enterobacteriaceae,1,High,3,Veterinary clinic,Brazil,Unknown,1,0,0,1,0,0,0,2024,1,0,0,1,1,1,1,1,0,1,0,1,1,0,1,0,0,0,1,0,0,0,0,11,0.478,Intermediate,0
ISO-01731,Soil,Environment,🌱,Enterobacter cloacae,Negative,Enterobacteriaceae,0,Low,1,Agricultural field,South Africa,N/A,-1,0,0,0,0,0,0,2020,1,1,0,1,1,0,0,1,1,0,0,0,1,0,1,1,0,0,0,0,0,1,0,10,0.435,Intermediate,0
ISO-01732,Human,Human,🧑,Salmonella spp.,Negative,Enterobacteriaceae,1,High,3,Hospital,India,Female,46,1,0,0,0,0,0,2015,0,0,0,0,0,0,0,1,1,0,1,1,1,0,0,0,0,0,1,0,0,1,1,8,0.348,Intermediate,0
ISO-01733,Equine,Companion,🐎,Pseudomonas aeruginosa,Negative,Pseudomonadaceae,0,Low,1,Racing stable,USA,Male,0,0,0,0,0,0,0,2024,1,1,1,1,1,0,0,0,0,0,1,1,0,0,0,0,1,1,1,1,0,1,1,13,0.565,MDR,1
ISO-01734,Human,Human,🧑,Escherichia coli,Negative,Enterobacteriaceae,1,High,3,Long-term care,United Kingdom,Female,81,0,0,0,0,0,0,2017,1,0,0,1,0,0,0,0,0,0,0,1,0,0,0,0,0,0,0,0,0,0,0,3,0.13,Intermediate,0
ISO-01735,Water,Environment,💧,Pseudomonas aeruginosa,Negative,Pseudomonadaceae,0,Low,1,Drinking water,Italy,N/A,-1,1,0,0,0,0,0,2015,1,1,0,1,1,1,0,0,0,0,1,0,1,0,0,1,1,1,1,1,0,1,1,14,0.609,MDR,1
ISO-01736,Equine,Companion,🐎,Pseudomonas aeruginosa,Negative,Pseudomonadaceae,0,Low,1,Farm,Germany,Male,3,1,0,0,0,0,0,2023,1,1,0,1,1,1,0,1,1,0,1,0,1,0,0,0,1,1,1,0,1,1,1,15,0.652,MDR,1
ISO-01737,Water,Environment,💧,Escherichia coli,Negative,Enterobacteriaceae,1,High,3,Drinking water,USA,N/A,-1,0,0,1,0,0,0,2018,0,0,1,1,1,1,1,1,1,0,0,1,1,1,1,0,0,0,0,0,0,0,0,11,0.478,Intermediate,0
ISO-01738,Human,Human,🧑,Staphylococcus pseudintermedius,Positive,Staphylococcaceae,1,Low,1,Hospital,Italy,Male,71,0,0,0,0,0,0,2024,1,0,1,0,0,1,0,0,0,0,0,1,1,1,0,0,0,0,0,0,1,0,0,7,0.304,Intermediate,0
ISO-01739,Poultry,Livestock,🐔,Staphylococcus aureus,Positive,Staphylococcaceae,1,Moderate,2,Broiler farm,Italy,Male,0,0,0,0,0,0,0,2016,1,0,1,0,0,1,0,0,1,1,0,0,0,1,1,1,0,0,1,0,1,1,0,11,0.478,Intermediate,0
ISO-01740,Wild Bird,Wildlife,🦅,Salmonella spp.,Negative,Enterobacteriaceae,1,High,3,Research station,USA,Unknown,1,1,0,0,0,0,0,2015,0,1,0,0,0,0,1,0,0,0,0,1,1,1,0,0,0,0,1,0,0,0,0,6,0.261,Intermediate,0
ISO-01741,Human,Human,🧑,Enterobacter cloacae,Negative,Enterobacteriaceae,0,Low,1,Community,Germany,Female,86,0,0,1,0,0,0,2020,1,1,0,1,1,1,1,1,0,0,0,0,0,0,0,0,0,0,0,0,0,1,0,8,0.348,Intermediate,0
ISO-01742,Human,Human,🧑,Clostridioides difficile,Positive,Clostridiaceae,1,Moderate,2,Community,India,Female,47,1,0,0,0,0,0,2017,1,1,1,1,1,1,1,1,0,1,0,0,1,0,0,0,0,0,1,0,0,0,0,11,0.478,Intermediate,0
ISO-01743,Human,Human,🧑,Clostridioides difficile,Positive,Clostridiaceae,1,Moderate,2,Community,Spain,Male,54,1,1,0,0,0,0,2018,1,1,1,1,1,1,1,1,1,0,0,0,1,0,1,0,1,0,0,1,1,0,1,15,0.652,MDR,1
ISO-01744,Soil,Environment,🌱,Escherichia coli,Negative,Enterobacteriaceae,1,High,3,Forest,Poland,N/A,-1,1,1,0,0,0,0,2017,0,0,0,0,1,0,0,1,0,0,0,0,0,0,1,0,0,0,0,1,1,1,1,7,0.304,Intermediate,0
ISO-01745,Feline,Companion,🐈,Pasteurella multocida,Negative,Pasteurellaceae,1,Moderate,2,Home,Poland,Male,0,0,0,0,0,0,0,2019,0,0,0,0,0,0,0,0,0,0,0,0,0,0,0,0,0,0,0,0,0,0,1,1,0.043,Intermediate,0
ISO-01746,Canine,Companion,🐕,Pseudomonas aeruginosa,Negative,Pseudomonadaceae,0,Low,1,Veterinary clinic,France,Female,8,0,0,0,0,0,0,2020,1,1,1,1,1,1,0,0,1,0,0,0,0,1,0,0,1,1,1,1,0,1,1,14,0.609,MDR,1
ISO-01747,Equine,Companion,🐎,Klebsiella pneumoniae,Negative,Enterobacteriaceae,1,Moderate,2,Equine clinic,India,Male,0,0,0,0,0,0,0,2021,1,1,1,0,0,0,0,1,0,0,0,0,1,0,1,0,0,0,0,0,0,1,0,7,0.304,Intermediate,0
ISO-01748,Poultry,Livestock,🐔,Escherichia coli,Negative,Enterobacteriaceae,1,High,3,Abattoir,Italy,Female,3,0,0,0,0,0,0,2021,0,0,1,0,1,1,0,1,0,0,0,1,0,0,0,0,0,0,0,1,0,0,0,6,0.261,Intermediate,0
ISO-01749,Porcine,Livestock,🐷,Enterococcus faecalis,Positive,Enterococcaceae,1,Low,1,Veterinary clinic,Poland,Female,0,0,0,0,0,0,0,2016,0,0,1,1,1,1,1,1,0,0,1,0,0,1,0,0,0,0,0,0,1,1,0,10,0.435,Intermediate,0
ISO-01750,Porcine,Livestock,🐷,Staphylococcus aureus,Positive,Staphylococcaceae,1,Moderate,2,Veterinary clinic,Germany,Unknown,2,1,0,0,0,0,0,2021,1,0,1,0,0,0,1,0,0,1,0,0,0,0,0,0,0,0,1,0,1,1,0,7,0.304,Intermediate,0
ISO-01751,Canine,Companion,🐕,Pseudomonas aeruginosa,Negative,Pseudomonadaceae,0,Low,1,Animal shelter,France,Female,3,1,0,0,0,0,0,2016,1,1,0,1,1,1,0,0,0,0,1,0,0,1,0,0,1,1,1,1,0,1,1,13,0.565,MDR,1
ISO-01752,Human,Human,🧑,Staphylococcus aureus,Positive,Staphylococcaceae,1,Moderate,2,Community,South Africa,Male,77,0,0,0,0,0,0,2017,1,0,0,0,0,0,1,1,0,0,0,0,1,0,0,0,0,0,0,1,1,0,0,6,0.261,Intermediate,0
ISO-01753,Water,Environment,💧,Pseudomonas aeruginosa,Negative,Pseudomonadaceae,0,Low,1,Wastewater treatment,France,N/A,-1,0,0,0,0,0,0,2018,1,1,0,1,1,1,1,0,1,0,1,0,0,0,1,1,1,1,1,0,1,1,1,16,0.696,MDR,1
ISO-01754,Wild Bird,Wildlife,🦅,Escherichia coli,Negative,Enterobacteriaceae,1,High,3,Nature reserve,Poland,Unknown,4,1,1,0,0,0,0,2019,0,1,0,1,0,0,1,0,1,0,0,0,1,1,1,0,0,0,1,0,0,1,0,9,0.391,Intermediate,0
ISO-01755,Bovine,Livestock,🐄,Enterococcus faecium,Positive,Enterococcaceae,1,Moderate,2,Beef farm,Italy,Unknown,2,0,0,0,0,0,0,2024,1,1,1,1,1,1,1,1,1,1,1,1,0,0,0,1,0,0,1,0,1,0,0,15,0.652,MDR,1
ISO-01756,Poultry,Livestock,🐔,Enterococcus faecalis,Positive,Enterococcaceae,1,Low,1,Layer farm,Germany,Male,20,1,0,0,0,0,0,2018,1,0,0,1,1,1,1,1,1,1,1,1,1,1,1,0,1,0,1,0,1,0,1,17,0.739,MDR,1
ISO-01757,Human,Human,🧑,Enterobacter cloacae,Negative,Enterobacteriaceae,0,Low,1,Hospital,India,Female,8,0,0,0,0,0,0,2022,1,1,0,1,1,1,0,0,0,0,0,1,0,0,1,0,0,0,0,0,0,0,0,7,0.304,Intermediate,0
ISO-01758,Food,Environment,🥩,Enterococcus faecium,Positive,Enterococcaceae,1,Moderate,2,Slaughterhouse,Netherlands,N/A,-1,1,0,0,0,0,0,2021,1,1,1,1,1,1,1,1,1,1,1,1,0,1,0,0,0,0,1,0,1,0,1,16,0.696,MDR,1
ISO-01759,Water,Environment,💧,Enterobacter cloacae,Negative,Enterobacteriaceae,0,Low,1,River,France,N/A,-1,0,0,0,0,0,0,2020,1,0,0,1,1,0,0,0,0,0,1,0,0,1,0,0,0,0,1,1,0,1,0,8,0.348,Intermediate,0
ISO-01760,Soil,Environment,🌱,Acinetobacter baumannii,Negative,Moraxellaceae,0,Low,1,Forest,United Kingdom,N/A,-1,0,0,0,0,0,0,2024,1,0,1,1,0,1,0,0,0,1,0,0,1,0,1,0,1,1,0,1,0,1,1,12,0.522,MDR,1
ISO-01761,Bovine,Livestock,🐄,Enterococcus faecalis,Positive,Enterococcaceae,1,Low,1,Veterinary clinic,Poland,Male,2,1,1,0,0,0,0,2020,0,0,0,1,1,1,1,1,1,0,1,1,0,1,0,1,0,1,1,0,1,0,0,13,0.565,MDR,1
ISO-01762,Human,Human,🧑,Pseudomonas aeruginosa,Negative,Pseudomonadaceae,0,Low,1,Long-term care,India,Male,44,1,1,0,0,0,0,2016,1,1,0,1,1,1,0,0,1,0,1,1,0,0,0,1,1,1,1,1,0,1,1,15,0.652,MDR,1
ISO-01763,Human,Human,🧑,Klebsiella pneumoniae,Negative,Enterobacteriaceae,1,Moderate,2,Hospital,South Africa,Female,31,0,0,0,0,0,0,2017,1,0,0,1,0,1,0,1,0,0,0,0,0,0,0,0,0,0,0,0,0,0,0,4,0.174,Intermediate,0
ISO-01764,Human,Human,🧑,Staphylococcus pseudintermedius,Positive,Staphylococcaceae,1,Low,1,Community,Portugal,Male,63,1,0,0,0,0,0,2019,1,1,0,0,0,0,0,1,0,0,0,0,0,1,0,0,1,0,1,0,1,0,0,7,0.304,Intermediate,0
ISO-01765,Human,Human,🧑,Escherichia coli,Negative,Enterobacteriaceae,1,High,3,Community,India,Male,63,1,0,0,0,0,0,2018,0,0,0,1,0,0,0,0,0,0,0,0,0,0,0,0,0,0,0,0,0,0,1,2,0.087,Intermediate,0
ISO-01766,Human,Human,🧑,Enterococcus faecalis,Positive,Enterococcaceae,1,Low,1,Hospital,USA,Female,86,1,0,0,0,0,0,2017,0,0,0,1,1,1,1,1,1,1,1,0,1,0,1,0,0,1,1,0,1,0,0,13,0.565,MDR,1
ISO-01767,Food,Environment,🥩,Escherichia coli,Negative,Enterobacteriaceae,1,High,3,Retail,Brazil,N/A,-1,0,0,1,0,0,0,2015,0,0,0,1,1,1,1,1,0,0,0,1,0,0,0,0,0,0,0,1,0,1,0,8,0.348,Intermediate,0
ISO-01768,Human,Human,🧑,Enterococcus faecalis,Positive,Enterococcaceae,1,Low,1,Long-term care,Spain,Female,54,0,0,0,0,0,0,2024,1,0,1,1,1,1,1,1,0,0,1,0,1,0,0,1,0,0,1,1,1,0,0,13,0.565,MDR,1
ISO-01769,Human,Human,🧑,Enterococcus faecium,Positive,Enterococcaceae,1,Moderate,2,Community,Germany,Female,65,1,0,0,0,0,0,2018,1,1,1,1,1,1,1,1,1,0,1,0,0,1,1,0,1,1,0,0,1,1,0,16,0.696,MDR,1
ISO-01770,Wild Boar,Wildlife,🐗,Clostridioides difficile,Positive,Clostridiaceae,1,Moderate,2,Research station,Portugal,Unknown,1,1,0,0,0,0,0,2022,1,1,1,1,1,1,1,1,1,0,0,1,1,0,0,1,0,0,0,0,1,0,0,13,0.565,MDR,1
ISO-01771,Canine,Companion,🐕,Staphylococcus aureus,Positive,Staphylococcaceae,1,Moderate,2,Home,Poland,Female,4,1,0,0,0,0,0,2020,1,1,0,1,0,0,1,1,0,0,0,0,0,1,0,0,0,0,1,1,1,0,0,9,0.391,Intermediate,0
ISO-01772,Wild Bird,Wildlife,🦅,Escherichia coli,Negative,Enterobacteriaceae,1,High,3,Wildlife rescue,Germany,Unknown,3,1,0,0,0,0,0,2016,0,1,1,0,0,1,0,1,0,0,0,0,1,0,1,1,0,0,0,0,0,0,0,7,0.304,Intermediate,0
ISO-01773,Canine,Companion,🐕,Klebsiella pneumoniae,Negative,Enterobacteriaceae,1,Moderate,2,Home,India,Male,5,0,0,0,0,0,0,2020,1,0,1,0,1,1,0,0,0,0,0,0,0,0,1,0,0,0,1,0,0,0,0,6,0.261,Intermediate,0
ISO-01774,Water,Environment,💧,Salmonella spp.,Negative,Enterobacteriaceae,1,High,3,River,Portugal,N/A,-1,0,0,0,0,0,0,2016,0,1,0,0,0,0,0,0,0,0,1,1,0,1,0,0,0,0,0,0,0,1,0,5,0.217,Intermediate,0
ISO-01775,Canine,Companion,🐕,Enterococcus faecalis,Positive,Enterococcaceae,1,Low,1,Veterinary clinic,South Africa,Male,7,0,0,0,0,0,0,2022,0,0,0,1,1,1,1,1,0,1,1,0,0,0,0,1,0,0,1,0,1,1,0,11,0.478,Intermediate,0
ISO-01776,Poultry,Livestock,🐔,Staphylococcus aureus,Positive,Staphylococcaceae,1,Moderate,2,Broiler farm,USA,Male,0,1,0,0,0,0,0,2016,1,0,0,0,0,1,0,1,0,0,0,0,1,0,1,1,0,0,1,0,1,1,0,9,0.391,Intermediate,0
ISO-01777,Feline,Companion,🐈,Klebsiella pneumoniae,Negative,Enterobacteriaceae,1,Moderate,2,Home,Netherlands,Female,12,0,0,0,0,0,0,2016,1,1,0,0,0,0,0,0,0,0,0,1,0,0,0,0,0,0,1,0,0,1,0,5,0.217,Intermediate,0
ISO-01778,Porcine,Livestock,🐷,Staphylococcus aureus,Positive,Staphylococcaceae,1,Moderate,2,Veterinary clinic,Poland,Unknown,14,1,0,0,0,0,0,2021,0,0,0,1,0,1,1,0,0,0,1,0,0,1,0,0,1,0,1,1,1,1,1,11,0.478,Intermediate,0
ISO-01779,Bovine,Livestock,🐄,Salmonella spp.,Negative,Enterobacteriaceae,1,High,3,Veterinary clinic,South Africa,Female,0,0,0,0,0,0,0,2015,1,0,0,0,0,0,0,0,0,0,0,0,0,0,0,0,0,0,0,1,0,1,1,4,0.174,Intermediate,0
ISO-01780,Porcine,Livestock,🐷,Enterococcus faecalis,Positive,Enterococcaceae,1,Low,1,Abattoir,Netherlands,Female,3,1,0,0,0,0,0,2024,1,0,1,1,1,1,1,1,0,1,1,1,1,0,1,1,0,0,0,0,1,0,0,14,0.609,MDR,1
ISO-01781,Human,Human,🧑,Escherichia coli,Negative,Enterobacteriaceae,1,High,3,Long-term care,USA,Female,81,1,0,0,0,0,0,2024,0,0,0,0,0,1,0,0,0,0,0,0,1,0,0,0,0,0,0,0,0,0,0,2,0.087,Intermediate,0
ISO-01782,Wild Bird,Wildlife,🦅,Salmonella spp.,Negative,Enterobacteriaceae,1,High,3,Wildlife rescue,USA,Unknown,2,0,0,0,0,0,0,2022,0,0,0,0,0,0,0,0,0,0,0,1,0,1,0,0,0,0,0,0,0,0,0,2,0.087,Intermediate,0
ISO-01783,Human,Human,🧑,Staphylococcus aureus,Positive,Staphylococcaceae,1,Moderate,2,Long-term care,India,Female,38,0,0,0,0,0,0,2023,1,0,1,0,0,0,1,1,0,0,0,0,0,0,0,0,0,0,0,0,1,1,0,6,0.261,Intermediate,0
ISO-01784,Human,Human,🧑,Klebsiella pneumoniae,Negative,Enterobacteriaceae,1,Moderate,2,Long-term care,India,Male,98,1,0,1,0,0,0,2019,1,0,1,1,1,1,1,1,1,0,0,1,0,1,0,0,0,0,1,0,0,1,0,12,0.522,MDR,1
ISO-01785,Human,Human,🧑,Staphylococcus pseudintermedius,Positive,Staphylococcaceae,1,Low,1,Hospital,USA,Male,36,0,0,0,0,0,0,2015,1,0,0,0,0,0,0,0,0,0,0,1,1,0,0,0,0,0,0,0,1,0,0,4,0.174,Intermediate,0
ISO-01786,Wild Boar,Wildlife,🐗,Clostridioides difficile,Positive,Clostridiaceae,1,Moderate,2,Nature reserve,USA,Unknown,1,0,0,0,0,0,0,2022,1,1,1,1,1,1,0,1,1,1,0,1,1,0,0,0,0,0,0,0,1,0,0,12,0.522,MDR,1
ISO-01787,Bovine,Livestock,🐄,Salmonella spp.,Negative,Enterobacteriaceae,1,High,3,Dairy farm,Spain,Unknown,9,1,0,0,0,0,0,2024,0,1,1,0,0,0,1,0,0,0,0,0,1,0,0,0,0,0,1,0,0,0,0,5,0.217,Intermediate,0
ISO-01788,Feline,Companion,🐈,Pasteurella multocida,Negative,Pasteurellaceae,1,Moderate,2,Veterinary clinic,South Africa,Female,1,0,0,0,0,0,0,2019,0,0,0,0,0,0,0,0,0,0,0,0,0,1,0,0,0,0,0,0,1,0,0,2,0.087,Intermediate,0
ISO-01789,Wild Boar,Wildlife,🐗,Salmonella spp.,Negative,Enterobacteriaceae,1,High,3,Research station,Italy,Male,5,0,0,0,0,0,0,2018,1,0,0,0,0,0,0,0,0,0,0,0,0,0,1,0,0,1,1,0,0,1,0,5,0.217,Intermediate,0
ISO-01790,Human,Human,🧑,Klebsiella pneumoniae,Negative,Enterobacteriaceae,1,Moderate,2,Long-term care,Spain,Female,0,1,1,1,0,0,0,2023,1,0,0,1,1,1,1,1,0,0,0,1,1,1,1,0,1,1,1,0,0,1,0,14,0.609,MDR,1
ISO-01791,Wild Bird,Wildlife,🦅,Escherichia coli,Negative,Enterobacteriaceae,1,High,3,Research station,Netherlands,Unknown,1,0,0,0,0,0,0,2020,1,0,0,0,0,0,0,1,0,0,0,0,1,0,0,0,0,0,0,0,0,0,0,3,0.13,Intermediate,0
ISO-01792,Bovine,Livestock,🐄,Enterococcus faecalis,Positive,Enterococcaceae,1,Low,1,Dairy farm,Poland,Female,2,0,0,0,0,0,0,2022,0,0,0,1,1,1,1,1,1,0,1,0,0,0,1,1,0,0,1,0,1,0,1,12,0.522,MDR,1
ISO-01793,Human,Human,🧑,Enterococcus faecium,Positive,Enterococcaceae,1,Moderate,2,Community,Italy,Male,70,1,0,0,0,0,0,2019,1,1,1,1,1,1,1,1,1,0,1,0,1,0,0,1,0,1,1,0,1,0,0,15,0.652,MDR,1
ISO-01794,Feline,Companion,🐈,Pasteurella multocida,Negative,Pasteurellaceae,1,Moderate,2,Home,Poland,Female,2,1,0,0,0,0,0,2019,0,0,0,0,0,0,1,0,0,0,0,0,0,1,0,0,0,0,1,0,0,1,0,4,0.174,Intermediate,0
ISO-01795,Water,Environment,💧,Escherichia coli,Negative,Enterobacteriaceae,1,High,3,Wastewater treatment,South Africa,N/A,-1,0,0,0,0,0,0,2024,0,0,0,0,1,0,1,0,0,0,1,1,0,0,0,0,0,0,0,0,0,0,0,4,0.174,Intermediate,0
ISO-01796,Bovine,Livestock,🐄,Mannheimia haemolytica,Negative,Pasteurellaceae,0,Negligible,0,Beef farm,Portugal,Unknown,1,0,0,0,0,0,0,2019,0,0,0,1,1,0,0,0,0,0,0,0,0,0,0,0,0,0,0,0,0,0,0,2,0.087,Intermediate,0
ISO-01797,Poultry,Livestock,🐔,Salmonella spp.,Negative,Enterobacteriaceae,1,High,3,Abattoir,Spain,Male,0,1,0,0,0,0,0,2018,0,1,0,0,1,1,0,0,0,0,0,0,0,0,1,1,0,0,0,0,0,0,0,5,0.217,Intermediate,0
ISO-01798,Bovine,Livestock,🐄,Salmonella spp.,Negative,Enterobacteriaceae,1,High,3,Dairy farm,France,Female,7,1,0,0,0,0,0,2024,1,1,1,0,1,1,1,0,0,0,1,0,0,1,0,0,1,0,1,0,0,0,0,10,0.435,Intermediate,0
ISO-01799,Poultry,Livestock,🐔,Pasteurella multocida,Negative,Pasteurellaceae,1,Moderate,2,Broiler farm,Poland,Unknown,1,1,0,0,0,0,0,2023,0,1,0,0,0,0,1,0,0,1,0,0,0,1,0,1,0,1,1,1,0,0,0,8,0.348,Intermediate,0
ISO-01800,Canine,Companion,🐕,Pseudomonas aeruginosa,Negative,Pseudomonadaceae,0,Low,1,Veterinary clinic,United Kingdom,Female,2,0,0,0,0,0,0,2023,1,1,0,1,1,0,0,0,1,0,1,1,1,0,0,1,1,1,1,1,0,1,1,15,0.652,MDR,1
ISO-01801,Canine,Companion,🐕,Campylobacter jejuni,Negative,Campylobacteraceae,1,Very High,4,Home,Netherlands,Male,14,0,0,0,0,0,0,2022,0,0,1,1,0,1,1,1,0,0,0,1,1,0,0,0,0,0,0,0,0,0,0,7,0.304,Intermediate,0
ISO-01802,Canine,Companion,🐕,Campylobacter jejuni,Negative,Campylobacteraceae,1,Very High,4,Animal shelter,Spain,Male,6,0,0,0,0,0,0,2015,0,0,0,1,1,0,1,0,1,0,0,0,0,0,0,0,0,0,0,0,0,0,0,4,0.174,Intermediate,0
ISO-01803,Human,Human,🧑,Campylobacter jejuni,Negative,Campylobacteraceae,1,Very High,4,Community,United Kingdom,Male,53,1,0,0,0,0,0,2016,0,0,0,1,1,0,1,1,0,0,0,0,1,0,0,0,0,0,0,0,0,1,0,6,0.261,Intermediate,0
ISO-01804,Feline,Companion,🐈,Staphylococcus pseudintermedius,Positive,Staphylococcaceae,1,Low,1,Animal shelter,India,Male,8,0,1,0,0,0,0,2017,0,1,0,0,1,1,0,1,1,1,0,0,1,0,0,0,0,1,1,0,1,0,0,10,0.435,Intermediate,0
ISO-01805,Feline,Companion,🐈,Pseudomonas aeruginosa,Negative,Pseudomonadaceae,0,Low,1,Home,France,Male,9,0,0,0,0,0,0,2023,1,1,0,1,1,1,1,0,1,0,1,0,0,0,0,0,1,1,1,1,0,1,1,14,0.609,MDR,1
ISO-01806,Feline,Companion,🐈,Pseudomonas aeruginosa,Negative,Pseudomonadaceae,0,Low,1,Animal shelter,United Kingdom,Female,7,0,0,0,0,0,0,2018,1,0,0,1,1,1,0,1,0,0,0,0,0,0,0,0,1,1,1,1,0,1,1,11,0.478,Intermediate,0
ISO-01807,Human,Human,🧑,Acinetobacter baumannii,Negative,Moraxellaceae,0,Low,1,Long-term care,Brazil,Female,69,0,0,0,0,0,0,2020,1,0,1,1,1,1,1,1,1,1,1,0,0,1,1,0,1,1,0,0,0,1,1,16,0.696,MDR,1
ISO-01808,Porcine,Livestock,🐷,Pasteurella multocida,Negative,Pasteurellaceae,1,Moderate,2,Pig farm,Netherlands,Unknown,4,0,0,0,0,0,0,2018,0,0,0,0,0,0,0,0,0,0,0,0,0,0,0,0,0,0,0,0,1,1,0,2,0.087,Intermediate,0
ISO-01809,Porcine,Livestock,🐷,Pasteurella multocida,Negative,Pasteurellaceae,1,Moderate,2,Abattoir,Germany,Unknown,1,1,0,0,0,0,0,2024,1,1,0,1,0,0,0,0,0,0,1,1,0,0,1,0,0,0,1,0,0,1,0,8,0.348,Intermediate,0
ISO-01810,Human,Human,🧑,Pasteurella multocida,Negative,Pasteurellaceae,1,Moderate,2,Community,Brazil,Male,74,0,0,0,0,0,0,2017,1,0,0,0,0,0,0,1,0,0,0,0,0,0,0,0,0,0,0,0,0,0,0,2,0.087,Intermediate,0
ISO-01811,Human,Human,🧑,Klebsiella pneumoniae,Negative,Enterobacteriaceae,1,Moderate,2,Long-term care,USA,Male,20,1,0,0,0,0,0,2019,1,0,0,0,0,1,0,1,0,0,1,1,0,0,0,0,0,0,0,0,1,0,0,6,0.261,Intermediate,0
ISO-01812,Porcine,Livestock,🐷,Salmonella spp.,Negative,Enterobacteriaceae,1,High,3,Abattoir,Italy,Unknown,0,1,0,0,0,0,0,2022,1,0,0,1,0,1,0,1,0,0,0,1,0,1,0,0,0,0,0,0,0,0,0,6,0.261,Intermediate,0
ISO-01813,Equine,Companion,🐎,Acinetobacter baumannii,Negative,Moraxellaceae,0,Low,1,Racing stable,Spain,Male,0,0,0,0,0,0,0,2022,1,1,1,1,0,1,1,1,0,0,0,0,0,1,1,1,1,1,1,0,0,1,1,15,0.652,MDR,1
ISO-01814,Human,Human,🧑,Pseudomonas aeruginosa,Negative,Pseudomonadaceae,0,Low,1,Long-term care,Italy,Male,45,1,0,0,0,0,0,2023,1,1,0,1,1,1,0,0,0,0,1,0,0,0,0,0,1,1,1,1,0,1,1,12,0.522,MDR,1
ISO-01815,Wild Boar,Wildlife,🐗,Clostridioides difficile,Positive,Clostridiaceae,1,Moderate,2,Research station,Germany,Unknown,0,1,0,0,0,0,0,2021,1,1,1,1,1,1,1,1,0,0,0,0,0,0,0,0,0,0,1,1,0,0,0,10,0.435,Intermediate,0
ISO-01816,Poultry,Livestock,🐔,Salmonella spp.,Negative,Enterobacteriaceae,1,High,3,Abattoir,India,Female,2,1,0,0,0,0,0,2016,1,0,0,0,1,0,0,0,0,0,0,0,1,0,0,0,0,0,1,0,0,0,0,4,0.174,Intermediate,0
ISO-01817,Wild Bird,Wildlife,🦅,Salmonella spp.,Negative,Enterobacteriaceae,1,High,3,Research station,South Africa,Unknown,1,0,0,0,0,0,0,2015,0,0,0,0,0,0,0,0,0,0,0,0,0,0,0,0,0,0,0,0,0,1,0,1,0.043,Intermediate,0
ISO-01818,Porcine,Livestock,🐷,Salmonella spp.,Negative,Enterobacteriaceae,1,High,3,Pig farm,Poland,Male,1,1,0,0,0,0,0,2024,0,0,0,0,0,0,0,0,1,0,1,0,1,1,0,0,1,1,1,0,0,0,1,8,0.348,Intermediate,0
ISO-01819,Poultry,Livestock,🐔,Staphylococcus aureus,Positive,Staphylococcaceae,1,Moderate,2,Broiler farm,Netherlands,Unknown,1,0,0,0,0,0,0,2019,1,0,0,0,0,1,1,0,1,0,0,0,0,0,0,1,0,0,0,0,1,0,0,6,0.261,Intermediate,0
ISO-01820,Canine,Companion,🐕,Staphylococcus pseudintermedius,Positive,Staphylococcaceae,1,Low,1,Animal shelter,Portugal,Male,8,0,0,0,0,0,0,2021,1,1,1,0,0,1,1,1,0,0,0,0,0,0,0,0,0,0,0,0,1,0,0,7,0.304,Intermediate,0
ISO-01821,Soil,Environment,🌱,Escherichia coli,Negative,Enterobacteriaceae,1,High,3,Urban soil,South Africa,N/A,-1,0,0,0,0,0,0,2017,1,0,0,0,0,0,0,0,1,0,0,0,1,0,0,0,0,0,1,0,0,1,0,5,0.217,Intermediate,0
ISO-01822,Poultry,Livestock,🐔,Salmonella spp.,Negative,Enterobacteriaceae,1,High,3,Abattoir,India,Unknown,3,1,0,0,0,0,0,2022,1,0,1,0,0,0,1,0,0,0,0,1,0,1,0,0,0,0,0,0,0,0,0,5,0.217,Intermediate,0
ISO-01823,Poultry,Livestock,🐔,Campylobacter jejuni,Negative,Campylobacteraceae,1,Very High,4,Broiler farm,France,Male,4,1,0,0,0,0,0,2015,1,1,0,1,1,0,1,1,0,0,1,0,1,0,0,0,0,1,1,0,0,1,1,12,0.522,MDR,1
ISO-01824,Canine,Companion,🐕,Campylobacter jejuni,Negative,Campylobacteraceae,1,Very High,4,Home,India,Female,13,0,0,0,0,0,0,2024,1,1,0,0,0,1,0,1,0,0,0,0,1,0,1,0,0,0,1,1,0,1,0,9,0.391,Intermediate,0
ISO-01825,Equine,Companion,🐎,Mannheimia haemolytica,Negative,Pasteurellaceae,0,Negligible,0,Equine clinic,Germany,Female,3,0,0,0,0,0,0,2020,1,0,0,0,0,0,0,0,0,0,0,0,0,0,0,0,0,0,1,1,0,1,0,4,0.174,Intermediate,0
ISO-01826,Human,Human,🧑,Enterococcus faecium,Positive,Enterococcaceae,1,Moderate,2,Long-term care,Portugal,Male,79,1,0,0,0,0,1,2022,1,0,1,1,1,1,1,1,1,1,1,0,0,0,1,0,1,1,0,0,1,1,0,15,0.652,MDR,1
ISO-01827,Poultry,Livestock,🐔,Pasteurella multocida,Negative,Pasteurellaceae,1,Moderate,2,Abattoir,USA,Unknown,5,1,0,0,0,0,0,2017,0,1,0,0,0,0,0,0,0,0,0,0,0,0,0,1,0,0,1,0,0,0,0,3,0.13,Intermediate,0
ISO-01828,Poultry,Livestock,🐔,Enterococcus faecium,Positive,Enterococcaceae,1,Moderate,2,Broiler farm,USA,Unknown,2,0,0,0,0,0,0,2022,1,0,1,1,1,1,1,1,1,1,1,1,1,0,0,1,0,0,0,0,1,1,1,16,0.696,MDR,1
ISO-01829,Soil,Environment,🌱,Escherichia coli,Negative,Enterobacteriaceae,1,High,3,Agricultural field,Italy,N/A,-1,0,0,1,0,0,0,2017,1,0,1,1,1,1,1,1,0,0,0,0,1,1,0,0,0,0,0,0,0,1,0,10,0.435,Intermediate,0
ISO-01830,Poultry,Livestock,🐔,Enterococcus faecalis,Positive,Enterococcaceae,1,Low,1,Abattoir,Brazil,Female,4,0,0,0,0,0,0,2016,0,0,1,1,1,1,1,1,0,1,0,1,1,1,1,1,0,0,0,0,1,0,0,13,0.565,MDR,1
ISO-01831,Porcine,Livestock,🐷,Clostridioides difficile,Positive,Clostridiaceae,1,Moderate,2,Veterinary clinic,Brazil,Female,3,1,0,0,0,0,0,2016,1,0,1,1,1,1,1,1,0,1,0,1,1,1,1,0,0,0,1,0,1,1,0,15,0.652,MDR,1
ISO-01832,Food,Environment,🥩,Enterococcus faecium,Positive,Enterococcaceae,1,Moderate,2,Slaughterhouse,South Africa,N/A,-1,0,0,0,0,0,1,2020,1,1,1,1,1,1,1,1,1,1,1,0,0,0,0,0,1,1,1,0,1,1,0,16,0.696,MDR,1
ISO-01833,Porcine,Livestock,🐷,Clostridioides difficile,Positive,Clostridiaceae,1,Moderate,2,Pig farm,Brazil,Unknown,0,1,0,0,0,0,0,2020,1,0,1,1,1,1,1,1,0,1,0,1,1,0,1,1,1,0,1,0,1,0,0,15,0.652,MDR,1
ISO-01834,Human,Human,🧑,Staphylococcus pseudintermedius,Positive,Staphylococcaceae,1,Low,1,Long-term care,France,Male,7,1,0,0,0,0,0,2015,1,0,0,0,0,0,0,1,0,0,0,1,1,0,0,0,0,0,0,0,1,1,1,7,0.304,Intermediate,0
ISO-01835,Human,Human,🧑,Klebsiella pneumoniae,Negative,Enterobacteriaceae,1,Moderate,2,Long-term care,Germany,Male,36,1,0,0,1,0,0,2018,1,0,1,0,0,1,0,0,0,0,0,1,0,0,0,0,0,0,1,0,0,1,0,6,0.261,Intermediate,0
ISO-01836,Human,Human,🧑,Pasteurella multocida,Negative,Pasteurellaceae,1,Moderate,2,Long-term care,Spain,Female,61,0,0,0,0,0,0,2016,0,0,0,1,0,0,0,0,0,0,0,1,0,0,1,0,0,0,0,0,0,0,0,3,0.13,Intermediate,0
ISO-01837,Human,Human,🧑,Enterococcus faecium,Positive,Enterococcaceae,1,Moderate,2,Hospital,Brazil,Male,47,0,0,0,0,0,1,2018,1,1,0,1,1,1,1,1,1,1,1,1,1,0,0,0,1,1,1,0,1,0,0,16,0.696,MDR,1
ISO-01838,Porcine,Livestock,🐷,Salmonella spp.,Negative,Enterobacteriaceae,1,High,3,Abattoir,Portugal,Female,0,0,0,0,0,0,0,2015,1,0,0,0,0,1,0,0,0,0,0,1,1,0,0,1,0,0,1,1,0,0,0,7,0.304,Intermediate,0
ISO-01839,Wild Bird,Wildlife,🦅,Campylobacter jejuni,Negative,Campylobacteraceae,1,Very High,4,Wildlife rescue,Brazil,Unknown,1,0,0,0,0,0,0,2023,0,0,0,1,1,0,1,0,0,0,0,1,1,0,0,0,0,0,0,0,0,1,0,6,0.261,Intermediate,0
ISO-01840,Equine,Companion,🐎,Staphylococcus aureus,Positive,Staphylococcaceae,1,Moderate,2,Equine clinic,France,Female,0,0,0,0,0,0,0,2023,1,0,0,0,0,0,0,0,0,0,0,0,1,0,0,0,0,0,0,0,1,0,0,3,0.13,Intermediate,0
ISO-01841,Human,Human,🧑,Salmonella spp.,Negative,Enterobacteriaceae,1,High,3,Community,Spain,Female,74,0,0,0,0,0,0,2017,0,0,0,0,0,0,0,0,0,0,0,0,0,0,1,0,0,0,0,0,0,1,0,2,0.087,Intermediate,0
ISO-01842,Poultry,Livestock,🐔,Enterococcus faecalis,Positive,Enterococcaceae,1,Low,1,Abattoir,Brazil,Female,3,1,0,0,0,0,0,2018,0,0,1,1,1,1,1,1,1,0,1,1,1,1,1,0,0,0,1,0,1,1,0,15,0.652,MDR,1
ISO-01843,Human,Human,🧑,Klebsiella pneumoniae,Negative,Enterobacteriaceae,1,Moderate,2,Long-term care,Germany,Female,67,0,0,1,0,0,0,2016,1,0,0,1,1,1,1,1,0,0,0,0,0,0,0,0,0,0,0,0,0,0,0,6,0.261,Intermediate,0
ISO-01844,Soil,Environment,🌱,Enterobacter cloacae,Negative,Enterobacteriaceae,0,Low,1,Urban soil,South Africa,N/A,-1,0,0,0,0,0,0,2022,1,1,0,1,1,0,0,0,0,0,0,0,1,0,0,0,0,0,1,0,0,0,0,6,0.261,Intermediate,0
ISO-01845,Human,Human,🧑,Enterobacter cloacae,Negative,Enterobacteriaceae,0,Low,1,Hospital,Poland,Male,34,0,0,1,0,0,0,2015,1,1,1,1,1,1,1,1,0,0,0,1,0,0,0,0,0,0,0,1,0,0,0,10,0.435,Intermediate,0
ISO-01846,Canine,Companion,🐕,Escherichia coli,Negative,Enterobacteriaceae,1,High,3,Veterinary clinic,USA,Female,4,0,0,1,0,0,0,2016,0,1,0,1,1,1,1,1,0,0,0,1,0,0,0,1,0,0,1,1,0,0,0,10,0.435,Intermediate,0
ISO-01847,Bovine,Livestock,🐄,Enterococcus faecium,Positive,Enterococcaceae,1,Moderate,2,Dairy farm,Brazil,Unknown,3,0,0,0,0,0,0,2017,1,1,1,1,1,1,1,1,1,0,1,1,1,1,1,0,0,0,1,0,1,0,0,16,0.696,MDR,1
ISO-01848,Canine,Companion,🐕,Clostridioides difficile,Positive,Clostridiaceae,1,Moderate,2,Veterinary clinic,United Kingdom,Female,14,0,0,0,0,0,0,2017,1,1,1,1,1,1,1,1,0,1,0,1,0,0,0,0,0,0,0,0,1,0,0,11,0.478,Intermediate,0
ISO-01849,Porcine,Livestock,🐷,Escherichia coli,Negative,Enterobacteriaceae,1,High,3,Pig farm,India,Unknown,1,1,0,0,0,0,0,2020,0,0,0,0,1,0,1,1,1,0,1,1,0,0,1,0,0,0,1,0,0,1,1,10,0.435,Intermediate,0
ISO-01850,Equine,Companion,🐎,Pseudomonas aeruginosa,Negative,Pseudomonadaceae,0,Low,1,Farm,USA,Female,2,0,0,0,0,0,0,2024,1,1,0,1,1,1,0,0,1,0,1,0,1,0,0,1,1,1,1,1,0,1,1,15,0.652,MDR,1
ISO-01851,Human,Human,🧑,Staphylococcus pseudintermedius,Positive,Staphylococcaceae,1,Low,1,Long-term care,Italy,Female,34,0,0,0,0,0,0,2016,1,0,0,0,0,0,0,0,0,0,0,0,0,0,0,0,0,0,1,0,1,0,0,3,0.13,Intermediate,0
ISO-01852,Water,Environment,💧,Salmonella spp.,Negative,Enterobacteriaceae,1,High,3,Wastewater treatment,Netherlands,N/A,-1,0,0,0,0,0,0,2017,1,0,0,0,1,0,0,0,0,0,0,0,1,0,0,1,0,0,0,0,0,1,0,5,0.217,Intermediate,0
ISO-01853,Poultry,Livestock,🐔,Campylobacter jejuni,Negative,Campylobacteraceae,1,Very High,4,Broiler farm,Poland,Female,12,1,0,0,0,0,0,2021,0,0,0,1,1,0,1,1,0,0,0,0,1,0,0,1,0,0,1,0,0,1,0,8,0.348,Intermediate,0
ISO-01854,Equine,Companion,🐎,Mannheimia haemolytica,Negative,Pasteurellaceae,0,Negligible,0,Racing stable,Poland,Female,3,0,0,0,0,0,0,2016,0,1,0,0,0,1,0,0,0,0,0,0,0,0,1,0,0,0,0,0,0,0,0,3,0.13,Intermediate,0
ISO-01855,Wild Boar,Wildlife,🐗,Salmonella spp.,Negative,Enterobacteriaceae,1,High,3,Hunting area,Spain,Male,0,1,0,1,0,0,0,2018,0,0,1,1,1,1,1,1,0,0,0,0,0,0,0,0,0,0,1,0,0,1,0,8,0.348,Intermediate,0
ISO-01856,Food,Environment,🥩,Salmonella spp.,Negative,Enterobacteriaceae,1,High,3,Slaughterhouse,Portugal,N/A,-1,0,0,0,0,0,0,2017,0,0,0,0,1,0,0,1,0,0,1,1,0,0,0,0,0,0,0,0,0,1,0,5,0.217,Intermediate,0
ISO-01857,Human,Human,🧑,Clostridioides difficile,Positive,Clostridiaceae,1,Moderate,2,Hospital,Spain,Female,56,0,0,0,0,0,0,2023,1,0,1,0,1,0,1,1,0,0,0,0,0,0,0,0,0,0,1,0,0,0,0,6,0.261,Intermediate,0
ISO-01858,Bovine,Livestock,🐄,Escherichia coli,Negative,Enterobacteriaceae,1,High,3,Veterinary clinic,USA,Male,1,1,0,0,0,0,0,2021,0,1,1,0,1,0,1,1,0,0,0,0,0,0,0,0,0,0,0,1,0,0,0,6,0.261,Intermediate,0
ISO-01859,Human,Human,🧑,Escherichia coli,Negative,Enterobacteriaceae,1,High,3,Hospital,South Africa,Female,44,0,0,0,0,0,0,2018,1,1,0,0,1,0,0,0,0,0,0,1,0,1,0,0,0,0,1,0,0,0,0,6,0.261,Intermediate,0
ISO-01860,Human,Human,🧑,Staphylococcus pseudintermedius,Positive,Staphylococcaceae,1,Low,1,Hospital,Brazil,Male,80,0,0,0,0,0,0,2019,0,0,1,0,0,0,0,0,0,0,0,1,1,1,0,0,0,0,1,0,1,1,0,7,0.304,Intermediate,0
ISO-01861,Canine,Companion,🐕,Pasteurella multocida,Negative,Pasteurellaceae,1,Moderate,2,Home,Spain,Female,9,0,0,0,0,0,0,2020,0,1,0,0,0,1,0,0,0,0,0,1,0,0,1,0,0,0,1,0,0,0,0,5,0.217,Intermediate,0
ISO-01862,Food,Environment,🥩,Salmonella spp.,Negative,Enterobacteriaceae,1,High,3,Processing plant,India,N/A,-1,0,0,0,0,0,0,2018,1,1,0,0,0,0,0,0,0,0,1,0,0,0,0,1,1,0,1,0,0,0,0,6,0.261,Intermediate,0
ISO-01863,Food,Environment,🥩,Escherichia coli,Negative,Enterobacteriaceae,1,High,3,Slaughterhouse,Poland,N/A,-1,0,0,0,0,0,0,2017,1,0,0,0,0,1,0,0,0,0,0,0,1,0,0,0,0,0,1,0,0,0,0,4,0.174,Intermediate,0
ISO-01864,Poultry,Livestock,🐔,Enterococcus faecium,Positive,Enterococcaceae,1,Moderate,2,Layer farm,Brazil,Male,4,1,0,0,0,0,0,2019,1,1,1,1,1,1,1,1,1,0,1,0,0,1,0,1,1,1,1,0,1,1,1,18,0.783,MDR,1
ISO-01865,Canine,Companion,🐕,Acinetobacter baumannii,Negative,Moraxellaceae,0,Low,1,Veterinary clinic,Netherlands,Female,5,0,0,0,0,0,0,2016,1,1,1,1,1,0,1,0,0,1,1,1,1,1,1,1,1,1,1,0,0,0,1,17,0.739,MDR,1
ISO-01866,Wild Boar,Wildlife,🐗,Salmonella spp.,Negative,Enterobacteriaceae,1,High,3,Hunting area,Germany,Male,0,0,0,0,0,0,0,2018,0,0,0,0,0,0,0,0,0,0,0,0,0,0,0,0,0,0,0,0,0,0,0,0,0.0,Susceptible,0
ISO-01867,Soil,Environment,🌱,Acinetobacter baumannii,Negative,Moraxellaceae,0,Low,1,Forest,India,N/A,-1,1,0,0,0,0,0,2016,1,1,1,1,1,1,1,0,1,0,1,1,0,0,1,0,1,1,1,0,0,1,1,16,0.696,MDR,1
ISO-01868,Human,Human,🧑,Clostridioides difficile,Positive,Clostridiaceae,1,Moderate,2,Hospital,Italy,Male,77,0,0,0,0,0,0,2015,1,1,0,1,1,1,1,1,0,0,0,0,1,0,0,0,0,0,0,0,0,1,0,9,0.391,Intermediate,0
ISO-01869,Poultry,Livestock,🐔,Enterococcus faecalis,Positive,Enterococcaceae,1,Low,1,Layer farm,Brazil,Female,2,1,0,0,0,0,0,2016,0,1,0,1,1,1,1,1,0,1,1,0,0,1,0,0,0,0,1,0,1,1,0,12,0.522,MDR,1
ISO-01870,Wild Boar,Wildlife,🐗,Clostridioides difficile,Positive,Clostridiaceae,1,Moderate,2,Research station,France,Male,0,0,0,0,0,0,0,2017,1,1,1,1,1,1,0,1,0,0,0,1,0,0,0,0,0,0,1,0,0,0,0,9,0.391,Intermediate,0
ISO-01871,Bovine,Livestock,🐄,Escherichia coli,Negative,Enterobacteriaceae,1,High,3,Beef farm,Italy,Female,6,0,0,1,0,0,0,2018,0,0,0,1,1,1,1,1,0,0,0,0,0,0,0,0,0,0,1,0,0,1,0,7,0.304,Intermediate,0
ISO-01872,Porcine,Livestock,🐷,Enterococcus faecium,Positive,Enterococcaceae,1,Moderate,2,Pig farm,Portugal,Unknown,3,0,0,0,0,0,0,2021,1,1,1,1,1,1,1,1,1,0,1,0,1,0,1,1,0,0,1,0,1,0,0,15,0.652,MDR,1
ISO-01873,Food,Environment,🥩,Salmonella spp.,Negative,Enterobacteriaceae,1,High,3,Slaughterhouse,United Kingdom,N/A,-1,0,0,0,0,0,0,2018,1,0,0,1,0,1,0,0,0,0,0,1,0,0,0,0,0,0,1,0,0,0,0,5,0.217,Intermediate,0
ISO-01874,Food,Environment,🥩,Salmonella spp.,Negative,Enterobacteriaceae,1,High,3,Slaughterhouse,Spain,N/A,-1,0,0,1,0,0,0,2020,1,1,1,1,1,1,1,1,0,0,0,1,0,0,0,0,0,0,0,0,0,0,0,9,0.391,Intermediate,0
ISO-01875,Water,Environment,💧,Escherichia coli,Negative,Enterobacteriaceae,1,High,3,Drinking water,Spain,N/A,-1,0,0,0,0,0,0,2022,0,0,0,0,0,0,1,0,0,0,0,1,0,0,0,1,0,0,1,0,0,1,0,5,0.217,Intermediate,0
ISO-01876,Wild Bird,Wildlife,🦅,Salmonella spp.,Negative,Enterobacteriaceae,1,High,3,Wildlife rescue,Germany,Unknown,0,0,0,0,0,0,0,2024,1,0,0,1,1,0,0,0,0,0,0,0,1,1,0,0,0,0,1,0,0,0,0,6,0.261,Intermediate,0
ISO-01877,Human,Human,🧑,Acinetobacter baumannii,Negative,Moraxellaceae,0,Low,1,Community,Netherlands,Female,62,1,1,0,0,0,0,2022,1,1,1,1,1,1,1,0,1,1,1,1,0,0,1,1,1,1,1,1,0,0,1,18,0.783,MDR,1
ISO-01878,Bovine,Livestock,🐄,Klebsiella pneumoniae,Negative,Enterobacteriaceae,1,Moderate,2,Beef farm,France,Unknown,0,0,0,1,0,0,0,2017,1,0,0,1,1,1,1,1,0,0,0,1,0,0,1,0,0,0,1,0,0,0,0,9,0.391,Intermediate,0
ISO-01879,Poultry,Livestock,🐔,Escherichia coli,Negative,Enterobacteriaceae,1,High,3,Abattoir,Portugal,Unknown,3,0,0,0,0,0,0,2022,0,0,0,0,0,1,0,0,0,0,0,1,0,0,0,1,0,1,0,0,0,1,0,5,0.217,Intermediate,0
ISO-01880,Poultry,Livestock,🐔,Enterococcus faecalis,Positive,Enterococcaceae,1,Low,1,Abattoir,Brazil,Unknown,3,1,0,0,0,0,0,2023,0,0,1,1,1,1,1,1,1,1,1,1,0,1,0,1,0,0,1,0,1,1,0,15,0.652,MDR,1
ISO-01881,Poultry,Livestock,🐔,Pasteurella multocida,Negative,Pasteurellaceae,1,Moderate,2,Broiler farm,Netherlands,Female,0,0,0,0,0,0,0,2022,1,1,0,0,0,0,0,0,0,0,0,1,1,0,0,0,0,0,0,0,0,1,0,5,0.217,Intermediate,0
ISO-01882,Canine,Companion,🐕,Pseudomonas aeruginosa,Negative,Pseudomonadaceae,0,Low,1,Veterinary clinic,Italy,Female,0,0,0,0,0,0,0,2016,1,1,1,1,1,0,0,0,0,0,1,0,1,0,0,0,1,1,1,0,0,1,1,12,0.522,MDR,1
ISO-01883,Porcine,Livestock,🐷,Enterococcus faecium,Positive,Enterococcaceae,1,Moderate,2,Veterinary clinic,USA,Unknown,1,0,0,0,0,0,0,2019,1,0,1,1,1,1,1,1,1,1,1,1,1,0,0,1,0,0,1,0,1,0,0,15,0.652,MDR,1
ISO-01884,Equine,Companion,🐎,Escherichia coli,Negative,Enterobacteriaceae,1,High,3,Racing stable,Germany,Female,5,1,0,0,0,0,0,2017,1,1,0,0,1,0,0,0,0,0,0,0,0,0,1,0,0,0,1,0,0,0,0,5,0.217,Intermediate,0
ISO-01885,Bovine,Livestock,🐄,Enterococcus faecium,Positive,Enterococcaceae,1,Moderate,2,Beef farm,USA,Unknown,9,1,0,0,0,0,0,2020,1,1,1,1,1,1,1,1,1,1,1,0,1,1,1,1,0,0,1,0,1,0,1,18,0.783,MDR,1
ISO-01886,Bovine,Livestock,🐄,Enterococcus faecium,Positive,Enterococcaceae,1,Moderate,2,Veterinary clinic,Spain,Male,0,1,0,0,0,0,0,2018,1,1,0,1,1,1,1,1,0,1,1,1,1,0,0,0,1,1,0,0,1,1,0,15,0.652,MDR,1
ISO-01887,Human,Human,🧑,Salmonella spp.,Negative,Enterobacteriaceae,1,High,3,Community,USA,Male,30,0,0,0,0,0,0,2017,0,0,1,0,0,0,0,0,0,0,1,0,0,0,0,0,0,0,0,0,0,0,0,2,0.087,Intermediate,0
ISO-01888,Human,Human,🧑,Campylobacter jejuni,Negative,Campylobacteraceae,1,Very High,4,Community,Netherlands,Female,19,1,0,0,0,0,0,2023,0,0,0,1,1,1,1,1,0,0,0,0,1,0,1,0,0,0,1,0,0,0,0,8,0.348,Intermediate,0
ISO-01889,Wild Boar,Wildlife,🐗,Salmonella spp.,Negative,Enterobacteriaceae,1,High,3,Nature reserve,Italy,Male,1,0,0,0,0,0,0,2015,1,0,0,0,0,0,0,0,0,0,0,0,1,1,0,0,0,0,0,0,0,0,0,3,0.13,Intermediate,0
ISO-01890,Porcine,Livestock,🐷,Pasteurella multocida,Negative,Pasteurellaceae,1,Moderate,2,Pig farm,France,Female,14,1,0,0,0,0,0,2022,0,1,1,1,0,0,0,0,0,1,0,0,0,0,0,0,0,0,1,0,1,0,1,7,0.304,Intermediate,0
ISO-01891,Human,Human,🧑,Escherichia coli,Negative,Enterobacteriaceae,1,High,3,Community,Italy,Female,26,0,0,0,0,0,0,2020,1,0,0,0,0,0,1,0,0,0,0,1,0,0,0,0,0,0,0,0,0,0,0,3,0.13,Intermediate,0
ISO-01892,Equine,Companion,🐎,Mannheimia haemolytica,Negative,Pasteurellaceae,0,Negligible,0,Equine clinic,Netherlands,Male,3,0,0,0,0,0,0,2024,0,0,0,0,1,0,0,0,0,0,0,0,1,0,0,0,0,0,1,0,0,0,0,3,0.13,Intermediate,0
ISO-01893,Poultry,Livestock,🐔,Campylobacter jejuni,Negative,Campylobacteraceae,1,Very High,4,Layer farm,Italy,Male,20,1,0,0,0,0,0,2020,1,0,1,1,1,1,1,1,1,0,0,1,1,1,0,0,0,0,1,0,0,0,0,12,0.522,MDR,1
ISO-01894,Human,Human,🧑,Campylobacter jejuni,Negative,Campylobacteraceae,1,Very High,4,Community,United Kingdom,Male,32,0,0,0,0,0,0,2024,0,0,1,1,1,0,0,1,0,0,0,1,0,0,0,0,0,0,1,0,0,0,0,6,0.261,Intermediate,0
ISO-01895,Bovine,Livestock,🐄,Enterococcus faecalis,Positive,Enterococcaceae,1,Low,1,Veterinary clinic,United Kingdom,Male,3,1,1,0,0,0,0,2017,1,1,0,1,1,1,1,1,1,1,1,0,1,1,1,1,0,0,0,0,1,0,0,15,0.652,MDR,1
ISO-01896,Human,Human,🧑,Staphylococcus pseudintermedius,Positive,Staphylococcaceae,1,Low,1,Community,Portugal,Male,71,0,0,0,0,0,0,2024,0,0,1,0,1,1,0,1,0,0,0,0,1,1,0,1,0,0,1,0,1,1,0,10,0.435,Intermediate,0
ISO-01897,Canine,Companion,🐕,Enterococcus faecium,Positive,Enterococcaceae,1,Moderate,2,Animal shelter,Poland,Female,13,0,0,0,0,0,0,2015,1,1,1,1,1,1,1,1,1,1,1,0,0,0,0,1,1,1,0,0,1,0,0,15,0.652,MDR,1
ISO-01898,Human,Human,🧑,Enterococcus faecium,Positive,Enterococcaceae,1,Moderate,2,Community,Poland,Female,61,0,0,0,0,0,0,2017,1,1,1,1,1,1,1,1,1,0,1,1,0,1,1,1,1,0,1,0,1,1,0,18,0.783,MDR,1
ISO-01899,Human,Human,🧑,Enterococcus faecium,Positive,Enterococcaceae,1,Moderate,2,Hospital,South Africa,Male,55,0,1,0,0,0,0,2021,1,0,1,1,1,1,1,1,1,1,1,1,1,0,0,0,0,1,1,1,1,1,1,18,0.783,MDR,1
ISO-01900,Human,Human,🧑,Staphylococcus pseudintermedius,Positive,Staphylococcaceae,1,Low,1,Community,Spain,Female,86,1,0,0,0,0,0,2022,1,0,0,0,0,1,0,0,0,0,0,0,1,0,0,1,0,0,0,0,1,0,0,5,0.217,Intermediate,0
ISO-01901,Canine,Companion,🐕,Escherichia coli,Negative,Enterobacteriaceae,1,High,3,Animal shelter,Italy,Female,4,1,0,0,0,0,0,2021,1,0,0,0,1,1,0,0,0,0,0,1,1,0,0,0,0,0,0,0,0,0,0,5,0.217,Intermediate,0
ISO-01902,Human,Human,🧑,Staphylococcus pseudintermedius,Positive,Staphylococcaceae,1,Low,1,Hospital,United Kingdom,Female,74,0,0,0,0,0,0,2023,0,0,0,0,0,1,0,0,0,0,0,0,1,0,0,0,0,0,0,0,1,0,0,3,0.13,Intermediate,0
ISO-01903,Wild Boar,Wildlife,🐗,Salmonella spp.,Negative,Enterobacteriaceae,1,High,3,Nature reserve,Germany,Female,0,1,0,0,0,0,0,2024,1,1,0,0,0,1,0,0,0,0,0,0,1,0,0,0,1,0,0,0,0,0,0,5,0.217,Intermediate,0
ISO-01904,Human,Human,🧑,Enterobacter cloacae,Negative,Enterobacteriaceae,0,Low,1,Long-term care,Germany,Male,55,0,0,0,0,0,0,2022,1,1,1,1,1,1,0,0,0,0,0,0,0,1,0,0,0,0,0,0,0,1,0,8,0.348,Intermediate,0
ISO-01905,Canine,Companion,🐕,Enterococcus faecalis,Positive,Enterococcaceae,1,Low,1,Home,Brazil,Female,2,0,0,0,0,0,0,2024,0,0,0,1,1,1,1,1,0,0,1,0,0,0,0,1,0,0,0,0,1,0,1,9,0.391,Intermediate,0
ISO-01906,Porcine,Livestock,🐷,Salmonella spp.,Negative,Enterobacteriaceae,1,High,3,Pig farm,Italy,Female,1,0,0,0,0,0,0,2018,0,0,0,0,0,0,0,0,0,0,0,1,0,0,0,0,0,0,1,0,0,1,0,3,0.13,Intermediate,0
ISO-01907,Porcine,Livestock,🐷,Clostridioides difficile,Positive,Clostridiaceae,1,Moderate,2,Veterinary clinic,Netherlands,Unknown,9,0,0,0,0,0,0,2018,1,1,1,1,1,1,1,1,0,0,0,0,0,1,0,0,0,0,1,0,0,0,0,10,0.435,Intermediate,0
ISO-01908,Human,Human,🧑,Clostridioides difficile,Positive,Clostridiaceae,1,Moderate,2,Long-term care,South Africa,Male,75,0,0,0,0,0,0,2024,1,1,1,1,1,1,1,1,0,0,1,0,0,0,0,0,0,0,1,0,0,0,0,10,0.435,Intermediate,0
ISO-01909,Wild Bird,Wildlife,🦅,Campylobacter jejuni,Negative,Campylobacteraceae,1,Very High,4,Wildlife rescue,Spain,Unknown,6,0,0,0,0,0,0,2017,0,1,0,1,1,0,0,1,0,0,0,0,1,0,1,0,0,0,0,0,0,0,0,6,0.261,Intermediate,0
ISO-01910,Water,Environment,💧,Enterobacter cloacae,Negative,Enterobacteriaceae,0,Low,1,River,Italy,N/A,-1,0,0,0,0,0,0,2018,1,1,0,1,1,1,0,0,0,0,0,0,0,0,0,0,0,0,0,0,0,0,0,5,0.217,Intermediate,0
ISO-01911,Human,Human,🧑,Salmonella spp.,Negative,Enterobacteriaceae,1,High,3,Community,Italy,Female,49,1,0,0,0,0,0,2022,0,1,0,1,1,0,0,1,0,0,0,1,0,1,0,0,0,0,0,0,1,0,0,7,0.304,Intermediate,0
ISO-01912,Human,Human,🧑,Staphylococcus pseudintermedius,Positive,Staphylococcaceae,1,Low,1,Long-term care,Germany,Female,40,0,0,0,0,0,0,2016,1,0,0,1,0,0,0,1,0,0,0,0,1,0,0,0,0,0,1,1,1,0,0,7,0.304,Intermediate,0
ISO-01913,Water,Environment,💧,Salmonella spp.,Negative,Enterobacteriaceae,1,High,3,Drinking water,Netherlands,N/A,-1,0,0,0,0,0,0,2023,0,0,0,1,1,0,0,0,1,0,0,1,1,0,0,0,0,0,1,0,0,1,0,7,0.304,Intermediate,0
ISO-01914,Poultry,Livestock,🐔,Enterococcus faecium,Positive,Enterococcaceae,1,Moderate,2,Broiler farm,Germany,Unknown,9,1,0,0,0,0,0,2016,1,1,1,0,1,1,1,1,1,1,1,1,0,1,1,1,1,1,0,0,1,1,1,19,0.826,MDR,1
ISO-01915,Human,Human,🧑,Klebsiella pneumoniae,Negative,Enterobacteriaceae,1,Moderate,2,Community,United Kingdom,Female,95,1,0,0,0,0,0,2015,1,0,1,1,0,0,0,0,1,0,1,1,0,0,0,0,0,0,1,0,0,0,0,7,0.304,Intermediate,0
ISO-01916,Human,Human,🧑,Staphylococcus pseudintermedius,Positive,Staphylococcaceae,1,Low,1,Hospital,India,Male,79,0,1,0,0,0,0,2023,0,1,0,1,0,1,0,0,0,1,0,1,1,1,0,0,0,0,0,0,1,1,1,10,0.435,Intermediate,0
ISO-01917,Canine,Companion,🐕,Pseudomonas aeruginosa,Negative,Pseudomonadaceae,0,Low,1,Home,Germany,Female,2,0,0,0,0,0,0,2021,1,1,0,1,1,0,1,0,0,0,1,0,0,0,0,0,1,1,1,1,0,1,1,12,0.522,MDR,1
ISO-01918,Equine,Companion,🐎,Mannheimia haemolytica,Negative,Pasteurellaceae,0,Negligible,0,Equine clinic,Poland,Female,1,0,0,0,0,0,0,2018,0,1,0,0,0,0,0,0,0,0,0,1,0,0,0,0,0,0,0,0,0,0,0,2,0.087,Intermediate,0
ISO-01919,Canine,Companion,🐕,Klebsiella pneumoniae,Negative,Enterobacteriaceae,1,Moderate,2,Veterinary clinic,Portugal,Male,2,0,0,0,0,0,0,2015,1,1,0,0,0,0,0,1,0,0,0,1,1,0,0,0,0,0,0,0,0,0,0,5,0.217,Intermediate,0
ISO-01920,Soil,Environment,🌱,Acinetobacter baumannii,Negative,Moraxellaceae,0,Low,1,Agricultural field,Italy,N/A,-1,0,0,0,0,0,0,2019,1,1,0,1,1,1,1,1,1,0,1,0,0,1,0,0,1,1,0,0,0,1,1,14,0.609,MDR,1
ISO-01921,Poultry,Livestock,🐔,Enterococcus faecalis,Positive,Enterococcaceae,1,Low,1,Broiler farm,Netherlands,Male,0,0,0,0,0,0,0,2020,0,0,0,1,1,1,1,1,0,1,1,0,0,0,0,1,1,0,1,0,1,1,0,12,0.522,MDR,1
ISO-01922,Bovine,Livestock,🐄,Klebsiella pneumoniae,Negative,Enterobacteriaceae,1,Moderate,2,Veterinary clinic,India,Male,5,1,0,1,0,0,0,2016,1,1,1,1,1,1,1,1,0,0,1,1,0,1,0,0,0,0,1,0,0,0,0,12,0.522,MDR,1
ISO-01923,Porcine,Livestock,🐷,Pasteurella multocida,Negative,Pasteurellaceae,1,Moderate,2,Pig farm,USA,Unknown,12,1,0,0,0,0,0,2015,0,0,1,1,1,0,0,0,0,0,1,0,1,0,1,0,0,0,1,0,1,0,0,8,0.348,Intermediate,0
ISO-01924,Bovine,Livestock,🐄,Klebsiella pneumoniae,Negative,Enterobacteriaceae,1,Moderate,2,Veterinary clinic,Italy,Unknown,2,1,0,0,0,0,0,2020,1,1,0,0,1,1,0,0,1,0,1,0,0,0,1,0,0,0,1,0,0,0,0,8,0.348,Intermediate,0
ISO-01925,Human,Human,🧑,Pasteurella multocida,Negative,Pasteurellaceae,1,Moderate,2,Community,United Kingdom,Male,88,0,0,0,0,0,0,2017,0,1,0,0,0,0,0,0,0,0,0,0,0,0,0,0,0,0,0,0,0,0,0,1,0.043,Intermediate,0
ISO-01926,Human,Human,🧑,Klebsiella pneumoniae,Negative,Enterobacteriaceae,1,Moderate,2,Hospital,Italy,Female,46,1,0,0,0,0,0,2024,1,1,0,1,1,1,1,0,1,0,1,0,1,1,0,0,0,0,0,0,0,0,0,10,0.435,Intermediate,0
ISO-01927,Bovine,Livestock,🐄,Klebsiella pneumoniae,Negative,Enterobacteriaceae,1,Moderate,2,Veterinary clinic,Netherlands,Unknown,1,0,0,0,0,0,0,2020,1,1,0,1,0,1,0,0,0,1,1,0,1,0,0,0,0,0,1,0,1,0,0,9,0.391,Intermediate,0
ISO-01928,Feline,Companion,🐈,Staphylococcus aureus,Positive,Staphylococcaceae,1,Moderate,2,Veterinary clinic,South Africa,Male,0,0,0,0,0,0,0,2020,1,1,0,0,0,0,0,0,0,0,0,0,0,0,0,0,0,0,1,0,1,0,0,4,0.174,Intermediate,0
ISO-01929,Human,Human,🧑,Enterococcus faecium,Positive,Enterococcaceae,1,Moderate,2,Community,Brazil,Female,64,1,0,0,0,0,0,2018,1,1,0,1,1,1,1,1,0,0,1,0,1,1,1,1,0,0,1,1,1,0,0,15,0.652,MDR,1
ISO-01930,Porcine,Livestock,🐷,Escherichia coli,Negative,Enterobacteriaceae,1,High,3,Pig farm,Poland,Unknown,3,0,1,1,0,0,0,2020,1,1,0,1,1,1,1,1,1,0,1,1,0,0,0,0,0,0,0,0,0,1,0,11,0.478,Intermediate,0
ISO-01931,Canine,Companion,🐕,Campylobacter jejuni,Negative,Campylobacteraceae,1,Very High,4,Veterinary clinic,USA,Female,8,0,0,0,0,0,0,2019,0,1,1,0,1,0,1,1,0,0,0,1,0,0,0,0,0,0,1,0,0,0,0,7,0.304,Intermediate,0
ISO-01932,Canine,Companion,🐕,Pseudomonas aeruginosa,Negative,Pseudomonadaceae,0,Low,1,Home,India,Female,4,0,0,0,0,0,0,2023,1,1,1,1,1,1,1,0,0,1,1,1,0,0,1,0,1,1,1,1,0,1,1,17,0.739,MDR,1
ISO-01933,Wild Bird,Wildlife,🦅,Escherichia coli,Negative,Enterobacteriaceae,1,High,3,Wildlife rescue,India,Unknown,3,0,0,0,0,0,0,2017,1,0,0,1,1,0,0,0,0,0,0,0,1,0,0,0,0,0,0,0,0,0,0,4,0.174,Intermediate,0
ISO-01934,Wild Bird,Wildlife,🦅,Escherichia coli,Negative,Enterobacteriaceae,1,High,3,Wildlife rescue,South Africa,Unknown,2,0,0,0,0,0,0,2021,1,1,0,0,0,0,1,0,0,1,0,0,0,0,0,0,0,0,0,0,0,0,0,4,0.174,Intermediate,0
ISO-01935,Feline,Companion,🐈,Klebsiella pneumoniae,Negative,Enterobacteriaceae,1,Moderate,2,Home,Italy,Male,9,0,1,0,0,0,0,2024,1,1,1,1,0,0,1,0,0,0,0,0,0,0,0,1,0,0,1,0,0,0,1,8,0.348,Intermediate,0
ISO-01936,Human,Human,🧑,Enterococcus faecalis,Positive,Enterococcaceae,1,Low,1,Long-term care,France,Female,61,0,0,0,0,0,0,2016,0,0,0,1,1,0,1,1,0,0,1,1,0,0,0,0,0,0,0,0,1,1,0,8,0.348,Intermediate,0
ISO-01937,Porcine,Livestock,🐷,Staphylococcus aureus,Positive,Staphylococcaceae,1,Moderate,2,Veterinary clinic,India,Female,0,1,0,0,0,0,0,2021,1,1,0,0,1,1,0,1,0,0,0,1,0,0,0,0,0,0,1,0,1,0,0,8,0.348,Intermediate,0
ISO-01938,Canine,Companion,🐕,Staphylococcus aureus,Positive,Staphylococcaceae,1,Moderate,2,Veterinary clinic,Spain,Female,12,0,0,0,0,0,0,2022,1,1,0,1,0,0,0,0,0,0,0,1,0,0,1,0,0,0,0,0,1,0,0,6,0.261,Intermediate,0
ISO-01939,Human,Human,🧑,Pasteurella multocida,Negative,Pasteurellaceae,1,Moderate,2,Hospital,Netherlands,Female,14,1,0,0,0,0,0,2018,0,1,0,0,0,0,0,1,0,0,0,0,0,0,0,0,0,0,1,0,0,1,0,4,0.174,Intermediate,0
ISO-01940,Human,Human,🧑,Staphylococcus aureus,Positive,Staphylococcaceae,1,Moderate,2,Community,South Africa,Female,57,0,0,0,0,0,0,2021,1,0,0,0,0,0,1,1,0,0,0,0,0,0,1,1,0,0,0,0,1,0,0,6,0.261,Intermediate,0
ISO-01941,Human,Human,🧑,Enterococcus faecium,Positive,Enterococcaceae,1,Moderate,2,Community,United Kingdom,Male,60,0,0,0,0,0,0,2018,0,1,1,0,1,1,1,1,1,1,1,1,0,1,0,1,0,1,0,1,1,1,0,16,0.696,MDR,1
ISO-01942,Porcine,Livestock,🐷,Escherichia coli,Negative,Enterobacteriaceae,1,High,3,Pig farm,United Kingdom,Unknown,6,1,0,0,0,0,0,2019,1,0,0,1,1,1,0,0,0,0,0,0,0,0,1,1,0,0,0,1,0,0,0,7,0.304,Intermediate,0
ISO-01943,Porcine,Livestock,🐷,Salmonella spp.,Negative,Enterobacteriaceae,1,High,3,Abattoir,Portugal,Male,3,1,0,0,0,0,0,2023,0,0,1,0,0,0,0,0,0,0,0,0,0,0,0,0,1,0,1,0,0,0,0,3,0.13,Intermediate,0
ISO-01944,Human,Human,🧑,Campylobacter jejuni,Negative,Campylobacteraceae,1,Very High,4,Hospital,Italy,Male,54,1,0,0,0,0,0,2015,0,0,1,1,1,0,1,1,1,0,1,0,0,0,0,0,0,0,1,0,0,0,0,8,0.348,Intermediate,0
ISO-01945,Wild Boar,Wildlife,🐗,Escherichia coli,Negative,Enterobacteriaceae,1,High,3,Nature reserve,India,Female,1,1,0,0,0,0,0,2017,1,1,0,1,1,0,0,0,0,0,0,1,1,1,1,0,0,0,0,0,0,1,0,9,0.391,Intermediate,0
ISO-01946,Soil,Environment,🌱,Enterobacter cloacae,Negative,Enterobacteriaceae,0,Low,1,Urban soil,South Africa,N/A,-1,0,0,0,0,0,0,2020,0,1,0,1,1,0,1,0,0,0,0,1,0,1,0,0,0,0,0,1,0,0,0,7,0.304,Intermediate,0
ISO-01947,Human,Human,🧑,Enterococcus faecium,Positive,Enterococcaceae,1,Moderate,2,Hospital,South Africa,Female,41,0,0,0,0,0,1,2016,1,0,0,1,1,1,1,1,0,0,1,0,0,0,1,0,1,1,1,0,1,0,0,12,0.522,MDR,1
ISO-01948,Soil,Environment,🌱,Acinetobacter baumannii,Negative,Moraxellaceae,0,Low,1,Agricultural field,USA,N/A,-1,0,0,0,0,0,0,2024,1,1,0,1,1,0,1,1,0,1,0,1,1,1,0,0,1,1,1,0,0,1,1,15,0.652,MDR,1
ISO-01949,Human,Human,🧑,Pseudomonas aeruginosa,Negative,Pseudomonadaceae,0,Low,1,Hospital,United Kingdom,Male,57,0,0,0,0,0,0,2020,1,1,0,1,1,1,1,0,0,0,1,0,0,0,0,0,1,1,1,0,0,1,1,12,0.522,MDR,1
ISO-01950,Soil,Environment,🌱,Acinetobacter baumannii,Negative,Moraxellaceae,0,Low,1,Forest,India,N/A,-1,0,0,0,0,0,0,2022,1,1,0,1,1,0,1,1,1,1,1,0,1,0,1,1,1,1,0,1,0,0,1,16,0.696,MDR,1
ISO-01951,Soil,Environment,🌱,Acinetobacter baumannii,Negative,Moraxellaceae,0,Low,1,Urban soil,USA,N/A,-1,0,0,0,0,0,0,2019,1,1,0,1,1,1,1,1,0,1,1,1,0,1,0,0,1,1,0,0,0,1,1,15,0.652,MDR,1
ISO-01952,Human,Human,🧑,Clostridioides difficile,Positive,Clostridiaceae,1,Moderate,2,Hospital,France,Female,17,1,0,0,0,0,0,2023,1,1,0,1,1,1,0,1,0,1,0,1,0,0,0,1,0,0,0,0,0,0,0,9,0.391,Intermediate,0
ISO-01953,Wild Bird,Wildlife,🦅,Campylobacter jejuni,Negative,Campylobacteraceae,1,Very High,4,Wildlife rescue,India,Unknown,1,0,0,0,0,0,0,2017,1,1,0,1,1,0,1,1,0,0,0,0,0,0,0,0,0,0,1,0,0,0,0,7,0.304,Intermediate,0
ISO-01954,Food,Environment,🥩,Enterococcus faecium,Positive,Enterococcaceae,1,Moderate,2,Processing plant,France,N/A,-1,0,0,0,0,0,0,2018,1,0,1,1,1,1,1,1,1,1,1,1,0,1,1,1,0,0,0,0,1,0,1,16,0.696,MDR,1
ISO-01955,Water,Environment,💧,Salmonella spp.,Negative,Enterobacteriaceae,1,High,3,Drinking water,Brazil,N/A,-1,1,0,0,0,0,0,2016,1,1,0,0,1,0,0,0,0,1,0,0,0,0,0,0,0,0,1,0,1,0,0,6,0.261,Intermediate,0
ISO-01956,Food,Environment,🥩,Escherichia coli,Negative,Enterobacteriaceae,1,High,3,Retail,South Africa,N/A,-1,1,0,0,0,0,0,2015,1,1,1,0,1,0,0,0,0,1,1,1,0,1,0,1,0,1,0,0,0,0,1,11,0.478,Intermediate,0
ISO-01957,Poultry,Livestock,🐔,Staphylococcus aureus,Positive,Staphylococcaceae,1,Moderate,2,Broiler farm,United Kingdom,Unknown,2,1,0,0,0,0,0,2016,0,1,0,0,0,0,0,1,0,0,0,0,1,0,0,1,1,0,1,1,1,0,0,8,0.348,Intermediate,0
ISO-01958,Human,Human,🧑,Pasteurella multocida,Negative,Pasteurellaceae,1,Moderate,2,Community,Brazil,Female,58,0,0,0,0,0,0,2023,1,0,0,0,0,0,0,0,0,0,0,1,0,0,0,0,0,0,0,0,0,0,0,2,0.087,Intermediate,0
ISO-01959,Wild Boar,Wildlife,🐗,Salmonella spp.,Negative,Enterobacteriaceae,1,High,3,Hunting area,Italy,Male,3,1,0,0,0,0,0,2016,0,0,0,0,0,0,0,0,0,0,0,0,1,0,0,0,0,0,1,0,0,0,0,2,0.087,Intermediate,0
ISO-01960,Canine,Companion,🐕,Enterococcus faecalis,Positive,Enterococcaceae,1,Low,1,Animal shelter,France,Female,5,0,0,0,0,0,0,2021,0,0,0,1,1,1,1,1,0,0,1,0,0,0,1,0,0,0,1,0,1,0,0,9,0.391,Intermediate,0
ISO-01961,Canine,Companion,🐕,Enterococcus faecium,Positive,Enterococcaceae,1,Moderate,2,Home,Italy,Male,11,0,0,0,0,0,0,2015,1,1,0,1,1,1,1,1,0,1,0,1,0,1,0,0,0,0,1,1,1,0,0,13,0.565,MDR,1
ISO-01962,Porcine,Livestock,🐷,Escherichia coli,Negative,Enterobacteriaceae,1,High,3,Pig farm,Poland,Unknown,0,1,0,0,0,0,0,2022,0,0,0,1,1,1,0,0,1,0,0,1,0,0,1,0,0,1,0,0,0,1,0,8,0.348,Intermediate,0
ISO-01963,Poultry,Livestock,🐔,Enterococcus faecalis,Positive,Enterococcaceae,1,Low,1,Broiler farm,Italy,Female,0,0,0,0,0,0,0,2018,0,0,0,1,1,1,1,1,0,1,1,0,0,1,0,0,0,0,0,0,1,0,0,9,0.391,Intermediate,0
ISO-01964,Human,Human,🧑,Enterococcus faecalis,Positive,Enterococcaceae,1,Low,1,Hospital,Poland,Male,69,1,0,0,0,0,0,2021,0,0,0,1,1,1,1,1,1,0,1,1,0,1,1,0,0,0,0,0,1,0,0,11,0.478,Intermediate,0
ISO-01965,Equine,Companion,🐎,Klebsiella pneumoniae,Negative,Enterobacteriaceae,1,Moderate,2,Farm,Netherlands,Female,7,1,0,1,0,0,0,2018,1,1,1,1,1,1,1,1,0,1,0,1,0,0,1,0,0,0,1,0,0,1,0,13,0.565,MDR,1
ISO-01966,Human,Human,🧑,Enterococcus faecalis,Positive,Enterococcaceae,1,Low,1,Hospital,Spain,Male,93,1,0,0,0,0,0,2018,0,0,0,1,1,1,1,1,0,0,1,0,1,1,1,1,1,0,0,0,1,0,0,12,0.522,MDR,1
ISO-01967,Equine,Companion,🐎,Klebsiella pneumoniae,Negative,Enterobacteriaceae,1,Moderate,2,Equine clinic,United Kingdom,Male,2,0,0,0,0,0,0,2022,1,0,0,0,0,0,0,0,0,0,1,0,1,0,1,0,0,0,1,0,0,1,0,6,0.261,Intermediate,0
ISO-01968,Wild Boar,Wildlife,🐗,Clostridioides difficile,Positive,Clostridiaceae,1,Moderate,2,Hunting area,USA,Male,0,0,0,0,0,0,0,2022,1,1,0,1,1,1,0,1,0,0,0,0,1,0,1,0,0,0,1,0,0,0,0,9,0.391,Intermediate,0
ISO-01969,Porcine,Livestock,🐷,Pasteurella multocida,Negative,Pasteurellaceae,1,Moderate,2,Veterinary clinic,India,Unknown,4,1,0,0,0,0,0,2024,1,1,0,0,0,0,0,0,0,0,0,0,0,0,0,0,0,0,1,1,1,0,0,5,0.217,Intermediate,0
ISO-01970,Poultry,Livestock,🐔,Enterococcus faecalis,Positive,Enterococcaceae,1,Low,1,Layer farm,Poland,Female,3,0,0,0,0,0,0,2019,0,1,0,1,1,0,1,1,1,0,1,0,1,1,1,0,1,1,0,0,1,1,0,14,0.609,MDR,1
ISO-01971,Bovine,Livestock,🐄,Escherichia coli,Negative,Enterobacteriaceae,1,High,3,Veterinary clinic,South Africa,Female,0,1,0,0,0,0,0,2024,1,0,0,1,0,0,0,1,0,1,0,1,1,0,0,0,0,0,0,0,0,1,0,7,0.304,Intermediate,0
ISO-01972,Food,Environment,🥩,Escherichia coli,Negative,Enterobacteriaceae,1,High,3,Processing plant,France,N/A,-1,0,0,1,0,0,0,2015,1,0,0,1,1,1,1,1,0,0,0,0,0,0,0,0,0,0,1,0,0,1,0,8,0.348,Intermediate,0
ISO-01973,Equine,Companion,🐎,Acinetobacter baumannii,Negative,Moraxellaceae,0,Low,1,Equine clinic,Portugal,Male,9,0,0,0,0,0,0,2022,1,1,0,1,1,1,1,1,1,0,0,1,1,0,0,1,1,1,0,0,0,0,1,14,0.609,MDR,1
ISO-01974,Bovine,Livestock,🐄,Klebsiella pneumoniae,Negative,Enterobacteriaceae,1,Moderate,2,Dairy farm,Portugal,Female,4,0,0,0,0,0,0,2015,1,0,1,0,0,1,1,0,0,0,1,1,0,0,0,0,0,1,1,0,0,0,0,8,0.348,Intermediate,0
ISO-01975,Human,Human,🧑,Enterococcus faecium,Positive,Enterococcaceae,1,Moderate,2,Hospital,United Kingdom,Female,60,0,0,0,0,0,0,2018,1,1,0,1,1,1,1,1,0,1,1,0,1,0,1,1,0,0,1,0,1,0,0,14,0.609,MDR,1
ISO-01976,Human,Human,🧑,Pseudomonas aeruginosa,Negative,Pseudomonadaceae,0,Low,1,Long-term care,India,Female,46,0,0,0,0,0,0,2018,1,1,1,1,1,1,1,0,0,1,1,0,0,0,0,1,1,1,1,1,0,1,1,16,0.696,MDR,1
ISO-01977,Porcine,Livestock,🐷,Pasteurella multocida,Negative,Pasteurellaceae,1,Moderate,2,Veterinary clinic,Portugal,Male,8,1,0,0,0,0,0,2019,0,0,0,1,0,0,1,0,1,0,0,0,0,0,1,1,0,0,1,0,0,0,0,6,0.261,Intermediate,0
ISO-01978,Soil,Environment,🌱,Escherichia coli,Negative,Enterobacteriaceae,1,High,3,Forest,Italy,N/A,-1,0,0,0,0,0,0,2015,1,0,0,1,0,0,0,0,0,0,0,0,0,1,0,0,0,0,1,0,0,0,0,4,0.174,Intermediate,0
ISO-01979,Equine,Companion,🐎,Mannheimia haemolytica,Negative,Pasteurellaceae,0,Negligible,0,Racing stable,United Kingdom,Female,0,1,0,0,0,0,0,2021,1,0,0,0,0,0,0,0,0,0,1,0,0,0,0,1,0,0,1,0,0,0,0,4,0.174,Intermediate,0
ISO-01980,Human,Human,🧑,Pseudomonas aeruginosa,Negative,Pseudomonadaceae,0,Low,1,Long-term care,Germany,Female,71,1,0,0,0,0,0,2015,1,1,1,1,1,1,0,0,0,0,1,1,0,1,0,0,1,1,1,1,0,1,1,15,0.652,MDR,1
ISO-01981,Wild Boar,Wildlife,🐗,Escherichia coli,Negative,Enterobacteriaceae,1,High,3,Hunting area,Brazil,Female,3,0,0,0,0,0,0,2017,1,0,0,0,0,1,0,0,0,0,0,1,0,0,0,0,0,0,1,0,0,0,0,4,0.174,Intermediate,0
ISO-01982,Bovine,Livestock,🐄,Enterococcus faecium,Positive,Enterococcaceae,1,Moderate,2,Beef farm,Netherlands,Female,0,1,0,0,0,0,0,2022,1,1,1,1,1,1,1,1,1,1,1,1,0,1,1,0,0,0,0,1,1,0,0,16,0.696,MDR,1
ISO-01983,Wild Boar,Wildlife,🐗,Clostridioides difficile,Positive,Clostridiaceae,1,Moderate,2,Nature reserve,South Africa,Unknown,5,0,0,0,0,0,0,2015,1,1,1,1,1,1,1,1,0,0,1,0,1,0,0,0,0,0,0,1,0,0,0,11,0.478,Intermediate,0
ISO-01984,Human,Human,🧑,Campylobacter jejuni,Negative,Campylobacteraceae,1,Very High,4,Community,Netherlands,Female,75,0,0,0,0,0,0,2024,0,0,0,0,1,0,1,1,0,0,0,0,1,0,0,0,0,0,1,0,0,0,0,5,0.217,Intermediate,0
ISO-01985,Canine,Companion,🐕,Enterococcus faecium,Positive,Enterococcaceae,1,Moderate,2,Veterinary clinic,France,Female,9,0,0,0,0,0,0,2019,1,1,1,1,1,1,1,1,1,0,1,0,0,0,0,1,1,0,0,0,1,1,0,14,0.609,MDR,1
ISO-01986,Soil,Environment,🌱,Enterobacter cloacae,Negative,Enterobacteriaceae,0,Low,1,Urban soil,South Africa,N/A,-1,0,0,0,0,0,0,2020,1,1,0,1,1,0,1,0,1,0,0,0,0,0,0,0,0,0,0,0,0,0,0,6,0.261,Intermediate,0
ISO-01987,Human,Human,🧑,Escherichia coli,Negative,Enterobacteriaceae,1,High,3,Long-term care,Germany,Male,26,1,0,0,0,0,0,2016,0,0,0,0,0,1,0,0,0,0,1,1,0,1,0,0,0,0,0,0,0,0,0,4,0.174,Intermediate,0
ISO-01988,Feline,Companion,🐈,Klebsiella pneumoniae,Negative,Enterobacteriaceae,1,Moderate,2,Veterinary clinic,USA,Male,5,0,0,0,0,0,0,2018,1,0,1,0,0,0,1,0,0,0,0,0,0,1,0,0,0,0,1,0,0,1,0,6,0.261,Intermediate,0
ISO-01989,Food,Environment,🥩,Salmonella spp.,Negative,Enterobacteriaceae,1,High,3,Retail,Brazil,N/A,-1,1,0,0,0,0,0,2015,1,0,0,0,0,0,1,0,0,0,0,1,0,1,0,1,0,0,1,1,0,1,1,9,0.391,Intermediate,0
ISO-01990,Human,Human,🧑,Pseudomonas aeruginosa,Negative,Pseudomonadaceae,0,Low,1,Hospital,Poland,Female,61,0,0,0,0,0,0,2016,1,1,0,1,1,1,0,1,0,1,1,0,1,0,0,0,1,1,1,1,0,1,1,15,0.652,MDR,1
ISO-01991,Human,Human,🧑,Acinetobacter baumannii,Negative,Moraxellaceae,0,Low,1,Long-term care,United Kingdom,Male,81,1,0,0,0,0,0,2015,1,1,0,1,1,1,1,1,1,1,1,1,0,0,0,1,1,1,1,0,0,1,1,17,0.739,MDR,1
ISO-01992,Feline,Companion,🐈,Enterococcus faecalis,Positive,Enterococcaceae,1,Low,1,Animal shelter,Portugal,Female,11,0,0,0,0,0,0,2024,0,0,0,1,1,0,1,1,0,0,0,0,0,0,0,0,0,0,1,0,1,0,0,6,0.261,Intermediate,0
ISO-01993,Bovine,Livestock,🐄,Enterococcus faecium,Positive,Enterococcaceae,1,Moderate,2,Veterinary clinic,United Kingdom,Unknown,3,1,0,0,0,0,1,2023,1,1,1,1,1,1,1,1,1,0,1,0,1,0,0,1,1,1,0,0,1,0,0,15,0.652,MDR,1
ISO-01994,Human,Human,🧑,Enterococcus faecium,Positive,Enterococcaceae,1,Moderate,2,Hospital,USA,Female,57,1,0,0,0,0,0,2016,1,1,1,1,1,1,1,1,1,1,1,1,0,0,1,0,1,0,1,0,1,0,0,16,0.696,MDR,1
ISO-01995,Porcine,Livestock,🐷,Escherichia coli,Negative,Enterobacteriaceae,1,High,3,Abattoir,Poland,Male,0,0,0,0,0,0,0,2017,1,0,0,0,0,0,0,0,0,0,0,0,0,0,1,0,0,0,1,0,0,0,1,4,0.174,Intermediate,0
ISO-01996,Equine,Companion,🐎,Acinetobacter baumannii,Negative,Moraxellaceae,0,Low,1,Equine clinic,USA,Female,1,0,1,0,0,0,0,2020,1,1,1,1,1,1,1,0,1,1,1,0,1,1,0,1,1,1,1,0,1,1,1,19,0.826,MDR,1
ISO-01997,Bovine,Livestock,🐄,Salmonella spp.,Negative,Enterobacteriaceae,1,High,3,Dairy farm,Brazil,Unknown,4,0,0,0,0,0,0,2019,0,0,0,1,0,0,0,0,0,0,1,1,0,0,0,0,0,0,1,0,0,1,0,5,0.217,Intermediate,0
ISO-01998,Bovine,Livestock,🐄,Pasteurella multocida,Negative,Pasteurellaceae,1,Moderate,2,Beef farm,Netherlands,Unknown,4,1,0,0,0,0,0,2019,0,0,0,0,0,0,0,0,0,0,0,0,0,0,1,0,0,0,1,0,0,1,0,3,0.13,Intermediate,0
ISO-01999,Wild Boar,Wildlife,🐗,Escherichia coli,Negative,Enterobacteriaceae,1,High,3,Nature reserve,France,Unknown,7,0,0,0,0,0,0,2020,0,1,1,0,0,0,0,0,0,0,1,1,0,0,0,1,0,0,1,0,0,0,0,6,0.261,Intermediate,0
ISO-02000,Poultry,Livestock,🐔,Enterococcus faecium,Positive,Enterococcaceae,1,Moderate,2,Abattoir,Portugal,Female,0,1,0,0,0,0,1,2020,1,1,1,1,1,1,1,1,1,0,1,1,1,0,1,1,1,1,1,0,1,1,1,20,0.87,MDR,1
